alg,k,test_acc,test_acc_pi,C_pi,C_unif,mean_test_acc,min_test_acc,max_test_acc,min_train_loss,max_train_loss,rho2_k,gamma_k,beta_k,byz_w_k
RDSGD,0,0.7510389610389611,0.7510389610389611,0.1479845069938525,0.1479845069938526,0.5015151515151515,0.3386147186147186,0.5828571428571429,1.4789624897032065,2.0771012755019815,0.0019030777583337458,0.0,0.09756097560975371,0.030069930069930008
RDSGD,1,0.7921645021645022,0.7921645021645022,0.225218990392612,0.22521899039261217,0.5965800865800865,0.39090909090909093,0.6933333333333334,1.2396509111626444,1.878645031174971,0.0010752336952042185,0.0,0.04878048780487686,0.016083916083916034
RDSGD,2,0.804025974025974,0.804025974025974,0.2579615663688413,0.25796156636884154,0.6504210940574577,0.4662337662337662,0.7237229437229438,1.1512317687475915,1.7866908209509993,0.00039418123475280347,0.026315789473683515,0.02439024390243843,0.006993006993006949
RDSGD,3,0.8107359307359308,0.8107359307359308,0.27855501958771106,0.27855501958771145,0.6804132231404959,0.5213852813852814,0.7477489177489177,1.0405839629231106,1.733642535592488,0.000335870401209489,0.05263157894736703,0.02439024390243843,0.006993006993006949
RDSGD,4,0.8123809523809524,0.8123809523809524,0.29408547241392047,0.2940854724139209,0.6966942148760331,0.5462770562770562,0.7656709956709957,0.965785996591964,1.696771541658793,0.00028960253981838603,0.07894736842105055,0.02439024390243843,0.006993006993006949
RDSGD,5,0.816969696969697,0.816969696969697,0.30122695011584805,0.3012269501158484,0.7114246359700905,0.5370995670995671,0.7851082251082251,0.9317409490109514,1.662261298371582,0.0002522759902417941,0.07894736842105055,0.02439024390243843,0.006993006993006949
RDSGD,6,0.8215584415584416,0.8215584415584416,0.31289331634757145,0.3128933163475719,0.7201928374655646,0.5262770562770562,0.7921645021645022,0.9127288886315237,1.6447160820538231,0.0,0.07894736842105055,0.0,0.0
RDSGD,7,0.8238095238095238,0.8238095238095238,0.31918317322706746,0.31918317322706796,0.7263833136560409,0.5265367965367965,0.8002597402597402,0.9059389513078007,1.634986169055753,0.0,0.10526315789473406,0.0,0.0
RDSGD,8,0.8277489177489178,0.8277489177489178,0.3207606656398169,0.32076066563981737,0.731806375442739,0.534978354978355,0.8086147186147186,0.9072100963758363,1.6311536807650506,0.00029607390521432976,0.10526315789473406,0.02439024390243843,0.00909090909090909
RDSGD,9,0.8318614718614719,0.8318614718614719,0.32394445487996953,0.32394445487997003,0.7375009838646203,0.5354545454545454,0.8073160173160173,0.8978788107001936,1.6229065603982513,0.0,0.10526315789473406,0.0,0.0
RDSGD,10,0.8335930735930736,0.8335930735930736,0.3311222720869899,0.3311222720869905,0.7400826446280991,0.5406926406926407,0.8129004329004329,0.8930423960914663,1.6168493408286952,0.0,0.13157894736841758,0.0,0.0
RDSGD,11,0.8346320346320346,0.8346320346320346,0.33216847446677233,0.33216847446677294,0.7423258559622196,0.5432467532467532,0.8131168831168831,0.8905062410990894,1.6149974753181682,0.0,0.13157894736841758,0.0,0.0
RDSGD,12,0.8341125541125541,0.8341125541125541,0.331191617201381,0.33119161720138157,0.7446477764659583,0.5503463203463204,0.8118181818181818,0.8894745649756814,1.6186951657795896,0.0,0.13157894736841758,0.0,0.0
RDSGD,13,0.8331601731601732,0.8331601731601732,0.33142317828401324,0.3314231782840139,0.7464344746162926,0.5538961038961039,0.8108658008658008,0.8886983184249659,1.6186274714331337,0.0,0.13157894736841758,0.0,0.0
RDSGD,14,0.835930735930736,0.835930735930736,0.3377751356234444,0.3377751356234451,0.7480794962613143,0.5553246753246753,0.8113852813852814,0.8868060694900501,1.6146393345108712,0.0,0.13157894736841758,0.0,0.0
RDSGD,15,0.8376623376623377,0.8376623376623377,0.3295780641851278,0.3295780641851285,0.7515308933490753,0.5735497835497836,0.813030303030303,0.8928377070075595,1.6133320758242387,0.00018948729933717097,0.13157894736841758,0.02439024390243843,0.010101010101010098
RDSGD,16,0.8393939393939394,0.8393939393939394,0.32843690462626984,0.32843690462627056,0.7537662337662338,0.5724675324675325,0.8174458874458874,0.8911176314008562,1.6080084154817715,0.0,0.13157894736841758,0.0,0.0
RDSGD,17,0.8388311688311688,0.8388311688311688,0.32800794879495265,0.32800794879495343,0.7553955135773317,0.5734632034632035,0.8165800865800866,0.8900280660552838,1.6075691082632693,0.0,0.13157894736841758,0.0,0.0
RDSGD,18,0.8393073593073593,0.8393073593073593,0.32553030710635583,0.3255303071063565,0.7565092483274302,0.5751082251082251,0.8228138528138528,0.8880908468878169,1.6106487485553482,0.0,0.13157894736841758,0.0,0.0
RDSGD,19,0.839004329004329,0.839004329004329,0.32517675984439737,0.32517675984439814,0.7576269185360094,0.5789177489177489,0.8262770562770563,0.8870320528093212,1.6111938925136955,0.0,0.13157894736841758,0.0,0.0
RDSGD,20,0.8387878787878787,0.8387878787878787,0.3171199865148482,0.3171199865148489,0.7595985832349469,0.5801298701298702,0.8265367965367966,0.8858874522530629,1.605673440236981,0.00010658660587715862,0.13157894736841758,0.02439024390243843,0.009090909090909085
RDSGD,21,0.8396536796536797,0.8396536796536797,0.31531733642446863,0.31531733642446935,0.7606887052341598,0.581038961038961,0.8254112554112554,0.8845395527706503,1.6062892051193276,4.6241459656581976e-05,0.13157894736841758,0.02439024390243843,0.007575757575757593
RDSGD,22,0.8386147186147186,0.8386147186147186,0.3064977117008514,0.3064977117008521,0.7617709563164109,0.582943722943723,0.8247619047619048,0.8846988620708416,1.6055291333742692,5.543173613711318e-05,0.13157894736841758,0.02439024390243843,0.006993006993006973
RDSGD,23,0.8381385281385282,0.8381385281385282,0.30078019963021396,0.3007801996302147,0.7622550177095632,0.5844588744588745,0.8233333333333334,0.8844371348806971,1.605935948541625,0.0004143351419868314,0.13157894736841758,0.07317073170731528,0.026184926184926155
RDSGD,24,0.8372727272727273,0.8372727272727273,0.298561432818096,0.2985614328180967,0.7630263675718222,0.5856277056277056,0.8241125541125541,0.8851663730327867,1.6060844351053947,0.0,0.13157894736841758,0.0,0.0
RDSGD,25,0.8376190476190476,0.8376190476190476,0.29340183623596694,0.29340183623596755,0.7647697756788666,0.5906060606060606,0.8229004329004329,0.8848569143335845,1.6066885698254252,4.633640637094193e-05,0.13157894736841758,0.02439024390243843,0.006993006993006973
RDSGD,26,0.8374025974025974,0.8374025974025974,0.2894501745673293,0.2894501745673301,0.7652656434474617,0.5916450216450216,0.8255411255411256,0.8844638506669728,1.606506528316577,0.0004949085749194795,0.13157894736841758,0.09756097560975371,0.035275835275835256
RDSGD,27,0.8371861471861471,0.8371861471861471,0.28771612242427563,0.2877161224242763,0.7651751279024007,0.5927272727272728,0.8248484848484848,0.884927541463258,1.605378407870225,0.00010350897350751996,0.13157894736841758,0.04878048780487686,0.016666666666666677
RDSGD,28,0.8356277056277056,0.8356277056277056,0.28193858338710825,0.281938583387109,0.76629279811098,0.5957575757575757,0.8247619047619048,0.8845376913965686,1.6044690407693178,0.00033925508317218567,0.13157894736841758,0.09756097560975371,0.03527583527583524
RDSGD,29,0.8358441558441558,0.8358441558441558,0.28085740825114275,0.28085740825114347,0.7666706021251475,0.5976190476190476,0.8243722943722944,0.8851085564789123,1.609022014046189,0.0002021764491488302,0.13157894736841758,0.04878048780487686,0.01919191919191918
RDSGD,30,0.8352380952380952,0.8352380952380952,0.2716051533473081,0.27160515334730884,0.7685005903187722,0.6098268398268398,0.8253246753246753,0.890995826634249,1.6109316800222264,0.00028764989087415945,0.13157894736841758,0.09756097560975371,0.03628593628593625
RDSGD,31,0.8333766233766233,0.8333766233766233,0.2604596687307068,0.26045966873070747,0.7695631641086187,0.6118614718614719,0.8235497835497836,0.8917542916926834,1.609924466797806,0.0005193156583376102,0.13157894736841758,0.12195121951219214,0.042268842268842186
RDSGD,32,0.8325541125541126,0.8325541125541126,0.2511762124603414,0.251176212460342,0.7706336088154271,0.6132467532467533,0.8225974025974025,0.8919964490895314,1.6111152897422154,0.0005393049357456465,0.13157894736841758,0.14634146341463056,0.05135975135975127
RDSGD,33,0.8320779220779221,0.8320779220779221,0.24420942370808854,0.2442094237080892,0.7719283746556473,0.6147186147186147,0.8229870129870129,0.8924099320922714,1.6102014879408608,0.0002884652453601996,0.13157894736841758,0.09756097560975371,0.03527583527583522
RDSGD,34,0.8322077922077922,0.8322077922077922,0.24498428295558314,0.24498428295558383,0.7719441164895712,0.6170995670995671,0.8248917748917749,0.8923037172557393,1.609170964626009,0.00017142460815367127,0.13157894736841758,0.07317073170731528,0.028282828282828264
RDSGD,35,0.830952380952381,0.830952380952381,0.24498276872325575,0.2449827687232564,0.7713380558835105,0.6165800865800866,0.8220779220779221,0.8917930747473948,1.6124939526577937,0.00019011834465516858,0.1578947368421011,0.09756097560975371,0.03527583527583524
RDSGD,36,0.83004329004329,0.83004329004329,0.2349306038192795,0.23493060381928016,0.7725974025974026,0.625021645021645,0.8197402597402598,0.8968131739357084,1.6099113363415933,0.00032186675424216175,0.10526315789473406,0.14634146341463056,0.05135975135975129
RDSGD,37,0.8299134199134199,0.8299134199134199,0.23280347317530536,0.232803473175306,0.7724242424242423,0.6262770562770563,0.8173160173160173,0.8967344812730048,1.6099646560674992,0.000245030299674948,0.1578947368421011,0.12195121951219214,0.04226884226884221
RDSGD,38,0.8296969696969697,0.8296969696969697,0.22728739054309652,0.22728739054309716,0.7729240456513184,0.6348917748917748,0.8172727272727273,0.9010756617537172,1.6113729829077883,0.00019647545409777625,0.10526315789473406,0.12195121951219214,0.04436674436674433
RDSGD,39,0.827922077922078,0.827922077922078,0.2186422399160438,0.21864223991604442,0.7740377804014167,0.6428571428571429,0.8166233766233766,0.9060889225892939,1.610771718244756,0.00036742448542522474,0.13157894736841758,0.14634146341463056,0.05135975135975127
RDSGD,40,0.8280952380952381,0.8280952380952381,0.21525172369022225,0.21525172369022288,0.7750846123573396,0.6521212121212121,0.816926406926407,0.9111456337622176,1.6109409738412372,0.00023133718393395593,0.13157894736841758,0.14634146341463056,0.05135975135975132
RDSGD,41,0.8267532467532468,0.8267532467532468,0.2061802119257847,0.2061802119257853,0.7762691853600945,0.6593073593073593,0.8235497835497836,0.9157647237568585,1.6114292074018222,0.0006037379584559186,0.13157894736841758,0.2926829268292611,0.09867909867909858
RDSGD,42,0.8253679653679654,0.8253679653679654,0.1998249509520969,0.1998249509520975,0.7764344746162929,0.6645454545454546,0.8290909090909091,0.9199658264960144,1.6160137459128108,0.00037622545049663674,0.1578947368421011,0.21951219512194586,0.0750194250194249
RDSGD,43,0.8256277056277056,0.8256277056277056,0.19939870847218485,0.19939870847218547,0.7767375049193231,0.66995670995671,0.826060606060606,0.9235496876442761,1.615171030929246,0.00016953966818841298,0.1578947368421011,0.14634146341463056,0.05194250194250191
RDSGD,44,0.8254112554112554,0.8254112554112554,0.19887372960323857,0.19887372960323915,0.7768673750491932,0.6760173160173161,0.8224675324675325,0.9278646700396376,1.6163212877046154,0.00013046810088879486,0.1578947368421011,0.14634146341463056,0.05321395775941229
RDSGD,45,0.8229004329004329,0.8229004329004329,0.1913596121070248,0.19135961210702537,0.7773907910271547,0.6804329004329004,0.8294372294372294,0.9322735826887683,1.6251647206928561,0.00040893090730726074,0.1578947368421011,0.26829268292682273,0.09110334110334099
RDSGD,46,0.8224242424242424,0.8224242424242424,0.18932149457369782,0.1893214945736984,0.7777056277056278,0.6857575757575758,0.827012987012987,0.9372715312344031,1.6281365734880584,0.00013151008455794403,0.1578947368421011,0.170731707317069,0.06103341103341099
RDSGD,47,0.8224675324675325,0.8224675324675325,0.18822252258814776,0.18822252258814837,0.7777449822904369,0.6894372294372294,0.8273160173160173,0.9405841472858647,1.6296801845456617,0.00015097541102629565,0.1578947368421011,0.19512195121950743,0.06802641802641796
RDSGD,48,0.8213419913419914,0.8213419913419914,0.18776156187383194,0.1877615618738325,0.7778079496261315,0.6937662337662338,0.8234199134199134,0.9451030409228625,1.6325977738074782,0.00012821391272805754,0.1578947368421011,0.170731707317069,0.06103341103341099
RDSGD,49,0.8227272727272728,0.8227272727272728,0.1893387356400634,0.18933873564006398,0.7778669815033452,0.6961904761904761,0.8209090909090909,0.9490684122205003,1.6306412212227828,0.00011480720535675271,0.1578947368421011,0.14634146341463056,0.05194250194250191
RDSGD,50,0.8219913419913419,0.8219913419913419,0.18765536970567956,0.18765536970568014,0.7781503345139709,0.6993506493506494,0.8173593073593074,0.9520744452453422,1.6343706831912668,0.0001194140041964772,0.1578947368421011,0.170731707317069,0.06103341103341095
RDSGD,51,0.82,0.82,0.17822721957271376,0.1782272195727143,0.7790909090909092,0.7029004329004329,0.8238528138528138,0.9560841966634311,1.6383538152429664,0.0002972264374091292,0.1578947368421011,0.24390243902438427,0.0884809634809633
RDSGD,52,0.8195670995670996,0.8195670995670996,0.1765026378692794,0.17650263786927994,0.7792640692640692,0.7061471861471862,0.8246320346320346,0.9597860046475811,1.6420638096876032,0.00014375931945308758,0.1578947368421011,0.19512195121950743,0.06802641802641796
RDSGD,53,0.819047619047619,0.819047619047619,0.17406601608097375,0.1740660160809743,0.7795001967729239,0.708917748917749,0.8227705627705628,0.9635706028535673,1.6441510706059503,0.00012547050475015945,0.1578947368421011,0.170731707317069,0.0654040404040403
RDSGD,54,0.8174025974025974,0.8174025974025974,0.16869643469012385,0.16869643469012438,0.7801416765053127,0.7112554112554113,0.8274025974025974,0.9669640953750781,1.6462033277153718,0.000271042544893941,0.1578947368421011,0.24390243902438427,0.084110334110334
RDSGD,55,0.8176623376623376,0.8176623376623376,0.16835799341787688,0.1683579934178774,0.7802282565918929,0.7137229437229438,0.826969696969697,0.9699377650854644,1.6485062549365788,0.00012050160293889016,0.1578947368421011,0.19512195121950743,0.06802641802641796
RDSGD,56,0.8154978354978355,0.8154978354978355,0.1602362425289588,0.16023624252895932,0.7813813459268004,0.716017316017316,0.829047619047619,0.97260997802746,1.6492394730183264,0.00025606282308526557,0.1578947368421011,0.2926829268292611,0.10246697746697728
RDSGD,57,0.8145454545454546,0.8145454545454546,0.155614688104155,0.15561468810415546,0.7816607634789452,0.7175757575757575,0.8310822510822511,0.9766449392088196,1.6496720858919307,0.00018380133026179728,0.1578947368421011,0.24390243902438427,0.08638306138306123
RDSGD,58,0.8127705627705628,0.8127705627705628,0.14944767680647505,0.1494476768064755,0.782302243211334,0.71991341991342,0.830952380952381,0.9796474173144272,1.6527816473102803,0.00021159359582797633,0.1842105263157846,0.26829268292682273,0.09547397047397031
RDSGD,59,0.8104329004329004,0.8104329004329004,0.14055661372653036,0.14055661372653083,0.7831444313262496,0.7213419913419914,0.8353679653679653,0.9818984184981798,1.6545962839407704,0.00028406009610634585,0.1578947368421011,0.2926829268292611,0.10456487956487934
RDSGD,60,0.8090909090909091,0.8090909090909091,0.13587982676251287,0.13587982676251328,0.7833766233766233,0.7225108225108225,0.8345887445887445,0.9854963367145869,1.6574357746387733,0.00015523536587242756,0.1578947368421011,0.19512195121950743,0.07029914529914513
RDSGD,61,0.8075324675324675,0.8075324675324675,0.13152064389042958,0.13152064389042994,0.784029909484455,0.7245454545454545,0.8344588744588745,0.9888668492852275,1.655128155192884,0.00013103301751902076,0.1578947368421011,0.14634146341463056,0.05363247863247848
RDSGD,62,0.8066666666666666,0.8066666666666666,0.12818499181887993,0.1281849918188803,0.78448248720976,0.7263203463203464,0.8334632034632035,0.9927251079091586,1.6549039672862793,0.00012896016509388665,0.1578947368421011,0.14634146341463056,0.05363247863247848
RDSGD,63,0.8055411255411256,0.8055411255411256,0.12305833878410165,0.12305833878410201,0.7850137741046832,0.7270995670995671,0.8367099567099567,0.995902173377026,1.6551818378860148,0.00018407237528304465,0.13157894736841758,0.19512195121950743,0.07181429681429663
RDSGD,64,0.8053246753246753,0.8053246753246753,0.12081103992446791,0.12081103992446826,0.7851672569854388,0.7282683982683983,0.8363203463203464,0.9978332941650565,1.653269531356871,0.00011915301911551533,0.13157894736841758,0.14634146341463056,0.05363247863247848
RDSGD,65,0.8034632034632034,0.8034632034632034,0.1155098637297205,0.1155098637297208,0.7860133805588351,0.7294805194805195,0.8385714285714285,1.000827833666698,1.653900726987313,0.00016167592773250666,0.13157894736841758,0.19512195121950743,0.06971639471639456
RDSGD,66,0.8025541125541126,0.8025541125541126,0.11283870819573918,0.11283870819573952,0.7862101534828807,0.7306493506493507,0.8387445887445888,1.0036240881072693,1.6550876816005347,0.00012350812060070516,0.1842105263157846,0.170731707317069,0.06272338772338758
RDSGD,67,0.801991341991342,0.801991341991342,0.10967965689824845,0.10967965689824873,0.786788665879575,0.7324675324675325,0.8396103896103896,1.0065289315832904,1.657769301554352,0.00014357428684872673,0.13157894736841758,0.170731707317069,0.060625485625485455
RDSGD,68,0.8018614718614718,0.8018614718614718,0.1076017261762854,0.1076017261762857,0.7871664698937426,0.7338961038961039,0.84,1.0086017939657062,1.6570741233458977,0.00011554029241168564,0.13157894736841758,0.170731707317069,0.06272338772338758
RDSGD,69,0.8008658008658008,0.8008658008658008,0.10622284265248373,0.10622284265248404,0.7876623376623375,0.7350649350649351,0.8392640692640693,1.0113119798773067,1.6570980051163162,0.00011829824864829886,0.1842105263157846,0.170731707317069,0.06272338772338758
RDSGD,70,0.8004329004329004,0.8004329004329004,0.10528609051287138,0.10528609051287166,0.7876702085792995,0.7355411255411255,0.8393939393939394,1.0139625706908502,1.6593887525178281,0.00010889991398802432,0.1578947368421011,0.170731707317069,0.06272338772338758
RDSGD,71,0.8003896103896104,0.8003896103896104,0.10485279838053116,0.10485279838053142,0.7878984651711926,0.7369696969696969,0.8386147186147186,1.0161618364486495,1.658867996151006,0.00010297543725278008,0.1842105263157846,0.14634146341463056,0.05363247863247848
RDSGD,72,0.7996103896103897,0.7996103896103897,0.10340932272604725,0.10340932272604754,0.7880834317197954,0.7376623376623377,0.8393073593073593,1.0183316989058362,1.6575154125383826,0.00010660595356918501,0.1578947368421011,0.170731707317069,0.06272338772338758
RDSGD,73,0.7991341991341991,0.7991341991341991,0.10080492064268229,0.10080492064268258,0.7887957497048407,0.7384848484848485,0.8415584415584415,1.0203497014935754,1.6586020386945455,0.00012207535899571702,0.1842105263157846,0.170731707317069,0.060625485625485455
RDSGD,74,0.7985281385281385,0.7985281385281385,0.09987438021210951,0.09987438021210976,0.7890318772136954,0.7393073593073594,0.8418614718614719,1.0221147267128785,1.6571580557144674,9.971353381090645e-05,0.1578947368421011,0.14634146341463056,0.05363247863247848
RDSGD,75,0.7979220779220779,0.7979220779220779,0.0980333194683439,0.09803331946834416,0.7892522628886265,0.7403030303030304,0.8429004329004329,1.023814604401423,1.6602688108634884,0.00011333971846138378,0.1842105263157846,0.19512195121950743,0.07029914529914515
RDSGD,76,0.7977056277056277,0.7977056277056277,0.09641474433300509,0.09641474433300534,0.7896025186934278,0.7403896103896104,0.8441558441558441,1.024979864873632,1.6619457478615027,0.00011040319809891628,0.1578947368421011,0.19512195121950743,0.07181429681429666
RDSGD,77,0.7954112554112555,0.7954112554112555,0.0940308428249704,0.09403084282497066,0.789228650137741,0.7403463203463203,0.8451948051948052,1.0261294552522724,1.666984931160186,0.00011225678952741405,0.13157894736841758,0.19512195121950743,0.07181429681429666
RDSGD,78,0.7938528138528138,0.7938528138528138,0.09057486454304729,0.09057486454304754,0.7890987800078709,0.7408225108225108,0.8449783549783549,1.027984958893624,1.667095693562116,0.00015749550861836767,0.13157894736841758,0.19512195121950743,0.07181429681429662
RDSGD,79,0.7926839826839827,0.7926839826839827,0.08683558846345621,0.08683558846345642,0.7891617473435656,0.7416017316017316,0.845930735930736,1.030625863315546,1.6684068817147033,0.00011903409337482954,0.13157894736841758,0.21951219512194586,0.07880730380730364
RDSGD,80,0.792034632034632,0.792034632034632,0.08381196330569053,0.08381196330569075,0.7891971664698937,0.7439393939393939,0.847012987012987,1.0368867297383417,1.668399892818499,8.505883068812939e-05,0.13157894736841758,0.14634146341463056,0.05363247863247848
RDSGD,81,0.7919047619047619,0.7919047619047619,0.08065357519129816,0.08065357519129836,0.7895356158992523,0.7461038961038962,0.8477922077922078,1.0433995663531157,1.6674296042265597,8.414104094801972e-05,0.13157894736841758,0.14634146341463056,0.05363247863247848
RDSGD,82,0.7907792207792208,0.7907792207792208,0.07765166591695462,0.07765166591695484,0.7898780007870918,0.7483116883116883,0.8486580086580087,1.0511872318204563,1.6695214097686513,9.870326432973114e-05,0.13157894736841758,0.19512195121950743,0.07181429681429666
RDSGD,83,0.7898268398268399,0.7898268398268399,0.0722997290068898,0.07229972900689,0.7902479338842976,0.7512554112554113,0.8496969696969697,1.0580941897737348,1.6703952165931473,0.00017256295586347723,0.13157894736841758,0.24390243902438427,0.08638306138306118
RDSGD,84,0.789047619047619,0.789047619047619,0.06728238795694691,0.06728238795694708,0.7905627705627706,0.7527705627705628,0.8506060606060606,1.064250852068345,1.6704305764674305,0.00016378118206280705,0.13157894736841758,0.24390243902438427,0.08638306138306118
RDSGD,85,0.787965367965368,0.787965367965368,0.0637468996161809,0.06374689961618106,0.7907556080283352,0.7551515151515151,0.8519047619047619,1.070189997608952,1.6737182107188096,0.00011489261783336766,0.13157894736841758,0.24390243902438427,0.08638306138306123
RDSGD,86,0.7877056277056277,0.7877056277056277,0.06164923446833634,0.061649234468336506,0.7910743801652892,0.7577489177489177,0.8520779220779221,1.0776392284173135,1.6745216084385148,8.792538846886917e-05,0.13157894736841758,0.19512195121950743,0.07029914529914516
RDSGD,87,0.7872294372294373,0.7872294372294373,0.05685430680123674,0.05685430680123689,0.7915859897678079,0.7599567099567099,0.8522510822510823,1.083901701892434,1.6730358806878267,0.00014083055821371426,0.10526315789473406,0.19512195121950743,0.06971639471639451
RDSGD,88,0.7866233766233767,0.7866233766233767,0.05464852615551524,0.054648526155515395,0.7918575364029908,0.7625974025974026,0.852034632034632,1.090078610427753,1.6779292425892693,0.00012416275292782787,0.13157894736841758,0.24390243902438427,0.08580031080031063
RDSGD,89,0.785974025974026,0.785974025974026,0.05166105924781931,0.05166105924781945,0.7922274695001967,0.7646753246753247,0.8521212121212122,1.0949879454695635,1.6848547403803216,0.00016248905878511017,0.13157894736841758,0.2926829268292611,0.10398212898212876
RDSGD,90,0.7848917748917749,0.7848917748917749,0.048472825498795516,0.04847282549879563,0.792125147579693,0.7660606060606061,0.8522510822510823,1.1002558683627401,1.6898023521984655,0.00014945784352541052,0.1578947368421011,0.2926829268292611,0.10456487956487934
RDSGD,91,0.7838961038961039,0.7838961038961039,0.04535940828047723,0.04535940828047734,0.792219598583235,0.7674458874458875,0.8525541125541125,1.1047546880919406,1.694705852112027,0.00015181800369765293,0.13157894736841758,0.2926829268292611,0.10304972804972784
RDSGD,92,0.7835497835497836,0.7835497835497836,0.043466321440554755,0.04346632144055487,0.7923888232979142,0.7693073593073593,0.8526839826839827,1.1099702354842864,1.6975788433478594,0.00011140226101097594,0.13157894736841758,0.31707317073169955,0.11004273504273486
RDSGD,93,0.7832900432900433,0.7832900432900433,0.04166646236059089,0.041666462360591,0.7924085005903188,0.7714718614718614,0.8527272727272728,1.1152402153952639,1.6993025491055336,9.119451812530107e-05,0.13157894736841758,0.2926829268292611,0.10304972804972788
RDSGD,94,0.7830303030303031,0.7830303030303031,0.04025980705705303,0.04025980705705313,0.7924085005903188,0.7728571428571429,0.8522077922077922,1.1196893265106131,1.7058136366560916,9.230660688521132e-05,0.1842105263157846,0.2926829268292611,0.10304972804972788
RDSGD,95,0.7829437229437229,0.7829437229437229,0.03897062348190148,0.03897062348190156,0.7923494687131051,0.7738961038961039,0.8522077922077922,1.1233144180518186,1.7134197851379176,9.349096294047393e-05,0.10526315789473406,0.2926829268292611,0.10246697746697728
RDSGD,96,0.7827705627705628,0.7827705627705628,0.03770618156207571,0.037706181562075815,0.792396694214876,0.7752380952380953,0.8525974025974026,1.1278922409896661,1.7216083072558357,9.385591261480754e-05,0.1842105263157846,0.31707317073169955,0.11004273504273486
RDSGD,97,0.7824675324675324,0.7824675324675324,0.03634288422324578,0.03634288422324587,0.791995277449823,0.7756709956709956,0.8522510822510823,1.1329192594517332,1.729442112874846,8.456560669224035e-05,0.1578947368421011,0.2926829268292611,0.10246697746697728
RDSGD,98,0.7818181818181819,0.7818181818181819,0.0348986465062362,0.034898646506236294,0.791802439984258,0.7763203463203463,0.8524242424242424,1.1366774831159305,1.737758301359912,8.035748223394699e-05,0.1842105263157846,0.24390243902438427,0.0863830613830612
RDSGD,99,0.7814718614718614,0.7814718614718614,0.03377146031134026,0.033771460311340346,0.791629279811098,0.7768831168831168,0.8518181818181818,1.1410730162092706,1.7461501940565147,8.5919229260684e-05,0.1578947368421011,0.26829268292682273,0.0939588189588188
RDSGD,100,0.7812121212121212,0.7812121212121212,0.031697352679237206,0.03169735267923728,0.7914600550964188,0.7772294372294373,0.8511255411255412,1.144892795930767,1.7527348159411225,0.00011695354220042357,0.1578947368421011,0.26829268292682273,0.09395881895881873
RDSGD,101,0.7810389610389611,0.7810389610389611,0.030393759040554306,0.03039375904055438,0.7912396694214876,0.7775324675324675,0.8509523809523809,1.1478213205168144,1.7604549651166534,7.96546853385129e-05,0.1578947368421011,0.26829268292682273,0.0939588189588188
RDSGD,102,0.7807792207792208,0.7807792207792208,0.030041044194999953,0.030041044195000026,0.7913183785911059,0.7778354978354979,0.8501731601731601,1.1514102928045213,1.7600668202358392,5.872864048704838e-05,0.1578947368421011,0.21951219512194586,0.07939005439005423
RDSGD,103,0.7805194805194805,0.7805194805194805,0.029482154323733238,0.02948215432373331,0.7911963793781975,0.7781385281385281,0.8507792207792207,1.1549305755330304,1.7683175130530677,7.895227512767558e-05,0.1578947368421011,0.26829268292682273,0.0933760683760682
RDSGD,104,0.780952380952381,0.780952380952381,0.02835846158047729,0.02835846158047735,0.7910704447068082,0.7782251082251083,0.8494372294372294,1.15786126125712,1.7680697803891632,9.224557922593814e-05,0.1842105263157846,0.21951219512194586,0.07939005439005418
RDSGD,105,0.7807792207792208,0.7807792207792208,0.027973008375469333,0.027973008375469403,0.7908736717827627,0.7781818181818182,0.8486147186147186,1.1606972461558267,1.7699016045295421,6.270553085953771e-05,0.1842105263157846,0.24390243902438427,0.08638306138306122
RDSGD,106,0.7808225108225109,0.7808225108225109,0.026369036718916893,0.02636903671891696,0.7905785123966941,0.7781818181818182,0.8461471861471861,1.1641234346322298,1.7772399433506976,0.00010229797773396944,0.21052631578946812,0.26829268292682273,0.09395881895881873
RDSGD,107,0.780995670995671,0.780995670995671,0.025431232164112975,0.025431232164113034,0.7902479338842974,0.7787012987012987,0.8451515151515151,1.166871568780898,1.7862454319075116,6.699193232538158e-05,0.1842105263157846,0.24390243902438427,0.0863830613830612
RDSGD,108,0.7807359307359307,0.7807359307359307,0.02496285599272509,0.024962855992725148,0.7899212908303818,0.7785281385281385,0.8451082251082251,1.1697594615859233,1.7957762030881605,7.032799645553273e-05,0.1842105263157846,0.26829268292682273,0.0939588189588188
RDSGD,109,0.7805194805194805,0.7805194805194805,0.024338428824303884,0.02433842882430394,0.7898229043683589,0.7784848484848484,0.8447619047619047,1.1731109509015885,1.796164526857552,5.5399499345219914e-05,0.1842105263157846,0.24390243902438427,0.08696581196581182
RDSGD,110,0.7806926406926407,0.7806926406926407,0.023315980436781764,0.02331598043678182,0.7895670995670995,0.7783549783549784,0.8425108225108225,1.1762564232166923,1.7978707406489338,9.061159103859409e-05,0.21052631578946812,0.26829268292682273,0.09605672105672086
RDSGD,111,0.780952380952381,0.780952380952381,0.023111889392467926,0.02311188939246798,0.7894372294372296,0.7787445887445887,0.8410822510822511,1.178740021187249,1.7984293010476002,5.6882676309476794e-05,0.1842105263157846,0.21951219512194586,0.07729215229215211
RDSGD,112,0.7808658008658008,0.7808658008658008,0.02177829794568353,0.021778297945683575,0.7889020070838252,0.7787012987012987,0.838008658008658,1.18058297330588,1.8058673346390337,9.91547700498577e-05,0.1842105263157846,0.2926829268292611,0.10246697746697724
RDSGD,113,0.7806493506493507,0.7806493506493507,0.0217461624035265,0.02174616240352654,0.7890436835891381,0.7787012987012987,0.836926406926407,1.1821937333002952,1.799735676231839,4.392996879561366e-05,0.13157894736841758,0.170731707317069,0.06179098679098666
RDSGD,114,0.7806060606060606,0.7806060606060606,0.020273861592353802,0.020273861592353847,0.7886580086580086,0.7787445887445887,0.8352380952380952,1.184365244062435,1.807159927414238,8.810551725433509e-05,0.13157894736841758,0.24390243902438427,0.08486790986790965
RDSGD,115,0.7803030303030303,0.7803030303030303,0.01986108820273985,0.019861088202739886,0.7884651711924439,0.7785714285714286,0.8341991341991342,1.1864079178342735,1.8139651004494195,5.989115520685206e-05,0.1842105263157846,0.24390243902438427,0.0863830613830612
RDSGD,116,0.7803030303030303,0.7803030303030303,0.019469459116212232,0.019469459116212267,0.7884100747737112,0.7786580086580086,0.8312987012987013,1.1883532918573076,1.8076995552606465,8.187195420581652e-05,0.1842105263157846,0.26829268292682273,0.09605672105672086
RDSGD,117,0.7803463203463203,0.7803463203463203,0.018569351075124998,0.018569351075125032,0.7878669815033451,0.7788744588744588,0.8272294372294372,1.1903574536802042,1.816151866478601,8.282460090582075e-05,0.21052631578946812,0.24390243902438427,0.08638306138306116
RDSGD,118,0.7803896103896104,0.7803896103896104,0.018624222844305968,0.018624222844306006,0.7880322707595435,0.7792207792207793,0.8281385281385282,1.1930316298447934,1.8169514422011206,5.046224061939306e-05,0.21052631578946812,0.24390243902438427,0.08696581196581182
RDSGD,119,0.7803896103896104,0.7803896103896104,0.018657285402777824,0.01865728540277786,0.7880440771349861,0.7793939393939394,0.8285281385281386,1.1945975523797254,1.8189628129703759,5.2910033701751344e-05,0.21052631578946812,0.26829268292682273,0.0939588189588188
RDSGD,120,0.7808658008658008,0.7808658008658008,0.01915716077647288,0.019157160776472913,0.7884179456906731,0.7793506493506493,0.8294805194805195,1.196583685379778,1.8110980035659379,3.894374155573717e-05,0.1842105263157846,0.19512195121950743,0.07088189588189575
RDSGD,121,0.7807359307359307,0.7807359307359307,0.01921849200381528,0.01921849200381532,0.7883195592286502,0.7792640692640692,0.8306926406926407,1.1989984240233593,1.8128939508829678,4.6802609234086895e-05,0.1842105263157846,0.24390243902438427,0.08696581196581182
RDSGD,122,0.7808658008658008,0.7808658008658008,0.019530581585011805,0.019530581585011843,0.7883116883116883,0.7791774891774892,0.8299134199134199,1.201039076700243,1.8070930905939986,4.1139118968884224e-05,0.1842105263157846,0.19512195121950743,0.07088189588189577
RDSGD,123,0.7809090909090909,0.7809090909090909,0.019821369375036015,0.019821369375036056,0.7886540731995278,0.778961038961039,0.8317316017316018,1.202174336999335,1.8041920323676592,3.9594289444369196e-05,0.1578947368421011,0.19512195121950743,0.07088189588189577
RDSGD,124,0.7808658008658008,0.7808658008658008,0.01979589328481695,0.019795893284816988,0.7886147186147187,0.7792640692640692,0.8322077922077922,1.2042300354937072,1.8064216392851347,4.740088922030428e-05,0.1842105263157846,0.24390243902438427,0.08486790986790974
RDSGD,125,0.7807359307359307,0.7807359307359307,0.019417977117322138,0.01941797711732218,0.7883825265643448,0.7791341991341991,0.8322943722943723,1.2054311030757379,1.8138794542220789,7.416016681742384e-05,0.1842105263157846,0.3658536585365764,0.12402874902874886
RDSGD,126,0.7808658008658008,0.7808658008658008,0.01969570953567153,0.01969570953567157,0.7882998819362456,0.7787012987012987,0.832034632034632,1.2067130145662406,1.8110092408270297,4.228428155687064e-05,0.1842105263157846,0.24390243902438427,0.08486790986790976
RDSGD,127,0.7808658008658008,0.7808658008658008,0.019349536497463588,0.019349536497463626,0.788331365604093,0.7790476190476191,0.8288311688311688,1.206970020507335,1.806349694489114,6.70127134131801e-05,0.1578947368421011,0.26829268292682273,0.0939588189588188
RDSGD,128,0.780995670995671,0.780995670995671,0.018993602296773413,0.01899360229677345,0.788280204643841,0.7793073593073593,0.8299134199134199,1.2083483098198737,1.8151226922142978,5.519774589953622e-05,0.1842105263157846,0.2926829268292611,0.0988539238539237
RDSGD,129,0.7807792207792208,0.7807792207792208,0.019301288696200247,0.01930128869620028,0.7884376229830775,0.7792640692640692,0.82995670995671,1.2091563506056922,1.8083526837117412,4.779321091672057e-05,0.1842105263157846,0.2926829268292611,0.10304972804972792
RDSGD,130,0.7807359307359307,0.7807359307359307,0.018964493390496225,0.01896449339049626,0.7881503345139709,0.7792207792207793,0.8281818181818181,1.2104282161133841,1.8101821692571287,6.954047600112678e-05,0.1842105263157846,0.341463414634138,0.11703574203574184
RDSGD,131,0.7808225108225109,0.7808225108225109,0.019035427686759504,0.019035427686759535,0.7880283353010625,0.7789177489177489,0.8287012987012987,1.211475265347834,1.812249826814163,5.020512619560141e-05,0.1842105263157846,0.3658536585365764,0.12402874902874887
RDSGD,132,0.7806926406926407,0.7806926406926407,0.018556129547090447,0.01855612954709048,0.7879417552144826,0.7788311688311689,0.8290909090909091,1.2121823528472033,1.8197446207167876,4.992975077893827e-05,0.1578947368421011,0.341463414634138,0.11493783993783978
RDSGD,133,0.7805194805194805,0.7805194805194805,0.017965338366272617,0.017965338366272652,0.7876347894529713,0.7793073593073593,0.8257575757575758,1.2138712428579828,1.8218216801282572,6.83603267448798e-05,0.1578947368421011,0.39024390243901486,0.13311965811965792
RDSGD,134,0.7804329004329005,0.7804329004329005,0.017877511561952386,0.01787751156195242,0.7877056277056277,0.7789177489177489,0.826969696969697,1.2149431872896868,1.8225181582094625,3.8419899360457444e-05,0.13157894736841758,0.26829268292682273,0.09186091686091673
RDSGD,135,0.7807359307359307,0.7807359307359307,0.017688987266374166,0.017688987266374204,0.7875875639512003,0.7791341991341991,0.8272294372294372,1.216274175698219,1.8283747860468191,5.728049794399781e-05,0.1842105263157846,0.39024390243901486,0.13102175602175586
RDSGD,136,0.7808658008658008,0.7808658008658008,0.017280540772794933,0.017280540772794964,0.7870247933884297,0.7787445887445887,0.8251948051948051,1.2173684412784294,1.8345786605746857,4.5559563465437044e-05,0.1842105263157846,0.31707317073169955,0.1058469308469307
RDSGD,137,0.7808658008658008,0.7808658008658008,0.016553168503301102,0.016553168503301133,0.7866706021251475,0.7792207792207793,0.8221212121212121,1.219239088060098,1.8358146846761922,6.223181253596743e-05,0.1578947368421011,0.341463414634138,0.11703574203574184
RDSGD,138,0.781082251082251,0.781082251082251,0.017021781963901705,0.01702178196390174,0.7868831168831169,0.7782251082251083,0.8225108225108225,1.2196933627614917,1.829445699120018,3.593912220956554e-05,0.1842105263157846,0.24390243902438427,0.08486790986790976
RDSGD,139,0.780995670995671,0.780995670995671,0.016632399646135224,0.01663239964613526,0.7863951200314836,0.7782683982683982,0.8219047619047619,1.2210388573865605,1.8368763815490463,5.023331446666702e-05,0.1578947368421011,0.341463414634138,0.11493783993783978
RDSGD,140,0.7810389610389611,0.7810389610389611,0.01658741783732579,0.016587417837325816,0.7863715072805983,0.7787878787878788,0.8221212121212121,1.2230344979268197,1.8373524013184432,4.2082046687085256e-05,0.1842105263157846,0.341463414634138,0.11703574203574188
RDSGD,141,0.780995670995671,0.780995670995671,0.01679450808458581,0.016794508084585838,0.7867611176702085,0.779004329004329,0.8218181818181818,1.224388947724654,1.8332827075198115,3.3941441774200696e-05,0.1842105263157846,0.26829268292682273,0.09395881895881884
RDSGD,142,0.780952380952381,0.780952380952381,0.017057070152380033,0.017057070152380064,0.7870247933884298,0.7786147186147186,0.8219047619047619,1.2244334808771966,1.8311896594311838,3.376897809568616e-05,0.1842105263157846,0.26829268292682273,0.09395881895881884
RDSGD,143,0.7808658008658008,0.7808658008658008,0.01738682630348419,0.01738682630348422,0.7872609208972844,0.7788311688311689,0.8230735930735931,1.225295608761002,1.8282917290639915,3.3352126849395125e-05,0.1578947368421011,0.26829268292682273,0.09395881895881884
RDSGD,144,0.780995670995671,0.780995670995671,0.01774545038758468,0.017745450387584717,0.7873789846517117,0.7790476190476191,0.8239826839826839,1.226110609756623,1.8243758342638983,3.922224612640224e-05,0.1578947368421011,0.31707317073169955,0.1100427350427349
RDSGD,145,0.7806926406926407,0.7806926406926407,0.018085466792270292,0.018085466792270327,0.7876623376623377,0.7787878787878788,0.8251082251082251,1.2268325003479361,1.8210743773985438,3.2883450793887885e-05,0.1842105263157846,0.2926829268292611,0.10304972804972792
RDSGD,146,0.7809090909090909,0.7809090909090909,0.01829286988151602,0.018292869881516054,0.787788272333727,0.7788744588744588,0.8255844155844155,1.2279443275816613,1.8180749479640617,3.356611862707917e-05,0.1578947368421011,0.2926829268292611,0.10304972804972792
RDSGD,147,0.7811688311688312,0.7811688311688312,0.018354596919062435,0.018354596919062473,0.7879338842975208,0.7788311688311689,0.8252813852813853,1.2287460756955393,1.8163477570013555,3.5246573310531584e-05,0.1842105263157846,0.31707317073169955,0.1100427350427349
RDSGD,148,0.7811255411255411,0.7811255411255411,0.018492060731081505,0.018492060731081544,0.7880401416765054,0.7790476190476191,0.8252380952380952,1.229922130283343,1.8153262194965265,3.515930780700562e-05,0.1578947368421011,0.341463414634138,0.11703574203574191
RDSGD,149,0.7813419913419913,0.7813419913419913,0.018507875001298742,0.01850787500129877,0.7882644628099175,0.7796969696969697,0.8251515151515152,1.2299591095435347,1.8123040898230454,3.073359444278784e-05,0.1578947368421011,0.2926829268292611,0.10095182595182584
RDSGD,150,0.7816450216450217,0.7816450216450217,0.018713877604406147,0.018713877604406185,0.7884258166076349,0.7796536796536796,0.8251948051948051,1.230052113430948,1.8112782844479942,3.259568073180069e-05,0.1578947368421011,0.31707317073169955,0.1100427350427349
RDSGD,151,0.7818181818181819,0.7818181818181819,0.018800221054435445,0.01880022105443548,0.7885360094451003,0.7794372294372295,0.8261038961038961,1.2310135858757727,1.810715281674719,2.9736406467187414e-05,0.1842105263157846,0.26829268292682273,0.09395881895881884
RDSGD,152,0.7821212121212121,0.7821212121212121,0.018997891749896027,0.018997891749896065,0.7887563951200314,0.7794805194805194,0.827012987012987,1.2306775716860852,1.808524999906262,3.298916456273815e-05,0.1578947368421011,0.2926829268292611,0.10304972804972792
RDSGD,153,0.781948051948052,0.781948051948052,0.01913972177102475,0.019139721771024788,0.7888351042896496,0.7793073593073593,0.8278787878787879,1.231252549095031,1.8069380223908291,2.887107568627982e-05,0.1578947368421011,0.26829268292682273,0.09395881895881884
RDSGD,154,0.7813852813852814,0.7813852813852814,0.019246018448030856,0.019246018448030894,0.7887682014954741,0.7795670995670996,0.8278354978354978,1.2316891091420414,1.8055074560340176,3.005548445209692e-05,0.1578947368421011,0.26829268292682273,0.09395881895881884
RDSGD,155,0.7815584415584416,0.7815584415584416,0.01940292083505294,0.019402920835052975,0.7887642660369933,0.7795238095238095,0.8286147186147186,1.2321965269957165,1.804423290494043,3.286998175203259e-05,0.1578947368421011,0.2926829268292611,0.10095182595182584
RDSGD,156,0.7816017316017316,0.7816017316017316,0.019627684008393105,0.01962768400839314,0.788968909878001,0.7797835497835498,0.8287445887445888,1.2329788260713364,1.8020636772438086,3.398171793015967e-05,0.1842105263157846,0.341463414634138,0.11703574203574191
RDSGD,157,0.7816450216450217,0.7816450216450217,0.019951099116570014,0.019951099116570056,0.7890830381739473,0.7795670995670996,0.829004329004329,1.2330963404442121,1.799033907307895,2.992005724033589e-05,0.1842105263157846,0.31707317073169955,0.1100427350427349
RDSGD,158,0.781948051948052,0.781948051948052,0.020066878431533205,0.020066878431533243,0.7892207792207793,0.778961038961039,0.8288311688311688,1.2337240045406808,1.7996800562886532,2.527104144080305e-05,0.1842105263157846,0.26829268292682273,0.09605672105672092
RDSGD,159,0.7819047619047619,0.7819047619047619,0.02023785060314199,0.020237850603142024,0.789319165682802,0.7793073593073593,0.8302164502164502,1.2345606407961327,1.7991871211158141,3.241829326079588e-05,0.1842105263157846,0.31707317073169955,0.1100427350427349
RDSGD,160,0.7818614718614718,0.7818614718614718,0.020415945993323144,0.020415945993323185,0.7894451003541912,0.7791774891774892,0.8304329004329004,1.2349225727309179,1.7979671903405514,2.9897812279070867e-05,0.1842105263157846,0.31707317073169955,0.1100427350427349
RDSGD,161,0.7819047619047619,0.7819047619047619,0.020476505488775814,0.020476505488775852,0.7895238095238095,0.7794372294372295,0.8305194805194805,1.2352303425127562,1.7978111784860928,2.9431561472716705e-05,0.1842105263157846,0.31707317073169955,0.1100427350427349
RDSGD,162,0.7817748917748918,0.7817748917748918,0.020630455837072518,0.020630455837072563,0.7895513577331759,0.7792640692640692,0.8309090909090909,1.2350583643740343,1.7969313821782398,3.0327581972948077e-05,0.21052631578946812,0.31707317073169955,0.10794483294483281
RDSGD,163,0.7820346320346321,0.7820346320346321,0.021014154119905492,0.021014154119905537,0.7898504525777255,0.7794372294372295,0.8323376623376624,1.2352855098462574,1.7954928320810817,2.743496237990312e-05,0.1842105263157846,0.31707317073169955,0.1100427350427349
RDSGD,164,0.782077922077922,0.782077922077922,0.020590566443655024,0.020590566443655065,0.7897323888232979,0.7794805194805194,0.8302164502164502,1.2362490422988939,1.7953081217039546,4.302544321178901e-05,0.1842105263157846,0.341463414634138,0.11913364413364394
RDSGD,165,0.7822510822510822,0.7822510822510822,0.02044648967833599,0.020446489678336028,0.789732388823298,0.7793939393939394,0.8310822510822511,1.237147901585784,1.799087428727042,3.1709166502423364e-05,0.1578947368421011,0.3658536585365764,0.12402874902874887
RDSGD,166,0.7821212121212121,0.7821212121212121,0.02072400111104516,0.0207240011110452,0.7898701298701298,0.7795238095238095,0.8317316017316018,1.2368912749913576,1.796376755294386,2.6600649415255695e-05,0.1578947368421011,0.31707317073169955,0.1100427350427349
RDSGD,167,0.781991341991342,0.781991341991342,0.020800801773278563,0.020800801773278598,0.7899763872491146,0.7794372294372295,0.8316883116883117,1.2372917535573857,1.794609234438358,2.6595965628283946e-05,0.1578947368421011,0.31707317073169955,0.1100427350427349
RDSGD,168,0.7822510822510822,0.7822510822510822,0.021126443562407168,0.021126443562407206,0.7903069657615113,0.7796969696969697,0.8332034632034632,1.2385918288459419,1.7926181815423394,2.868989640076441e-05,0.1842105263157846,0.31707317073169955,0.1100427350427349
RDSGD,169,0.781991341991342,0.781991341991342,0.021028749259983104,0.021028749259983142,0.790224321133412,0.7796969696969697,0.8333333333333334,1.238361301431533,1.7959684937814666,2.9581036411861916e-05,0.1578947368421011,0.341463414634138,0.11703574203574188
RDSGD,170,0.7820346320346321,0.7820346320346321,0.021154627783082885,0.021154627783082934,0.7903305785123966,0.78008658008658,0.8329870129870129,1.2386368325105133,1.7935481330747285,2.6352105541580962e-05,0.1578947368421011,0.31707317073169955,0.1100427350427349
RDSGD,171,0.782077922077922,0.782077922077922,0.020709661576619125,0.02070966157661917,0.790271546635183,0.7799134199134199,0.83004329004329,1.2389370359261598,1.791683702168776,4.2360680537064406e-05,0.1578947368421011,0.3658536585365764,0.12612665112665095
RDSGD,172,0.7822510822510822,0.7822510822510822,0.020913924458170682,0.020913924458170724,0.7903581267217631,0.78,0.82995670995671,1.2396291942502984,1.7902709331521012,2.434642719093938e-05,0.1578947368421011,0.31707317073169955,0.1100427350427349
RDSGD,173,0.7822077922077922,0.7822077922077922,0.020908676744345805,0.02090867674434585,0.7904329004329004,0.7800432900432901,0.8312987012987013,1.2397321732049165,1.790060089036351,2.566875392138896e-05,0.1578947368421011,0.31707317073169955,0.1100427350427349
RDSGD,174,0.7821645021645022,0.7821645021645022,0.021151616426181182,0.021151616426181224,0.7906296733569461,0.7797835497835498,0.8320779220779221,1.239468963310297,1.7885808364247326,2.4061643078674837e-05,0.1578947368421011,0.2926829268292611,0.10095182595182584
RDSGD,175,0.7823809523809524,0.7823809523809524,0.02117868547558984,0.021178685475589883,0.7908579299488391,0.7802597402597402,0.8325974025974026,1.2396756700825968,1.7891172019916877,2.6965227651421328e-05,0.1578947368421011,0.31707317073169955,0.1100427350427349
RDSGD,176,0.7823376623376623,0.7823376623376623,0.021359672373465467,0.02135967237346551,0.79090515545061,0.7803896103896104,0.8331168831168831,1.2403442628475476,1.7884442179615125,2.5189365763254928e-05,0.1578947368421011,0.31707317073169955,0.1100427350427349
RDSGD,177,0.7824242424242425,0.7824242424242425,0.021479171507043735,0.02147917150704378,0.7909602518693426,0.7804761904761904,0.8325974025974026,1.2416770348915267,1.7869116210636384,2.5139344357863396e-05,0.1842105263157846,0.31707317073169955,0.1100427350427349
RDSGD,178,0.7824242424242425,0.7824242424242425,0.021252612799623247,0.021252612799623292,0.7909287682014955,0.7804329004329005,0.8330735930735931,1.241749719043218,1.7901026009086718,2.824014328275542e-05,0.1578947368421011,0.3658536585365764,0.12402874902874887
RDSGD,179,0.7822943722943723,0.7822943722943723,0.0213919310525182,0.02139193105251825,0.7909523809523811,0.7806926406926407,0.833030303030303,1.243097960419537,1.788804502883005,2.4019882687878578e-05,0.1578947368421011,0.31707317073169955,0.1100427350427349
RDSGD,180,0.782077922077922,0.782077922077922,0.02158212847047898,0.021582128470479033,0.7910310901219991,0.7808225108225109,0.8343722943722943,1.2433336697896862,1.788219830313087,2.4043591321832523e-05,0.1578947368421011,0.31707317073169955,0.1100427350427349
RDSGD,181,0.7822510822510822,0.7822510822510822,0.02183236353808591,0.02183236353808595,0.7912239275875639,0.7806493506493507,0.834935064935065,1.2431463116662924,1.7862889130588586,2.448475635676119e-05,0.1578947368421011,0.31707317073169955,0.1100427350427349
RDSGD,182,0.7821212121212121,0.7821212121212121,0.022137931360005875,0.022137931360005924,0.7913459268004722,0.780952380952381,0.8361038961038961,1.2439774910291688,1.7849110965871233,2.707317490551285e-05,0.1578947368421011,0.341463414634138,0.11703574203574191
RDSGD,183,0.7822510822510822,0.7822510822510822,0.02238522987195137,0.022385229871951417,0.791440377804014,0.7810389610389611,0.8359740259740259,1.2435290414042375,1.7827718522469898,2.308507040340297e-05,0.1842105263157846,0.31707317073169955,0.1100427350427349
RDSGD,184,0.7825974025974026,0.7825974025974026,0.022220021269497122,0.022220021269497167,0.7914128295946479,0.7812121212121212,0.8358441558441558,1.244045734884932,1.7853977665177183,2.695858409490341e-05,0.1842105263157846,0.3658536585365764,0.12402874902874887
RDSGD,185,0.7826406926406927,0.7826406926406927,0.02227328462335496,0.022273284623355007,0.7914797323888233,0.7812121212121212,0.8358874458874459,1.2444901667264927,1.784189427343343,2.5998422765047925e-05,0.1578947368421011,0.341463414634138,0.11703574203574191
RDSGD,186,0.7828571428571428,0.7828571428571428,0.022400347091922762,0.022400347091922818,0.7916528925619833,0.7814285714285715,0.8364935064935065,1.244585492225046,1.7834573886433056,2.351752606081149e-05,0.1578947368421011,0.31707317073169955,0.1100427350427349
RDSGD,187,0.7826406926406927,0.7826406926406927,0.02246937342583843,0.02246937342583848,0.7914797323888233,0.7811255411255411,0.8368398268398268,1.2447026277724542,1.78263132212749,2.5065350359537208e-05,0.1578947368421011,0.341463414634138,0.11703574203574191
RDSGD,188,0.7824675324675324,0.7824675324675324,0.02256779844108163,0.022567798441081678,0.7913105076741441,0.7808658008658008,0.8363203463203464,1.2452768327690193,1.7818147565126565,2.3809182090608476e-05,0.1578947368421011,0.341463414634138,0.11703574203574191
RDSGD,189,0.7826406926406927,0.7826406926406927,0.022592672021717733,0.022592672021717785,0.7914167650531287,0.7810389610389611,0.8364935064935065,1.245673281333861,1.780632617410077,2.1955249645740104e-05,0.1578947368421011,0.31707317073169955,0.1100427350427349
RDSGD,190,0.7827705627705628,0.7827705627705628,0.02257746966468779,0.022577469664687835,0.7915545060999606,0.7812121212121212,0.8368398268398268,1.2461286650575536,1.7802994832432915,2.176367119495003e-05,0.1578947368421011,0.31707317073169955,0.1100427350427349
RDSGD,191,0.7825541125541126,0.7825541125541126,0.02265575198724078,0.022655751987240826,0.7916135379771743,0.7811688311688312,0.8365367965367966,1.2466349257209206,1.7789919710295672,2.14585993128225e-05,0.1842105263157846,0.31707317073169955,0.1100427350427349
RDSGD,192,0.7827705627705628,0.7827705627705628,0.022831186254403092,0.022831186254403144,0.7916489571035026,0.7813852813852814,0.837012987012987,1.2466106870864715,1.7788393708607775,2.1498637807304272e-05,0.1842105263157846,0.31707317073169955,0.1100427350427349
RDSGD,193,0.7825541125541126,0.7825541125541126,0.02250842421881917,0.02250842421881922,0.7914443132624952,0.7811688311688312,0.836926406926407,1.2472467192031522,1.7830620234911676,2.2858652528371265e-05,0.1578947368421011,0.341463414634138,0.11703574203574188
RDSGD,194,0.7825541125541126,0.7825541125541126,0.022513233259335824,0.022513233259335876,0.7913183785911059,0.7811688311688312,0.8366666666666667,1.247981669399303,1.7832132864204917,2.043135157475311e-05,0.1578947368421011,0.31707317073169955,0.1100427350427349
RDSGD,195,0.7825541125541126,0.7825541125541126,0.022474102934869834,0.022474102934869886,0.7914088941361669,0.7810389610389611,0.8367099567099567,1.2475179964518164,1.782711689410273,2.3223149162954433e-05,0.1578947368421011,0.341463414634138,0.11703574203574191
RDSGD,196,0.7822510822510822,0.7822510822510822,0.0224841679799773,0.022484167979977345,0.7914325068870525,0.7808225108225109,0.8370995670995671,1.2483299257081595,1.7818540947705883,2.0471792746971523e-05,0.1578947368421011,0.31707317073169955,0.1100427350427349
RDSGD,197,0.7823376623376623,0.7823376623376623,0.0221059323595439,0.022105932359543945,0.7912593467138922,0.7808225108225109,0.8349783549783549,1.2484936721194078,1.7816116172024512,2.982694099626211e-05,0.1578947368421011,0.31707317073169955,0.11214063714063696
RDSGD,198,0.7823809523809524,0.7823809523809524,0.021778534074368038,0.021778534074368083,0.7911806375442739,0.7804329004329005,0.8354545454545454,1.2496058820010076,1.785306035967694,2.246833058251791e-05,0.1578947368421011,0.341463414634138,0.11703574203574188
RDSGD,199,0.7823376623376623,0.7823376623376623,0.021508396526512652,0.021508396526512694,0.7911137347500984,0.780952380952381,0.8352813852813853,1.2495815207441043,1.7891429327543373,2.144320724623124e-05,0.1578947368421011,0.341463414634138,0.11703574203574188
ORACLE,0,0.7482251082251082,0.7482251082251082,0.15326864393876305,0.15326864393876316,0.489862258953168,0.3648917748917749,0.5828571428571429,1.4789624897032065,2.041454076227658,,0.07894736842105055,0.12195121951219214,0.04159779614325074
ORACLE,1,0.7902597402597402,0.7902597402597402,0.22526427872603288,0.2252642787260331,0.589000393545848,0.41554112554112554,0.6767099567099567,1.2542659910050007,1.9119059632334494,,0.07894736842105055,0.170731707317069,0.060206964752419316
ORACLE,2,0.7959307359307359,0.7959307359307359,0.2434877346126276,0.24348773461262788,0.6309445100354192,0.4753679653679654,0.7064502164502164,1.1722307290698595,1.8202643430341747,,0.07894736842105055,0.24390243902438427,0.08302253302253304
ORACLE,3,0.8062770562770563,0.8062770562770563,0.2371254236058232,0.23712542360582353,0.6585871704053522,0.5144155844155844,0.7333766233766233,1.1785383394126696,1.7669161570077174,,0.13157894736841758,0.24390243902438427,0.08176873631419086
ORACLE,4,0.8115584415584416,0.8115584415584416,0.25029504247894363,0.250295042478944,0.6815663124754033,0.5471428571428572,0.7489177489177489,1.1200996325610055,1.7238932564809182,,0.05263157894736703,0.09756097560975371,0.03527583527583526
ORACLE,5,0.8165800865800866,0.8165800865800866,0.2498253804988492,0.24982538049884967,0.7020267611176703,0.5715151515151515,0.7520779220779221,1.1273096664720672,1.706341031927067,,0.05263157894736703,0.12195121951219214,0.040170940170940146
ORACLE,6,0.8106493506493506,0.8106493506493506,0.23410141014008953,0.2341014101400899,0.7119323101141283,0.6087012987012987,0.7633333333333333,1.036726560744917,1.7159499534438556,,0.05263157894736703,0.19512195121950743,0.0672688422688422
ORACLE,7,0.8093073593073593,0.8093073593073593,0.20618015276456905,0.20618015276456947,0.7224950806768988,0.6323809523809524,0.7689177489177489,1.0732536482005997,1.7020165895291868,,0.026315789473683515,0.2926829268292611,0.09785265239810698
ORACLE,8,0.8153679653679654,0.8153679653679654,0.18813005793334936,0.18813005793334983,0.7341794569067297,0.633982683982684,0.7785281385281385,1.0877207592660065,1.7015676574388852,,0.026315789473683515,0.170731707317069,0.05810023310023318
ORACLE,9,0.816017316017316,0.816017316017316,0.18961671240077388,0.18961671240077435,0.7390121999212909,0.6355844155844156,0.7841125541125541,1.098789743753772,1.6777753232631005,,0.026315789473683515,0.07317073170731528,0.02803030303030308
ORACLE,10,0.8162337662337662,0.8162337662337662,0.17180479026040568,0.17180479026040613,0.7454506099960646,0.6532900432900433,0.788051948051948,1.0843020911649108,1.6551239133872224,,0.05263157894736703,0.170731707317069,0.06071201525746981
ORACLE,11,0.8167532467532468,0.8167532467532468,0.16685442428584765,0.16685442428584807,0.7491696182605274,0.664069264069264,0.7956709956709956,1.0630171124513792,1.6677118478262725,,0.10526315789473406,0.21951219512194586,0.07307692307692316
ORACLE,12,0.8192207792207792,0.8192207792207792,0.16298914371469575,0.16298914371469614,0.7540181031090121,0.6753246753246753,0.7874458874458874,1.0624106539276992,1.6555912195663391,,0.07894736842105055,0.07317073170731528,0.02097902097902092
ORACLE,13,0.81995670995671,0.81995670995671,0.14787729402858818,0.14787729402858857,0.7602243211334122,0.6853679653679654,0.7951515151515152,1.0828781944265782,1.6859962101435058,,0.07894736842105055,0.170731707317069,0.05886663841209294
ORACLE,14,0.821038961038961,0.821038961038961,0.14484477528101658,0.1448447752810169,0.7639393939393938,0.6922943722943723,0.802034632034632,1.0875955090386997,1.6774374014946523,,0.05263157894736703,0.12195121951219214,0.041841491841491885
ORACLE,15,0.8194372294372294,0.8194372294372294,0.1391944986635549,0.13919449866355527,0.7671704053522235,0.6984848484848485,0.8043722943722944,1.0419161759596494,1.6742052356269495,,0.05263157894736703,0.19512195121950743,0.06047891502436957
ORACLE,16,0.8195238095238095,0.8195238095238095,0.12291479611877142,0.12291479611877172,0.7720464384100747,0.7117748917748917,0.8066666666666666,1.0680140927831792,1.6624689889646178,,0.0,0.24390243902438427,0.085817969908879
ORACLE,17,0.8201731601731602,0.8201731601731602,0.11704350331841545,0.11704350331841577,0.7755568673750491,0.7167965367965368,0.8081818181818182,1.0652771236721779,1.6727629823717824,,0.026315789473683515,0.170731707317069,0.058508158508158506
ORACLE,18,0.8202164502164502,0.8202164502164502,0.11201575100585176,0.11201575100585205,0.7786619441164895,0.7172294372294372,0.8072294372294372,1.0708324456887213,1.687550020614612,,0.0,0.14634146341463056,0.04800805255350715
ORACLE,19,0.8202597402597402,0.8202597402597402,0.11106089795562088,0.11106089795562121,0.7814207005116096,0.7225108225108225,0.8084415584415584,1.0728700212243534,1.6673071761258949,,0.13157894736841758,0.19512195121950743,0.06694744649290114
ORACLE,20,0.8228571428571428,0.8228571428571428,0.10638105841452214,0.10638105841452246,0.7846910665092484,0.726926406926407,0.8118181818181818,1.0740333276839933,1.6616899616068785,,0.026315789473683515,0.14634146341463056,0.0453273998728544
ORACLE,21,0.8223809523809524,0.8223809523809524,0.10213471157856283,0.10213471157856313,0.7874104683195593,0.7301298701298702,0.8079220779220779,1.069240936545622,1.6829342793831814,,0.13157894736841758,0.21951219512194586,0.07754467754467759
ORACLE,22,0.8218614718614718,0.8218614718614718,0.09388258113924537,0.09388258113924565,0.7895434868162141,0.7423809523809524,0.8104329004329004,1.0565912975951042,1.6798563194293783,,0.05263157894736703,0.170731707317069,0.05878893833439279
ORACLE,23,0.8230735930735931,0.8230735930735931,0.08868289591237181,0.08868289591237205,0.7915584415584416,0.7448484848484849,0.8127272727272727,1.0601670718573513,1.666403096728659,,0.10526315789473406,0.19512195121950743,0.06636469591015044
ORACLE,24,0.8237662337662338,0.8237662337662338,0.08901112438254298,0.08901112438254324,0.7924596615505707,0.7437229437229437,0.8145021645021645,1.0800970762761741,1.6614238732839326,,0.05263157894736703,0.12195121951219214,0.041442395987850565
ORACLE,25,0.8238961038961039,0.8238961038961039,0.0862569376077735,0.08625693760777375,0.7939157811885083,0.7494805194805195,0.8151515151515152,1.0798066747705428,1.658844694817363,,0.026315789473683515,0.14634146341463056,0.05034965034965036
ORACLE,26,0.8253246753246753,0.8253246753246753,0.09246379226751279,0.09246379226751306,0.794974419519874,0.7436363636363637,0.8158441558441558,1.0853790585042553,1.6583604932373839,,0.13157894736841758,0.12195121951219214,0.038917143462597996
ORACLE,27,0.8241125541125541,0.8241125541125541,0.08807876636649414,0.08807876636649442,0.7959858323494686,0.7448051948051948,0.8161904761904762,1.081194378498609,1.662202068991903,,0.10526315789473406,0.2926829268292611,0.09853252807798267
ORACLE,28,0.8252813852813853,0.8252813852813853,0.08853671536048947,0.08853671536048976,0.796973632428178,0.743982683982684,0.8172294372294372,1.087759817099871,1.6586819190482263,,0.07894736842105055,0.09756097560975371,0.03444938899484354
ORACLE,29,0.8261904761904761,0.8261904761904761,0.08869569065362322,0.08869569065362351,0.7982959464777647,0.7434632034632035,0.8163203463203463,1.087947961048234,1.6582424297913487,,0.13157894736841758,0.170731707317069,0.05683760683760682
ORACLE,30,0.8264935064935065,0.8264935064935065,0.08680045233680199,0.0868004523368023,0.7989295552931917,0.7425108225108226,0.8194805194805195,1.0983634329914391,1.6686310323102127,,0.07894736842105055,0.170731707317069,0.059119163664618224
ORACLE,31,0.8267965367965368,0.8267965367965368,0.07967176236668494,0.07967176236668522,0.8010232192050374,0.747012987012987,0.8170995670995671,1.1091110929792198,1.6693255873179245,,0.10526315789473406,0.19512195121950743,0.07181429681429678
ORACLE,32,0.8272727272727273,0.8272727272727273,0.0801764126776134,0.08017641267761368,0.8018654073199528,0.7458441558441559,0.8194372294372294,1.1133161498359345,1.6643580415385983,,0.05263157894736703,0.09756097560975371,0.03636363636363634
ORACLE,33,0.8283982683982684,0.8283982683982684,0.07914759452133738,0.0791475945213377,0.8033215269578907,0.7449350649350649,0.8218181818181818,1.1090640735399475,1.6609667343165975,,0.07894736842105055,0.19512195121950743,0.06433566433566437
ORACLE,34,0.8294372294372294,0.8294372294372294,0.07771962098441591,0.07771962098441622,0.8042581660763478,0.7490909090909091,0.8226839826839827,1.1062589966236733,1.652635394535913,,0.10526315789473406,0.09756097560975371,0.03065268065268064
ORACLE,35,0.8306060606060606,0.8306060606060606,0.07239495503907659,0.07239495503907686,0.8064187327823692,0.754891774891775,0.8243290043290044,1.1181304618474894,1.6557772972365794,,0.026315789473683515,0.170731707317069,0.06247969202514655
ORACLE,36,0.8305194805194805,0.8305194805194805,0.06878218113301268,0.06878218113301296,0.8080558835104289,0.7551082251082251,0.8238528138528138,1.1158057933526728,1.6550849093074116,,0.0,0.26829268292682273,0.09085964540510003
ORACLE,37,0.8304761904761905,0.8304761904761905,0.06875818427635894,0.06875818427635917,0.8087485242030698,0.7530735930735931,0.8248051948051948,1.1271200220967725,1.6758077186515201,,0.13157894736841758,0.21951219512194586,0.06989121989121998
ORACLE,38,0.8313852813852813,0.8313852813852813,0.06698783536432396,0.06698783536432423,0.8095828414010232,0.7525108225108225,0.826017316017316,1.1326158774425905,1.6839850202331765,,0.0,0.19512195121950743,0.06903651903651903
ORACLE,39,0.8311688311688312,0.8311688311688312,0.06539445448538844,0.06539445448538872,0.8106965761511216,0.7535064935064935,0.8258008658008658,1.1280461787871245,1.671011007781781,,0.05263157894736703,0.21951219512194586,0.07445433354524267
ORACLE,40,0.8325974025974026,0.8325974025974026,0.06754070789514821,0.0675407078951485,0.8102912239275875,0.7516883116883117,0.8258008658008658,1.1512462908346615,1.6682732961788171,,0.05263157894736703,0.14634146341463056,0.05135975135975135
ORACLE,41,0.831991341991342,0.831991341991342,0.06878863979128523,0.0687886397912855,0.8104486422668241,0.751991341991342,0.827056277056277,1.1455704015863184,1.6643527238462086,,0.05263157894736703,0.07317073170731528,0.023076923076923085
ORACLE,42,0.8324675324675325,0.8324675324675325,0.0703030081849678,0.0703030081849681,0.8111648957103502,0.7521645021645021,0.8272727272727273,1.140656518067865,1.6593540476111255,,0.07894736842105055,0.07317073170731528,0.023659673659673718
ORACLE,43,0.8333333333333334,0.8333333333333334,0.0658332570309851,0.06583325703098536,0.8127508854781581,0.7564935064935064,0.8273593073593074,1.138025674173657,1.6699924888748328,,0.026315789473683515,0.170731707317069,0.06398601398601399
ORACLE,44,0.8335930735930736,0.8335930735930736,0.06280551875859705,0.06280551875859729,0.81383707201889,0.7612554112554113,0.8273160173160173,1.134008598600715,1.6645753314240213,,0.026315789473683515,0.09756097560975371,0.03653846153846153
ORACLE,45,0.8344588744588745,0.8344588744588745,0.06489736581865774,0.06489736581865799,0.8140692640692642,0.7612554112554113,0.8278354978354978,1.1311227954589005,1.6659442791161168,,0.05263157894736703,0.04878048780487686,0.013986013986013991
ORACLE,46,0.8343290043290044,0.8343290043290044,0.06016851347376078,0.06016851347376101,0.8151790633608816,0.7642857142857142,0.8295670995670996,1.1360100628108871,1.6691338241239535,,0.026315789473683515,0.19512195121950743,0.07116267570813024
ORACLE,47,0.8352813852813853,0.8352813852813853,0.06346286413349078,0.06346286413349103,0.8157733175914995,0.7610822510822511,0.8291774891774891,1.1303842425440023,1.6615304198484115,,0.07894736842105055,0.09756097560975371,0.03527583527583531
ORACLE,48,0.8351515151515152,0.8351515151515152,0.06373200197877338,0.06373200197877363,0.8160724124360488,0.7633766233766234,0.8294805194805195,1.1287744691815766,1.6621159998498285,,0.10526315789473406,0.170731707317069,0.05850815850815855
ORACLE,49,0.8356277056277056,0.8356277056277056,0.061253744572214525,0.06125374457221477,0.8168634395907123,0.7667099567099567,0.82995670995671,1.1365604334448989,1.6617771997495834,,0.10526315789473406,0.14634146341463056,0.0540774881683972
ORACLE,50,0.8354545454545454,0.8354545454545454,0.06201347221335146,0.062013472213351684,0.8176151121605667,0.7668831168831168,0.82995670995671,1.1341311052685605,1.6588944217312693,,0.07894736842105055,0.170731707317069,0.05651621106166562
ORACLE,51,0.836017316017316,0.836017316017316,0.05984226380372483,0.059842263803725065,0.8185596221959859,0.769004329004329,0.8316450216450216,1.1409703610461241,1.6558412115732817,,0.05263157894736703,0.19512195121950743,0.06409196863742317
ORACLE,52,0.8361904761904762,0.8361904761904762,0.05813255261520971,0.05813255261520993,0.8191538764266038,0.7711688311688312,0.8315151515151515,1.1373199367372862,1.6565040649637583,,0.07894736842105055,0.07317073170731528,0.023076923076923037
ORACLE,53,0.8364502164502164,0.8364502164502164,0.056964932525090224,0.056964932525090446,0.8199685163321526,0.7691774891774892,0.8323376623376624,1.1355616241702675,1.6596734844707157,,0.07894736842105055,0.21951219512194586,0.07939005439005448
ORACLE,54,0.8360606060606061,0.8360606060606061,0.055234383268609216,0.05523438326860943,0.8199763872491146,0.7732034632034632,0.8318181818181818,1.132516558221165,1.663279022409703,,0.05263157894736703,0.14634146341463056,0.050533305078759604
ORACLE,55,0.8361904761904762,0.8361904761904762,0.054193359635490324,0.05419335963549053,0.821046831955923,0.7713852813852814,0.8329004329004329,1.1333186402441022,1.6658613183384987,,0.10526315789473406,0.19512195121950743,0.06383061383061384
ORACLE,56,0.8361904761904762,0.8361904761904762,0.05319181348179907,0.053191813481799285,0.8213341204250295,0.7708658008658009,0.8320779220779221,1.1428208578934504,1.6667928766200057,,0.07894736842105055,0.19512195121950743,0.06806350215441129
ORACLE,57,0.8362337662337662,0.8362337662337662,0.05307405549938699,0.05307405549938722,0.8217748917748917,0.7703896103896104,0.8335930735930736,1.136445014164926,1.6663476572897398,,0.026315789473683515,0.14634146341463056,0.05010595465140927
ORACLE,58,0.8362337662337662,0.8362337662337662,0.049626313263782335,0.04962631326378255,0.8226918536009445,0.7738961038961039,0.8331601731601732,1.1533862669454864,1.664108222307006,,0.0,0.21951219512194586,0.08166278166278168
ORACLE,59,0.8365800865800865,0.8365800865800865,0.04613678588045383,0.04613678588045401,0.8234159779614324,0.78008658008658,0.8336796536796537,1.148754904966061,1.6631242750341444,,0.05263157894736703,0.170731707317069,0.0633061383061382
ORACLE,60,0.8364502164502164,0.8364502164502164,0.04529931717543399,0.04529931717543417,0.823305785123967,0.7800432900432901,0.8337662337662337,1.1547081769503316,1.6645597730135928,,0.05263157894736703,0.24390243902438427,0.08989898989898998
ORACLE,61,0.8371428571428572,0.8371428571428572,0.045655621623352016,0.045655621623352204,0.8235655253837073,0.77995670995671,0.8330735930735931,1.1582085425293545,1.6660356712289504,,0.05263157894736703,0.12195121951219214,0.04228650137741049
ORACLE,62,0.8374458874458874,0.8374458874458874,0.04636828757734447,0.046368287577344666,0.8242227469500196,0.7794805194805194,0.8334632034632035,1.1561319207017062,1.6634307655722664,,0.026315789473683515,0.07317073170731528,0.0251748251748252
ORACLE,63,0.837922077922078,0.837922077922078,0.04523611220088267,0.04523611220088284,0.8249665486029123,0.7812987012987013,0.8331601731601732,1.1586495781561246,1.6584429202814086,,0.13157894736841758,0.09756097560975371,0.037121212121212076
ORACLE,64,0.838008658008658,0.838008658008658,0.04341278910366443,0.0434127891036646,0.825293191656828,0.7833333333333333,0.8332900432900433,1.1571184826214065,1.670128099692339,,0.10526315789473406,0.21951219512194586,0.07711732711732715
ORACLE,65,0.8377922077922078,0.8377922077922078,0.04409822653474099,0.04409822653474117,0.8256946084218811,0.7832467532467533,0.8343290043290044,1.1470829194124321,1.6664472629730442,,0.13157894736841758,0.170731707317069,0.058508158508158534
ORACLE,66,0.8381385281385282,0.8381385281385282,0.04241394165673752,0.04241394165673769,0.8263636363636363,0.783982683982684,0.8349783549783549,1.152938474440849,1.66219816784638,,0.07894736842105055,0.19512195121950743,0.06326552235643146
ORACLE,67,0.8383116883116883,0.8383116883116883,0.03957965893690875,0.03957965893690891,0.8268949232585595,0.7871428571428571,0.8366666666666667,1.1538329017874205,1.66932111798702,,0.10526315789473406,0.170731707317069,0.06316839725930626
ORACLE,68,0.8384415584415584,0.8384415584415584,0.037398554874537505,0.03739855487453767,0.8276820149547423,0.7860173160173161,0.8362770562770563,1.1669154494766156,1.6696723776389568,,0.07894736842105055,0.31707317073169955,0.10570918980009894
ORACLE,69,0.8383549783549784,0.8383549783549784,0.0388081290574764,0.038808129057476576,0.8274183392365212,0.7853679653679654,0.8364502164502164,1.1607726551416473,1.6692721145876948,,0.13157894736841758,0.04878048780487686,0.014568764568764584
ORACLE,70,0.8387012987012987,0.8387012987012987,0.038043973071153946,0.03804397307115412,0.8275285320739866,0.7844588744588744,0.8358874458874459,1.1720986909713915,1.6696183464653434,,0.07894736842105055,0.19512195121950743,0.065928515928516
ORACLE,71,0.8385281385281386,0.8385281385281386,0.035908827675924966,0.03590882767592513,0.8282526564344747,0.7856277056277057,0.8376190476190476,1.1729459097688228,1.667162816214131,,0.07894736842105055,0.26829268292682273,0.08634244543335445
ORACLE,72,0.8386147186147186,0.8386147186147186,0.03425832290350485,0.034258322903505,0.82900826446281,0.788051948051948,0.8372294372294372,1.1696306063684223,1.666264240458104,,0.07894736842105055,0.21951219512194586,0.07939005439005438
ORACLE,73,0.8393073593073593,0.8393073593073593,0.03434205392691542,0.034342053926915576,0.8294136166863438,0.7872727272727272,0.8375324675324676,1.167588652811899,1.6698887713499933,,0.026315789473683515,0.12195121951219214,0.044444444444444495
ORACLE,74,0.8392207792207792,0.8392207792207792,0.03276224448913915,0.0327622444891393,0.829960645415191,0.7912987012987013,0.8377056277056277,1.1614256044876274,1.6656959086209624,,0.07894736842105055,0.09756097560975371,0.03216783216783211
ORACLE,75,0.8387445887445888,0.8387445887445888,0.031257321738718966,0.031257321738719104,0.8301180637544273,0.793073593073593,0.8379653679653679,1.160188626311041,1.6695991056896333,,0.07894736842105055,0.19512195121950743,0.07056050010595463
ORACLE,76,0.8393073593073593,0.8393073593073593,0.03193138521521807,0.03193138521521821,0.8300314836678472,0.7916017316017316,0.8382251082251082,1.1616158864496664,1.6708536153796052,,0.13157894736841758,0.12195121951219214,0.04393939393939399
ORACLE,77,0.8391341991341992,0.8391341991341992,0.029667493757393918,0.029667493757394046,0.8306768988587172,0.7958874458874459,0.8377056277056277,1.1618992512848174,1.6716049737936896,,0.10526315789473406,0.21951219512194586,0.07577700077700072
ORACLE,78,0.8390909090909091,0.8390909090909091,0.030328574968008365,0.030328574968008493,0.830865800865801,0.7943722943722944,0.8381385281385282,1.1616081227056325,1.6720206868084098,,0.07894736842105055,0.170731707317069,0.056691036236490855
ORACLE,79,0.8390909090909091,0.8390909090909091,0.029134787323574583,0.029134787323574707,0.8307516725698545,0.7964069264069265,0.8386580086580087,1.1528820185642832,1.6696982474274789,,0.07894736842105055,0.19512195121950743,0.06954156954156951
ORACLE,80,0.8390909090909091,0.8390909090909091,0.02860047382048397,0.028600473820484102,0.8313656040928769,0.797965367965368,0.837922077922078,1.1552606007236912,1.6683299044919364,,0.07894736842105055,0.12195121951219214,0.04270502225047682
ORACLE,81,0.8392207792207792,0.8392207792207792,0.029113603769731246,0.02911360376973137,0.8313813459268006,0.7977056277056277,0.8378787878787879,1.161237786464996,1.6668909365039035,,0.05263157894736703,0.09756097560975371,0.03216783216783223
ORACLE,82,0.839004329004329,0.839004329004329,0.027968405073359418,0.027968405073359532,0.8314639905548996,0.79995670995671,0.837922077922078,1.161283528224447,1.661514064374788,,0.10526315789473406,0.12195121951219214,0.044802924348378834
ORACLE,83,0.8395238095238096,0.8395238095238096,0.02672879779011626,0.026728797790116377,0.8317985045257772,0.8016017316017316,0.8376623376623377,1.1618169756975751,1.6654153775758542,,0.07894736842105055,0.24390243902438427,0.08335275835275836
ORACLE,84,0.8396536796536797,0.8396536796536797,0.026171408435890203,0.026171408435890314,0.832353404171586,0.8023809523809524,0.8382683982683983,1.1676042713529302,1.6627805601033827,,0.07894736842105055,0.21951219512194586,0.07754467754467746
ORACLE,85,0.8403896103896104,0.8403896103896104,0.02726419747894287,0.027264197478942986,0.832081857536403,0.8016017316017316,0.8385714285714285,1.1734712881718514,1.6603222849492676,,0.13157894736841758,0.12195121951219214,0.0407536907536908
ORACLE,86,0.8397835497835497,0.8397835497835497,0.025538583985863183,0.025538583985863287,0.8322550177095632,0.8034199134199134,0.8379653679653679,1.1770227949873835,1.6659871806300042,,0.10526315789473406,0.24390243902438427,0.09202514657060112
ORACLE,87,0.8399567099567099,0.8399567099567099,0.025551540319103432,0.02555154031910354,0.8325068870523417,0.802987012987013,0.8377922077922078,1.1789866645351859,1.6662450158570006,,0.0,0.14634146341463056,0.050716959807868896
ORACLE,88,0.8396969696969697,0.8396969696969697,0.02432974308662288,0.024329743086622987,0.8327705627705629,0.8044588744588744,0.8381385281385282,1.1755887475822246,1.6694385776607055,,0.026315789473683515,0.24390243902438427,0.08347637211273572
ORACLE,89,0.8400865800865801,0.8400865800865801,0.024802093179884518,0.02480209317988462,0.8324360487996852,0.803982683982684,0.8371428571428572,1.1802042267904835,1.6719725222431185,,0.0,0.09756097560975371,0.0321678321678322
ORACLE,90,0.83991341991342,0.83991341991342,0.02561605058538761,0.025616050585387715,0.8326052735143644,0.8038095238095239,0.8378787878787879,1.17727163092461,1.6709798332210541,,0.0,0.04878048780487686,0.016083916083916086
ORACLE,91,0.8398701298701299,0.8398701298701299,0.02319074484752206,0.023190744847522152,0.8329988193624558,0.8071428571428572,0.8383116883116883,1.1854949528305956,1.6696634966953279,,0.05263157894736703,0.24390243902438427,0.08428515928515913
ORACLE,92,0.840995670995671,0.840995670995671,0.023805219627095676,0.023805219627095774,0.8332979142070052,0.8069264069264069,0.8390909090909091,1.1832949260161465,1.6626405825563417,,0.10526315789473406,0.12195121951219214,0.040170940170940195
ORACLE,93,0.8414718614718615,0.8414718614718615,0.024563879977514122,0.02456387997751422,0.8337622983077527,0.8067532467532468,0.8392640692640693,1.185000950741843,1.660832320370697,,0.10526315789473406,0.07317073170731528,0.026767676767676767
ORACLE,94,0.8411688311688311,0.8411688311688311,0.024658704001288743,0.024658704001288848,0.8338055883510429,0.8069264069264069,0.8388311688311688,1.181480754573919,1.6639333544762405,,0.05263157894736703,0.07317073170731528,0.02365967365967364
ORACLE,95,0.8415151515151515,0.8415151515151515,0.025096115468083862,0.02509611546808397,0.8338567493112948,0.8048917748917749,0.8403030303030303,1.1796014993765298,1.6627421992956304,,0.07894736842105055,0.19512195121950743,0.06550116550116553
ORACLE,96,0.8412121212121212,0.8412121212121212,0.02395544147106877,0.023955441471068876,0.8340181031090123,0.8061471861471862,0.8397835497835497,1.1835833483518865,1.6656109153953402,,0.05263157894736703,0.19512195121950743,0.06802641802641797
ORACLE,97,0.841038961038961,0.841038961038961,0.024557832410269185,0.024557832410269292,0.8342778433687523,0.8059307359307359,0.8406493506493506,1.1815202385996761,1.6678495951927639,,0.10526315789473406,0.19512195121950743,0.06116762025852939
ORACLE,98,0.8413852813852813,0.8413852813852813,0.02478961368375688,0.024789613683756987,0.8341558441558441,0.8051948051948052,0.8402164502164502,1.181177285431523,1.6674900458786457,,0.05263157894736703,0.12195121951219214,0.03833439287984744
ORACLE,99,0.8412121212121212,0.8412121212121212,0.023499115580464105,0.02349911558046421,0.8347264856355765,0.8067965367965368,0.8409090909090909,1.1802927809212425,1.6661722798694345,,0.05263157894736703,0.24390243902438427,0.08679098679098679
ORACLE,100,0.8412987012987013,0.8412987012987013,0.022606004423620634,0.022606004423620735,0.8348720975993704,0.8074025974025975,0.8401298701298702,1.1799878656001535,1.6724759025492228,,0.0,0.170731707317069,0.06272338772338772
ORACLE,101,0.8410822510822511,0.8410822510822511,0.022096231141705978,0.02209623114170607,0.8351829988193624,0.8085714285714286,0.8404761904761905,1.1715599186360717,1.6685324534253148,,0.10526315789473406,0.21951219512194586,0.07838878293423746
ORACLE,102,0.8412554112554113,0.8412554112554113,0.022391960819059267,0.022391960819059364,0.834974419519874,0.8074025974025975,0.8404329004329004,1.1723337536185015,1.6722336834476703,,0.026315789473683515,0.14634146341463056,0.05263120717666176
ORACLE,103,0.840952380952381,0.840952380952381,0.022670211718183068,0.02267021171818317,0.8350491932310113,0.8079220779220779,0.84004329004329,1.174269056294765,1.6706595851417378,,0.05263157894736703,0.170731707317069,0.052903157448611994
ORACLE,104,0.8412987012987013,0.8412987012987013,0.021538379422266052,0.02153837942226615,0.8353089334907516,0.8081818181818182,0.8409090909090909,1.1749995736392918,1.6734121586538062,,0.05263157894736703,0.21951219512194586,0.07577700077700088
ORACLE,105,0.8411255411255412,0.8411255411255412,0.020458298362411184,0.020458298362411274,0.8355096418732783,0.809047619047619,0.8402597402597403,1.1751580377870967,1.674075711854877,,0.05263157894736703,0.24390243902438427,0.07767005721551173
ORACLE,106,0.8408658008658009,0.8408658008658009,0.020904761100696553,0.02090476110069665,0.8354427390791027,0.8077489177489178,0.8403463203463204,1.176080258676514,1.6792240130721647,,0.13157894736841758,0.19512195121950743,0.07163947163947168
ORACLE,107,0.8409090909090909,0.8409090909090909,0.02250511446037063,0.022505114460370734,0.8353010625737898,0.806060606060606,0.8403030303030303,1.1767327396125191,1.675324049436247,,0.10526315789473406,0.14634146341463056,0.0557303807303808
ORACLE,108,0.8412987012987013,0.8412987012987013,0.022666863775926603,0.022666863775926707,0.8355647382920108,0.8069264069264069,0.8406060606060606,1.1779138220770882,1.6791247542596195,,0.026315789473683515,0.170731707317069,0.058430458430458465
ORACLE,109,0.8411255411255412,0.8411255411255412,0.02283107776457607,0.02283107776457618,0.8356355765446675,0.8066666666666666,0.8406926406926407,1.1781361391941476,1.6740436905615,,0.05263157894736703,0.14634146341463056,0.04615384615384619
ORACLE,110,0.8411688311688311,0.8411688311688311,0.02183066282485889,0.021830662824858984,0.8359661550570642,0.8087445887445888,0.8405627705627705,1.1788705731376945,1.6774301114428356,,0.05263157894736703,0.19512195121950743,0.06550116550116541
ORACLE,111,0.8413419913419914,0.8413419913419914,0.021889406515102974,0.02188940651510308,0.8361944116489571,0.8082683982683982,0.8408225108225108,1.1847956667589088,1.6738632972733436,,0.07894736842105055,0.19512195121950743,0.07182312636858094
ORACLE,112,0.8412554112554113,0.8412554112554113,0.022338877500407514,0.022338877500407615,0.8359582841401024,0.807012987012987,0.841038961038961,1.1842077991848632,1.6745052410873473,,0.13157894736841758,0.14634146341463056,0.04960090414635875
ORACLE,113,0.8417316017316018,0.8417316017316018,0.02249137353945848,0.022491373539458584,0.8361511216056671,0.8064502164502164,0.8411255411255412,1.1832945835245003,1.6742365790771911,,0.026315789473683515,0.04878048780487686,0.01608391608391606
ORACLE,114,0.8417748917748917,0.8417748917748917,0.02243966021191153,0.022439660211911627,0.8362258953168044,0.8065800865800866,0.8412121212121212,1.1834874051360202,1.6724525070976592,,0.05263157894736703,0.12195121951219214,0.04133644133644131
ORACLE,115,0.841948051948052,0.841948051948052,0.022295358770374064,0.022295358770374155,0.8363164108618655,0.8083549783549784,0.841038961038961,1.180135728560579,1.6748140264511422,,0.10526315789473406,0.14634146341463056,0.05001942501942499
ORACLE,116,0.8415584415584415,0.8415584415584415,0.02132134094729777,0.021321340947297863,0.8365131837859111,0.8098268398268398,0.8415584415584415,1.1743778977018255,1.6764830795272743,,0.1842105263157846,0.24390243902438427,0.08573144027689482
ORACLE,117,0.8417748917748917,0.8417748917748917,0.02180280198681685,0.021802801986816955,0.8366194411648956,0.8084848484848485,0.8412987012987013,1.180585653952562,1.6722617208062358,,0.07894736842105055,0.14634146341463056,0.047319347319347366
ORACLE,118,0.8421212121212122,0.8421212121212122,0.02223041583521984,0.022230415835219945,0.8367571822117278,0.8074025974025975,0.8414285714285714,1.1808593850453484,1.6715457959904896,,0.0,0.07317073170731528,0.0251748251748252
ORACLE,119,0.841948051948052,0.841948051948052,0.021736196949633697,0.021736196949633798,0.8370247933884297,0.8085714285714286,0.8419047619047619,1.1815903398030037,1.6703282721838055,,0.0,0.170731707317069,0.059196863742318265
ORACLE,120,0.8422077922077922,0.8422077922077922,0.021107135720796037,0.021107135720796134,0.8370956316410861,0.8097402597402598,0.8422077922077922,1.1779132977709055,1.6701230380115974,,0.07894736842105055,0.170731707317069,0.06247969202514654
ORACLE,121,0.8421212121212122,0.8421212121212122,0.02114357440427397,0.021143574404274057,0.8371192443919717,0.8099134199134199,0.8419047619047619,1.1838053767942847,1.6697974361451928,,0.07894736842105055,0.07317073170731528,0.024348378893833456
ORACLE,122,0.8422510822510823,0.8422510822510823,0.02161008192209274,0.021610081922092836,0.8372176308539945,0.8092207792207792,0.8425108225108225,1.188342058312797,1.674358590374508,,0.13157894736841758,0.14634146341463056,0.04832944832944837
ORACLE,123,0.8427705627705627,0.8427705627705627,0.022133651546968756,0.022133651546968856,0.8374144037780401,0.8077922077922078,0.8431168831168832,1.1836860486482332,1.6722817662248035,,0.07894736842105055,0.12195121951219214,0.04125874125874129
ORACLE,124,0.8426406926406926,0.8426406926406926,0.021685214711971955,0.021685214711972052,0.837477371113735,0.8088744588744589,0.8429004329004329,1.183787884363942,1.6713834485207784,,0.0,0.170731707317069,0.05568976478067387
ORACLE,125,0.8426406926406926,0.8426406926406926,0.02195119012255368,0.021951190122553782,0.8376938213301849,0.8083982683982684,0.8434632034632035,1.181207091926133,1.6706719008028095,,0.10526315789473406,0.12195121951219214,0.0397435897435897
ORACLE,126,0.8425108225108225,0.8425108225108225,0.023065298671759032,0.023065298671759136,0.8378748524203069,0.8065800865800866,0.8430735930735931,1.1816869202460911,1.6708682170352422,,0.05263157894736703,0.09756097560975371,0.03235148689694147
ORACLE,127,0.8427272727272728,0.8427272727272728,0.022319420575342423,0.022319420575342523,0.8377843368752459,0.8082251082251082,0.842943722943723,1.1781182301701887,1.6719672491223545,,0.07894736842105055,0.12195121951219214,0.0466394716394716
ORACLE,128,0.8427705627705627,0.8427705627705627,0.022387399575054454,0.022387399575054548,0.8381621408894137,0.8081385281385282,0.8435930735930736,1.1838727367003994,1.6709961483456255,,0.0,0.12195121951219214,0.04285159285159288
ORACLE,129,0.8427272727272728,0.8427272727272728,0.022195060116962616,0.022195060116962716,0.8382211727666273,0.8083982683982684,0.8431168831168832,1.1845055686821546,1.674915304148409,,0.026315789473683515,0.170731707317069,0.05835275835275834
ORACLE,130,0.8428571428571429,0.8428571428571429,0.0226506138799393,0.02265061387993941,0.8382487209759937,0.8074458874458874,0.8433333333333334,1.1854180096440157,1.6775701324165753,,0.13157894736841758,0.170731707317069,0.05843928798474258
ORACLE,131,0.8428571428571429,0.8428571428571429,0.021897144084705056,0.021897144084705156,0.8383982683982684,0.8090909090909091,0.8432467532467532,1.191420021102693,1.675078985385829,,0.026315789473683515,0.12195121951219214,0.04639577594123047
ORACLE,132,0.842987012987013,0.842987012987013,0.021940964009043325,0.02194096400904343,0.8386343959071233,0.8083982683982684,0.8435497835497836,1.195844100893654,1.6743216137216004,,0.026315789473683515,0.09756097560975371,0.032167832167832165
ORACLE,133,0.842943722943723,0.842943722943723,0.022501595281573687,0.02250159528157379,0.8385320739866194,0.8077489177489178,0.8432034632034632,1.1946432287318973,1.6766182130331861,,0.026315789473683515,0.19512195121950743,0.06651126651126653
ORACLE,134,0.8423376623376624,0.8423376623376624,0.022009128256103554,0.022009128256103655,0.8383431719795357,0.8072294372294372,0.842987012987013,1.194214597278544,1.6817405949975799,,0.026315789473683515,0.170731707317069,0.05601116055661515
ORACLE,135,0.8427272727272728,0.8427272727272728,0.021339125001549348,0.021339125001549445,0.8383943329397874,0.8084415584415584,0.8433766233766233,1.1974182180588278,1.677990052081422,,0.10526315789473406,0.14634146341463056,0.05211732711732706
ORACLE,136,0.8429004329004329,0.8429004329004329,0.020684632889344585,0.02068463288934468,0.8386698150334514,0.8090043290043291,0.8436363636363636,1.1995935603944,1.675757491803466,,0.07894736842105055,0.19512195121950743,0.0658596454050999
ORACLE,137,0.842987012987013,0.842987012987013,0.021274274209826416,0.02127427420982652,0.8387760724124361,0.8080952380952381,0.8441125541125541,1.1967901328732538,1.6739982396176356,,0.13157894736841758,0.12195121951219214,0.041258741258741335
ORACLE,138,0.8433333333333334,0.8433333333333334,0.02136144791443328,0.021361447914433382,0.8387563951200314,0.8080952380952381,0.8444588744588745,1.1959225887303364,1.6717577683012168,,0.13157894736841758,0.170731707317069,0.05651621106166564
ORACLE,139,0.8436796536796537,0.8436796536796537,0.02164128553319404,0.02164128553319414,0.838819362455726,0.8077489177489178,0.8446753246753247,1.195619140240048,1.6732941288003387,,0.13157894736841758,0.09756097560975371,0.03275058275058281
ORACLE,140,0.8436796536796537,0.8436796536796537,0.022039165756381655,0.022039165756381755,0.8388311688311688,0.807965367965368,0.8446320346320346,1.194196651818603,1.6754954976289667,,0.026315789473683515,0.09756097560975371,0.032934237479692034
ORACLE,141,0.8437662337662337,0.8437662337662337,0.022171330332412482,0.022171330332412587,0.8388823297914206,0.8072727272727273,0.8448051948051948,1.185588519087554,1.6758367175203643,,0.07894736842105055,0.170731707317069,0.05685526594617502
ORACLE,142,0.8437662337662337,0.8437662337662337,0.021312459496889775,0.021312459496889875,0.8391381345926802,0.8082251082251082,0.8447186147186148,1.18751889274383,1.6746303921706334,,0.026315789473683515,0.19512195121950743,0.06694744649290096
ORACLE,143,0.8438528138528139,0.8438528138528139,0.021196159887523904,0.021196159887524005,0.839323101141283,0.8083549783549784,0.8445887445887446,1.1890787127164346,1.6743521675370256,,0.026315789473683515,0.170731707317069,0.0608868404322951
ORACLE,144,0.8443290043290044,0.8443290043290044,0.02063039482058679,0.020630394820586886,0.8395277449822905,0.8094372294372294,0.8448051948051948,1.1885577546431192,1.673334574511738,,0.05263157894736703,0.09756097560975371,0.03502331002330997
ORACLE,145,0.8441125541125541,0.8441125541125541,0.020713631505606223,0.020713631505606324,0.8394844549390004,0.8090909090909091,0.8453679653679653,1.1938449753371807,1.672347977090069,,0.026315789473683515,0.14634146341463056,0.04832944832944837
ORACLE,146,0.8441991341991342,0.8441991341991342,0.019887893968148097,0.01988789396814819,0.8395828414010231,0.8100865800865801,0.8445021645021645,1.1981538065490764,1.6765436052168097,,0.0,0.21951219512194586,0.0792523133432225
ORACLE,147,0.8441558441558441,0.8441558441558441,0.020010748800322893,0.02001074880032299,0.8396930342384888,0.8102597402597402,0.8443722943722943,1.2024379281498216,1.6751541202527256,,0.05263157894736703,0.21951219512194586,0.07997280497280512
ORACLE,148,0.843939393939394,0.843939393939394,0.01968343347711636,0.01968343347711645,0.8397127115308933,0.8113419913419914,0.8442857142857143,1.200325026073703,1.6775239980523466,,0.07894736842105055,0.14634146341463056,0.05573038073038074
ORACLE,149,0.844025974025974,0.844025974025974,0.01942996033765823,0.01942996033765832,0.8397205824478552,0.8112554112554112,0.8444588744588745,1.1996052417630856,1.680131608818352,,0.0,0.14634146341463056,0.05212615667161122
ORACLE,150,0.843982683982684,0.843982683982684,0.01953707849385704,0.019537078493857135,0.839685163321527,0.8108225108225108,0.8445454545454546,1.202671038292183,1.6782946230314533,,0.026315789473683515,0.07317073170731528,0.0274475524475525
ORACLE,151,0.843939393939394,0.843939393939394,0.019629584720989086,0.019629584720989184,0.839771743408107,0.811038961038961,0.8445887445887446,1.2014245839874957,1.6792031226955066,,0.05263157894736703,0.14634146341463056,0.04673659673659675
ORACLE,152,0.843982683982684,0.843982683982684,0.019120608978156556,0.01912060897815665,0.8399291617473434,0.8113419913419914,0.8448484848484848,1.2011818045831184,1.6805236352773543,,0.05263157894736703,0.14634146341463056,0.048834498834498835
ORACLE,153,0.8438961038961039,0.8438961038961039,0.017809446999015068,0.017809446999015155,0.8403030303030302,0.8133766233766234,0.8454112554112554,1.2040669872799974,1.6803338542677348,,0.026315789473683515,0.24390243902438427,0.08992724447269897
ORACLE,154,0.8441125541125541,0.8441125541125541,0.017928782997953287,0.017928782997953373,0.840090515545061,0.8124675324675324,0.8449783549783549,1.2028876664076018,1.6790066929109502,,0.05263157894736703,0.14634146341463056,0.04522144522144525
ORACLE,155,0.8443722943722943,0.8443722943722943,0.017063041162838195,0.017063041162838275,0.8403148366784731,0.8142424242424242,0.8448484848484848,1.2016861090794502,1.6786842448806003,,0.10526315789473406,0.170731707317069,0.05961538461538452
ORACLE,156,0.8441991341991342,0.8441991341991342,0.01717547426488822,0.017175474264888302,0.8400354191263283,0.8133766233766234,0.8445454545454546,1.200771240533209,1.6799996755887074,,0.07894736842105055,0.170731707317069,0.05465140919686378
ORACLE,157,0.8441991341991342,0.8441991341991342,0.01686137336516157,0.016861373365161646,0.8403305785123968,0.814025974025974,0.8444588744588745,1.203675624357397,1.6760502648415052,,0.13157894736841758,0.21951219512194586,0.07501942501942499
ORACLE,158,0.8444588744588745,0.8444588744588745,0.017136096517422858,0.01713609651742294,0.8404289649744195,0.813939393939394,0.845021645021645,1.2038487911391043,1.6762672615375984,,0.0,0.04878048780487686,0.014568764568764592
ORACLE,159,0.8440692640692641,0.8440692640692641,0.01703998765202623,0.017039987652026314,0.8404761904761903,0.814025974025974,0.8455844155844155,1.2024902093589738,1.6763836777724848,,0.13157894736841758,0.21951219512194586,0.07233877233877241
ORACLE,160,0.8443722943722943,0.8443722943722943,0.016960248959635004,0.016960248959635087,0.8405509641873278,0.8145021645021645,0.8458874458874459,1.201509202522294,1.6755216966741637,,0.07894736842105055,0.14634146341463056,0.050524475524475435
ORACLE,161,0.8442857142857143,0.8442857142857143,0.017289831028342355,0.017289831028342435,0.8403935458480913,0.8136363636363636,0.8455411255411256,1.1958578000480835,1.678347799913164,,0.10526315789473406,0.12195121951219214,0.03974358974358982
ORACLE,162,0.8438961038961039,0.8438961038961039,0.017584557914571017,0.017584557914571104,0.8404486422668241,0.8132900432900433,0.8454112554112554,1.196318016080777,1.6761337055091854,,0.05263157894736703,0.14634146341463056,0.04834710743801657
ORACLE,163,0.8441558441558441,0.8441558441558441,0.018081513217594436,0.018081513217594523,0.8404053522235341,0.8127705627705628,0.8455844155844155,1.1967731794350644,1.672752212334637,,0.07894736842105055,0.0,0.0
ORACLE,164,0.8442424242424242,0.8442424242424242,0.0177813569282677,0.017781356928267787,0.8406021251475796,0.812943722943723,0.8453246753246754,1.2014647650461294,1.6761591377564922,,0.05263157894736703,0.21951219512194586,0.07837995337995343
ORACLE,165,0.8444588744588745,0.8444588744588745,0.017482717054029515,0.017482717054029602,0.8407359307359308,0.813982683982684,0.8457142857142858,1.2043554321661638,1.677263259060366,,0.05263157894736703,0.170731707317069,0.05372960372960371
ORACLE,166,0.8446320346320346,0.8446320346320346,0.017729136580929828,0.017729136580929915,0.840767414403778,0.8132900432900433,0.8458008658008658,1.204124273746491,1.6755956244736534,,0.05263157894736703,0.09756097560975371,0.03275058275058276
ORACLE,167,0.8450649350649351,0.8450649350649351,0.016684616596383,0.01668461659638308,0.8411885084612357,0.8145454545454546,0.8463203463203464,1.2141465706357317,1.6764320788920208,,0.07894736842105055,0.26829268292682273,0.08608109062654509
ORACLE,168,0.8447619047619047,0.8447619047619047,0.017051264046028553,0.017051264046028636,0.8410114128295946,0.8137662337662338,0.8464069264069264,1.2083076344348018,1.6759660768449536,,0.10526315789473406,0.12195121951219214,0.038228438228438286
ORACLE,169,0.8447619047619047,0.8447619047619047,0.016452242796161216,0.016452242796161295,0.8411885084612355,0.8148051948051948,0.8459740259740259,1.2119001038466166,1.6736928746865627,,0.05263157894736703,0.09756097560975371,0.03603341103341092
ORACLE,170,0.8450649350649351,0.8450649350649351,0.01631050382803703,0.016310503828037108,0.8414207005116097,0.8154545454545454,0.846017316017316,1.2136700371783795,1.6725114121114864,,0.07894736842105055,0.19512195121950743,0.06557886557886569
ORACLE,171,0.8452813852813853,0.8452813852813853,0.016717016130681047,0.016717016130681123,0.8412593467138922,0.814025974025974,0.846017316017316,1.2182010392243836,1.676952042291852,,0.10526315789473406,0.12195121951219214,0.04455039909585366
ORACLE,172,0.8451948051948052,0.8451948051948052,0.016245914655251836,0.016245914655251912,0.8413498622589533,0.8144588744588744,0.8457142857142858,1.2213145978859292,1.6746218852953105,,0.05263157894736703,0.170731707317069,0.0627233877233877
ORACLE,173,0.8452813852813853,0.8452813852813853,0.016266136031988537,0.016266136031988617,0.8414600550964187,0.8141125541125541,0.845930735930736,1.2219605165835825,1.6776389044226687,,0.07894736842105055,0.26829268292682273,0.08876174330719792
ORACLE,174,0.8451082251082251,0.8451082251082251,0.01714184417870157,0.017141844178701657,0.8412987012987013,0.8123809523809524,0.846017316017316,1.2184701275302985,1.6759397828910998,,0.13157894736841758,0.07317073170731528,0.026184926184926183
ORACLE,175,0.845021645021645,0.845021645021645,0.017255944066720725,0.01725594406672081,0.8412554112554113,0.8112121212121212,0.8460606060606061,1.2187394114264993,1.6770189522676453,,0.07894736842105055,0.19512195121950743,0.06694744649290105
ORACLE,176,0.8448917748917749,0.8448917748917749,0.01722561986188102,0.0172256198618811,0.8412436048799686,0.8114285714285714,0.8457142857142858,1.2182131785180488,1.6769011257620416,,0.05263157894736703,0.170731707317069,0.05518471427562337
ORACLE,177,0.8447619047619047,0.8447619047619047,0.017993979864098283,0.017993979864098373,0.8412003148366783,0.810995670995671,0.846017316017316,1.216447433312628,1.6794227441663725,,0.05263157894736703,0.14634146341463056,0.047319347319347414
ORACLE,178,0.8445887445887446,0.8445887445887446,0.018080038578230477,0.018080038578230567,0.8411452184179457,0.8105194805194805,0.8451948051948052,1.2179651165761833,1.6815679631660394,,0.026315789473683515,0.14634146341463056,0.050427350427350484
ORACLE,179,0.8447619047619047,0.8447619047619047,0.017718462519348305,0.01771846251934839,0.8412868949232585,0.8119047619047619,0.8457142857142858,1.2153371258294543,1.6792686168239908,,0.026315789473683515,0.07317073170731528,0.029545454545454493
ORACLE,180,0.8447619047619047,0.8447619047619047,0.017934334287898476,0.01793433428789857,0.8412357339630067,0.8108658008658008,0.8457142857142858,1.217327680729727,1.6784414796517122,,0.0,0.170731707317069,0.0560111605566151
ORACLE,181,0.8447186147186148,0.8447186147186148,0.017957456667869316,0.017957456667869402,0.8414679260133805,0.8102597402597402,0.8461471861471861,1.218879152771389,1.6792141455276992,,0.10526315789473406,0.21951219512194586,0.07335770290315756
ORACLE,182,0.8447186147186148,0.8447186147186148,0.017640416428135654,0.017640416428135745,0.8412632821723732,0.8097835497835498,0.845930735930736,1.2201308608474557,1.6808054546358147,,0.0,0.2926829268292611,0.09644345553436469
ORACLE,183,0.8447619047619047,0.8447619047619047,0.017996421795101532,0.017996421795101625,0.8411885084612357,0.8095670995670996,0.8456277056277056,1.2182311131030168,1.6830528387634658,,0.07894736842105055,0.12195121951219214,0.04386169386169386
ORACLE,184,0.8447619047619047,0.8447619047619047,0.017701940633328334,0.017701940633328424,0.8413026367571821,0.81,0.8459740259740259,1.2202750327661207,1.6815778741604213,,0.026315789473683515,0.21951219512194586,0.06930846930846929
ORACLE,185,0.8445454545454546,0.8445454545454546,0.01683666056011054,0.016836660560110628,0.8414836678473041,0.8116450216450216,0.8464069264069264,1.2237747723400756,1.6772829558048685,,0.10526315789473406,0.19512195121950743,0.06610334110334096
ORACLE,186,0.8446320346320346,0.8446320346320346,0.016158464830068806,0.01615846483006889,0.8417119244391973,0.8125974025974027,0.8464935064935065,1.2219475801099746,1.6779460175014498,,0.0,0.26829268292682273,0.0931323726778272
ORACLE,187,0.8451515151515151,0.8451515151515151,0.016349624350220682,0.016349624350220766,0.8417591499409681,0.8121212121212121,0.8462770562770563,1.220538556490652,1.6774907250769489,,0.0,0.09756097560975371,0.029826234371688923
ORACLE,188,0.8454112554112554,0.8454112554112554,0.016457151910558646,0.01645715191055873,0.8419086973632428,0.8122510822510822,0.8465800865800865,1.2259511435987762,1.6769678222015416,,0.05263157894736703,0.170731707317069,0.06045066045066041
ORACLE,189,0.8453679653679653,0.8453679653679653,0.016598048196695712,0.0165980481966958,0.8417866981503345,0.8121212121212121,0.8465800865800865,1.2231971715301304,1.678322389031359,,0.026315789473683515,0.09756097560975371,0.030652680652680717
ORACLE,190,0.8452380952380952,0.8452380952380952,0.016723907257538244,0.016723907257538327,0.8418457300275484,0.8122510822510822,0.8470562770562771,1.2202871190719289,1.6791006702305769,,0.10526315789473406,0.19512195121950743,0.06911421911421911
ORACLE,191,0.8453679653679653,0.8453679653679653,0.016950419936522288,0.016950419936522375,0.8418654073199527,0.8116450216450216,0.8472727272727273,1.2196984761859442,1.6772565839632403,,0.07894736842105055,0.12195121951219214,0.04343434343434348
ORACLE,192,0.8454978354978355,0.8454978354978355,0.016797020365547775,0.016797020365547862,0.8419441164895711,0.8116450216450216,0.8472294372294372,1.218210464980361,1.6778796050814597,,0.026315789473683515,0.21951219512194586,0.07039627039627036
ORACLE,193,0.8455844155844155,0.8455844155844155,0.016982577086239584,0.016982577086239667,0.8419480519480519,0.8114718614718615,0.8468398268398268,1.2179591486727732,1.6769617171023825,,0.05263157894736703,0.04878048780487686,0.013986013986013991
ORACLE,194,0.8455844155844155,0.8455844155844155,0.017033967990792317,0.017033967990792407,0.8421054702872884,0.8117316017316017,0.846926406926407,1.220157709521919,1.6767136686945252,,0.026315789473683515,0.170731707317069,0.05810906265451726
ORACLE,195,0.8457142857142858,0.8457142857142858,0.01738856155145794,0.01738856155145803,0.8420975993703266,0.810995670995671,0.8468398268398268,1.2168107656396776,1.673505691710075,,0.10526315789473406,0.07317073170731528,0.0251748251748252
ORACLE,196,0.8455844155844155,0.8455844155844155,0.016897295095528734,0.016897295095528817,0.8422707595434868,0.8112554112554112,0.8471861471861472,1.2201825646356566,1.6767927597719643,,0.026315789473683515,0.24390243902438427,0.08739316239316247
ORACLE,197,0.8454978354978355,0.8454978354978355,0.017016868187992643,0.01701686818799273,0.842400629673357,0.8107792207792208,0.8472727272727273,1.222482919758402,1.6762753543669842,,0.05263157894736703,0.12195121951219214,0.0455516705516706
ORACLE,198,0.8456277056277056,0.8456277056277056,0.017315754512633532,0.017315754512633622,0.8423297914207005,0.8100865800865801,0.8479653679653679,1.2246127569540042,1.675743011979261,,0.1842105263157846,0.19512195121950743,0.06871512326057783
ORACLE,199,0.8458008658008658,0.8458008658008658,0.01739527829353811,0.017395278293538197,0.8422983077528532,0.8108225108225108,0.8471428571428572,1.2253131641555033,1.677493021779517,,0.07894736842105055,0.09756097560975371,0.03123543123543123
