alg,k,test_acc,test_acc_pi,C_pi,C_unif,mean_test_acc,min_test_acc,max_test_acc,min_train_loss,max_train_loss,rho2_k,gamma_k,beta_k
RDSGD_ORACLE,0,0.7957575757575758,0.7957575757575758,0.010232412014349011,0.010232412014349013,0.658894660894661,0.571948051948052,0.7346753246753247,2.1436611714499048,2.200755681743259,,,
RDSGD_ORACLE,1,0.8186580086580086,0.8186580086580086,0.020402638029413844,0.020402638029413844,0.7273362193362193,0.6604329004329005,0.7631601731601731,1.9730096687344827,2.100919677247066,,,
RDSGD_ORACLE,2,0.8229870129870129,0.8229870129870129,0.02981318204215654,0.02981318204215655,0.7568340548340549,0.6737662337662338,0.8062337662337662,1.8294029309955406,2.0344131005463644,,,
RDSGD_ORACLE,3,0.827012987012987,0.827012987012987,0.04155610053908438,0.0415561005390844,0.7681385281385281,0.6903030303030303,0.8177489177489178,1.7262517007847662,1.9657404855477505,,,
RDSGD_ORACLE,4,0.8312987012987013,0.8312987012987013,0.03984958132770261,0.039849581327702624,0.7886406926406927,0.7278354978354978,0.8204761904761905,1.7150362692231353,1.9111943407649439,,,
RDSGD_ORACLE,5,0.832034632034632,0.832034632034632,0.04347685075100292,0.04347685075100293,0.7975440115440114,0.7446753246753247,0.8231601731601732,1.6704472279234193,1.8623396378431243,,,
RDSGD_ORACLE,6,0.8322510822510822,0.8322510822510822,0.03834157173669889,0.0383415717366989,0.808002886002886,0.7775324675324675,0.831991341991342,1.634211669969808,1.844882040428423,,,
RDSGD_ORACLE,7,0.8351082251082251,0.8351082251082251,0.03802959719706185,0.03802959719706188,0.8151803751803753,0.789047619047619,0.8337662337662337,1.602434631042552,1.81144630979957,,,
RDSGD_ORACLE,8,0.834025974025974,0.834025974025974,0.042044096071933094,0.04204409607193311,0.8174141414141415,0.7923809523809524,0.8361471861471862,1.5516612118314914,1.7842099220281495,,,
RDSGD_ORACLE,9,0.8376190476190476,0.8376190476190476,0.04029996927398329,0.0402999692739833,0.8220606060606062,0.7916450216450216,0.8366666666666667,1.533689021362461,1.7579929547941,,,
RDSGD_ORACLE,10,0.8374025974025974,0.8374025974025974,0.03498750996045587,0.034987509960455875,0.8251688311688312,0.8042857142857143,0.8399567099567099,1.5127311632572937,1.7391949629161574,,,
RDSGD_ORACLE,11,0.8373593073593074,0.8373593073593074,0.024862233080114746,0.024862233080114753,0.8291688311688312,0.815930735930736,0.8395670995670995,1.498032251300778,1.7508470363133743,,,
RDSGD_ORACLE,12,0.8389610389610389,0.8389610389610389,0.025776479063477544,0.02577647906347755,0.8309639249639249,0.8113852813852814,0.8415151515151515,1.4688297571930016,1.7322460933714576,,,
RDSGD_ORACLE,13,0.8411688311688311,0.8411688311688311,0.025092059398325026,0.025092059398325036,0.833088023088023,0.8084848484848485,0.844935064935065,1.447621078051632,1.7192551562539966,,,
RDSGD_ORACLE,14,0.8422943722943723,0.8422943722943723,0.020913623969406672,0.02091362396940668,0.8359682539682539,0.816017316017316,0.8476623376623377,1.4523028626290704,1.715266882191033,,,
RDSGD_ORACLE,15,0.842034632034632,0.842034632034632,0.014162536057578314,0.014162536057578315,0.8379105339105339,0.8213419913419914,0.8454545454545455,1.4613389022513879,1.7115259230616964,,,
RDSGD_ORACLE,16,0.8443290043290044,0.8443290043290044,0.014026822184119393,0.014026822184119402,0.8393823953823955,0.8263203463203463,0.8464935064935065,1.4518810181408928,1.7056152952259618,,,
RDSGD_ORACLE,17,0.8431601731601731,0.8431601731601731,0.013320534570976041,0.013320534570976043,0.8394170274170275,0.8278354978354978,0.8456709956709957,1.4466149608230852,1.7052299723779474,,,
RDSGD_ORACLE,18,0.8430735930735931,0.8430735930735931,0.010875708508718766,0.01087570850871877,0.8407359307359308,0.8328571428571429,0.8453679653679653,1.4430979142836633,1.6923868920839558,,,
RDSGD_ORACLE,19,0.8447619047619047,0.8447619047619047,0.01023121401672658,0.010231214016726584,0.8421904761904762,0.8333333333333334,0.8460606060606061,1.4345654381842796,1.6913535246490434,,,
RDSGD_ORACLE,20,0.8464069264069264,0.8464069264069264,0.009464010232483113,0.009464010232483114,0.8436623376623378,0.8367965367965368,0.8474025974025974,1.4335484590057779,1.6923256026486277,,,
RDSGD_ORACLE,21,0.8465800865800865,0.8465800865800865,0.008486760105427982,0.008486760105427983,0.8440663780663779,0.8373593073593074,0.8476190476190476,1.4236714132660437,1.6941048784744264,,,
RDSGD_ORACLE,22,0.8466233766233766,0.8466233766233766,0.008754077064495677,0.008754077064495679,0.8442655122655124,0.8363636363636363,0.8481818181818181,1.424344602046474,1.692032292549329,,,
RDSGD_ORACLE,23,0.8473593073593073,0.8473593073593073,0.00775834682020741,0.0077583468202074134,0.8442453102453101,0.8331168831168831,0.8486147186147186,1.4220691567778172,1.694165175252462,,,
RDSGD_ORACLE,24,0.8469696969696969,0.8469696969696969,0.0074138342872102254,0.007413834287210228,0.8455584415584416,0.8367099567099567,0.8488744588744589,1.424490559172611,1.6765513710906181,,,
RDSGD_ORACLE,25,0.8473593073593073,0.8473593073593073,0.006735746507183918,0.00673574650718392,0.8458066378066379,0.8376190476190476,0.8496103896103896,1.4201652525633508,1.683763088322784,,,
RDSGD_ORACLE,26,0.8484415584415584,0.8484415584415584,0.007563090718774212,0.007563090718774215,0.845838383838384,0.8386580086580087,0.85,1.4201253272962482,1.6740654398140504,,,
RDSGD_ORACLE,27,0.8488744588744589,0.8488744588744589,0.005815842599640906,0.00581584259964091,0.8466608946608948,0.8420779220779221,0.8506493506493507,1.4173093086925228,1.6855145893708867,,,
RDSGD_ORACLE,28,0.8491774891774891,0.8491774891774891,0.005790920259624846,0.005790920259624848,0.8471399711399712,0.8408225108225108,0.851038961038961,1.4199661163666828,1.688694563316409,,,
RDSGD_ORACLE,29,0.8495238095238096,0.8495238095238096,0.006098339605866594,0.006098339605866597,0.8477518037518036,0.8417316017316018,0.8514285714285714,1.4097434956787878,1.686141133888714,,,
RDSGD_ORACLE,30,0.8503463203463203,0.8503463203463203,0.0054994542700743726,0.0054994542700743726,0.8482683982683983,0.843939393939394,0.8510822510822511,1.4137665994835502,1.685826810512049,,,
RDSGD_ORACLE,31,0.8497835497835498,0.8497835497835498,0.004996489991415332,0.004996489991415334,0.8485483405483405,0.843939393939394,0.8514718614718615,1.413796511366626,1.6941939960128836,,,
RDSGD_ORACLE,32,0.8499567099567099,0.8499567099567099,0.00423530520264687,0.0042353052026468715,0.8490418470418472,0.8448484848484848,0.8514285714285714,1.4183002857168272,1.6959103061011462,,,
RDSGD_ORACLE,33,0.8505194805194806,0.8505194805194806,0.004993040829180863,0.0049930408291808635,0.8493506493506493,0.8462770562770563,0.8522943722943723,1.4116282895639198,1.681957022871203,,,
RDSGD_ORACLE,34,0.8511255411255412,0.8511255411255412,0.0038309843790144535,0.0038309843790144543,0.8500404040404039,0.8462337662337662,0.853030303030303,1.414008957432311,1.6835991711151392,,,
RDSGD_ORACLE,35,0.8512121212121212,0.8512121212121212,0.004057210291860208,0.00405721029186021,0.8502164502164503,0.8459740259740259,0.8532034632034632,1.407075277435952,1.6828862509990128,,,
RDSGD_ORACLE,36,0.8503896103896104,0.8503896103896104,0.004202026826879986,0.004202026826879987,0.8495757575757577,0.8456709956709957,0.8518614718614719,1.406693092465669,1.6800918353600505,,,
RDSGD_ORACLE,37,0.8508225108225108,0.8508225108225108,0.004040666781694811,0.004040666781694812,0.850112554112554,0.8474891774891775,0.8522510822510823,1.4141623271794028,1.687126514551058,,,
RDSGD_ORACLE,38,0.8515151515151516,0.8515151515151516,0.003705365610513452,0.003705365610513453,0.8506406926406928,0.847012987012987,0.852987012987013,1.4136295255925997,1.6862784194944025,,,
RDSGD_ORACLE,39,0.8504761904761905,0.8504761904761905,0.0039505478626677346,0.003950547862667736,0.8501269841269841,0.8472727272727273,0.8531601731601731,1.4038345852985077,1.676463007129712,,,
RDSGD_ORACLE,40,0.8503896103896104,0.8503896103896104,0.004004535825130636,0.0040045358251306375,0.8502510822510821,0.8466233766233766,0.8521645021645021,1.4111104612429732,1.6813850372260832,,,
RDSGD_ORACLE,41,0.8507359307359308,0.8507359307359308,0.003233597571641643,0.003233597571641643,0.8501904761904762,0.8473593073593073,0.8518181818181818,1.4150035717987006,1.6838814701666172,,,
RDSGD_ORACLE,42,0.8506493506493507,0.8506493506493507,0.00306973657305345,0.00306973657305345,0.8501269841269842,0.8467532467532467,0.8528571428571429,1.4158019926842103,1.6676710323292288,,,
RDSGD_ORACLE,43,0.8508658008658009,0.8508658008658009,0.0028176806883029935,0.0028176806883029944,0.8504415584415584,0.8474458874458874,0.8519480519480519,1.4161240389757346,1.6683518691370893,,,
RDSGD_ORACLE,44,0.8513852813852814,0.8513852813852814,0.0026961507548947136,0.0026961507548947145,0.8507994227994228,0.8483549783549783,0.8522510822510823,1.4114358988910887,1.6858304584791632,,,
RDSGD_ORACLE,45,0.8519047619047619,0.8519047619047619,0.0030361566337484326,0.003036156633748434,0.8515064935064934,0.8475757575757575,0.853030303030303,1.4148292658073363,1.6860562346646473,,,
RDSGD_ORACLE,46,0.8516883116883117,0.8516883116883117,0.0031331016301947238,0.003133101630194724,0.8513535353535353,0.8486147186147186,0.8537229437229438,1.4146715947997874,1.690796300954411,,,
RDSGD_ORACLE,47,0.8518614718614719,0.8518614718614719,0.002907710241382432,0.002907710241382432,0.8516854256854256,0.847012987012987,0.8542424242424242,1.4188257849436725,1.6867334524820485,,,
RDSGD_ORACLE,48,0.8527272727272728,0.8527272727272728,0.003686336467721825,0.0036863364677218267,0.8517546897546899,0.8467965367965368,0.8538961038961039,1.4141943039223923,1.6798744975038977,,,
RDSGD_ORACLE,49,0.8528138528138528,0.8528138528138528,0.002943635318171659,0.002943635318171661,0.8524069264069263,0.84991341991342,0.8540692640692641,1.4153643124339912,1.6841039602274128,,,
RDSGD_ORACLE,50,0.8531168831168832,0.8531168831168832,0.002769876560027692,0.0027698765600276914,0.8523694083694083,0.85,0.855021645021645,1.4155037779808723,1.6839589271904545,,,
RDSGD_ORACLE,51,0.8531601731601731,0.8531601731601731,0.002669979846128142,0.0026699798461281427,0.8527070707070706,0.8503030303030303,0.8545454545454545,1.4148087078393496,1.6840508869538826,,,
RDSGD_ORACLE,52,0.8533766233766233,0.8533766233766233,0.0019901338746359867,0.0019901338746359867,0.8528860028860029,0.8511255411255412,0.8545021645021645,1.4168774010733465,1.6862360613002327,,,
RDSGD_ORACLE,53,0.8532034632034632,0.8532034632034632,0.0023032622595841987,0.0023032622595842,0.8527878787878789,0.8496536796536797,0.8546753246753247,1.417109937471122,1.6872985161823177,,,
RDSGD_ORACLE,54,0.8529437229437229,0.8529437229437229,0.002181624850340917,0.0021816248503409175,0.8528600288600289,0.850909090909091,0.8545887445887446,1.4170509426666698,1.6846251189021053,,,
RDSGD_ORACLE,55,0.8533766233766233,0.8533766233766233,0.002304943668977041,0.002304943668977042,0.8531976911976911,0.85,0.8549350649350649,1.4151877143351062,1.6842913790805598,,,
RDSGD_ORACLE,56,0.8533333333333334,0.8533333333333334,0.002057507444595462,0.002057507444595462,0.852989898989899,0.8500865800865801,0.855021645021645,1.4172564676488097,1.684578036340755,,,
RDSGD_ORACLE,57,0.8535064935064935,0.8535064935064935,0.0017948494404425596,0.0017948494404425594,0.8534314574314575,0.8511688311688311,0.855021645021645,1.414123275581916,1.6841926871708657,,,
RDSGD_ORACLE,58,0.8537662337662337,0.8537662337662337,0.0018439492784148206,0.0018439492784148215,0.8535642135642135,0.8512987012987013,0.8550649350649351,1.4165863574418016,1.683813773134689,,,
RDSGD_ORACLE,59,0.854025974025974,0.854025974025974,0.0018285035777024488,0.0018285035777024497,0.8535468975468975,0.850995670995671,0.8558008658008658,1.4115609708357677,1.6841013431217537,,,
RDSGD_ORACLE,60,0.8541558441558441,0.8541558441558441,0.0016004330847349231,0.0016004330847349238,0.8536392496392496,0.8503896103896104,0.8554545454545455,1.4163696217196198,1.6805776502971308,,,
RDSGD_ORACLE,61,0.8537229437229438,0.8537229437229438,0.001582548088469591,0.0015825480884695917,0.8534574314574316,0.8517316017316018,0.8548051948051948,1.4149911550300363,1.6859228584372596,,,
RDSGD_ORACLE,62,0.8541558441558441,0.8541558441558441,0.0015701856036260938,0.001570185603626094,0.8538066378066378,0.8516017316017316,0.8554112554112554,1.4147421275905359,1.685257593698053,,,
RDSGD_ORACLE,63,0.8545887445887446,0.8545887445887446,0.001563750304962966,0.0015637503049629664,0.8540894660894661,0.852034632034632,0.8553679653679653,1.416206310308237,1.6841759307969733,,,
RDSGD_ORACLE,64,0.8547619047619047,0.8547619047619047,0.0016118257769176685,0.0016118257769176692,0.8541587301587301,0.8524242424242424,0.8552380952380952,1.417097733648714,1.6833882811551217,,,
RDSGD_ORACLE,65,0.8548917748917749,0.8548917748917749,0.0014776544606568333,0.0014776544606568335,0.8546060606060607,0.8526406926406926,0.8558441558441559,1.419607956146297,1.6776692593373657,,,
RDSGD_ORACLE,66,0.8546753246753247,0.8546753246753247,0.0013442886755078384,0.0013442886755078388,0.8544790764790765,0.852987012987013,0.8554978354978355,1.410525604918441,1.6811920659408666,,,
RDSGD_ORACLE,67,0.854978354978355,0.854978354978355,0.001227969685880911,0.0012279696858809113,0.8545367965367966,0.8531168831168832,0.8558441558441559,1.4170774715452705,1.6817863945574134,,,
RDSGD_ORACLE,68,0.8551082251082252,0.8551082251082252,0.0013528017691859,0.0013528017691859004,0.8545945165945166,0.8532034632034632,0.8561038961038961,1.4181291827516023,1.6826684376822807,,,
RDSGD_ORACLE,69,0.8548484848484849,0.8548484848484849,0.0015295913529961545,0.0015295913529961554,0.8546089466089465,0.8526839826839827,0.8561904761904762,1.409780117223589,1.6858732936121985,,,
RDSGD_ORACLE,70,0.8548484848484849,0.8548484848484849,0.0011765736699119976,0.0011765736699119978,0.854764790764791,0.8535930735930736,0.8563636363636363,1.4176886098266892,1.681223990564261,,,
RDSGD_ORACLE,71,0.8548051948051948,0.8548051948051948,0.0012777349912365442,0.0012777349912365444,0.8546406926406926,0.8527705627705627,0.8563203463203464,1.4153282219135277,1.6786734498328595,,,
RDSGD_ORACLE,72,0.854978354978355,0.854978354978355,0.0014549132148849733,0.001454913214884974,0.8550562770562771,0.8529437229437229,0.8564069264069264,1.412515544501463,1.6776882855353616,,,
RDSGD_ORACLE,73,0.8552813852813853,0.8552813852813853,0.001268630745364646,0.0012686307453646463,0.855024531024531,0.8532467532467533,0.8563203463203464,1.4146786141323775,1.6804264185332454,,,
RDSGD_ORACLE,74,0.855021645021645,0.855021645021645,0.0012942316848002392,0.0012942316848002396,0.8551832611832612,0.8535930735930736,0.8563636363636363,1.4149128289465607,1.685461654954935,,,
RDSGD_ORACLE,75,0.8552813852813853,0.8552813852813853,0.0011954939105135874,0.0011954939105135879,0.8554285714285714,0.8539393939393939,0.8570562770562771,1.4171668129332529,1.6797228205246413,,,
RDSGD_ORACLE,76,0.8553679653679653,0.8553679653679653,0.0011822035721237884,0.0011822035721237893,0.8555007215007214,0.854025974025974,0.8563636363636363,1.409992639769629,1.685290335627864,,,
RDSGD_ORACLE,77,0.8549350649350649,0.8549350649350649,0.0011193496661269877,0.0011193496661269884,0.8554978354978354,0.854025974025974,0.8570562770562771,1.4114330318848833,1.6850420704747888,,,
RDSGD_ORACLE,78,0.8554545454545455,0.8554545454545455,0.0013676385291014452,0.0013676385291014456,0.8555555555555556,0.8535497835497835,0.8567532467532467,1.4128817090792412,1.6789240893482265,,,
RDSGD_ORACLE,79,0.856017316017316,0.856017316017316,0.0011828647434133648,0.0011828647434133652,0.8557662337662337,0.8542857142857143,0.8568398268398268,1.4150783636530713,1.688144781049408,,,
RDSGD_ORACLE,80,0.8557142857142858,0.8557142857142858,0.0011129864162466572,0.0011129864162466576,0.8559018759018759,0.8548484848484849,0.8565800865800866,1.4147034775367118,1.6889722962128364,,,
RDSGD_ORACLE,81,0.8555411255411255,0.8555411255411255,0.0010508302552046799,0.0010508302552046803,0.8558672438672438,0.8541125541125542,0.8566233766233766,1.41492008492241,1.6810171741790787,,,
RDSGD_ORACLE,82,0.8557575757575757,0.8557575757575757,0.0010234583890731134,0.0010234583890731137,0.8556883116883116,0.8538095238095238,0.8563636363636363,1.4167656801376332,1.6846214794533119,,,
RDSGD_ORACLE,83,0.8555844155844156,0.8555844155844156,0.001119441732350888,0.001119441732350888,0.8555324675324675,0.853982683982684,0.8564069264069264,1.4156980034824682,1.6820957919096706,,,
RDSGD_ORACLE,84,0.8555844155844156,0.8555844155844156,0.0010432118486912404,0.0010432118486912408,0.8556450216450214,0.8546320346320346,0.8571861471861472,1.4133897987314679,1.6832624805238472,,,
RDSGD_ORACLE,85,0.8555411255411255,0.8555411255411255,0.0008930580747914761,0.0008930580747914762,0.8556940836940837,0.8546753246753247,0.8562770562770563,1.4168165222865716,1.6784177739832182,,,
RDSGD_ORACLE,86,0.8554978354978355,0.8554978354978355,0.0008711573282596975,0.0008711573282596978,0.8558528138528139,0.8548484848484849,0.8566666666666667,1.4170266924726342,1.679024729776027,,,
RDSGD_ORACLE,87,0.8558441558441559,0.8558441558441559,0.0009287533904380715,0.0009287533904380717,0.8559769119769118,0.8545021645021645,0.8569696969696969,1.4171341316403732,1.6758781287724158,,,
RDSGD_ORACLE,88,0.8557142857142858,0.8557142857142858,0.0009349276761517767,0.0009349276761517769,0.85607215007215,0.8548051948051948,0.8569696969696969,1.4174083508656627,1.6750060709383139,,,
RDSGD_ORACLE,89,0.8558874458874459,0.8558874458874459,0.0010111213564198583,0.0010111213564198587,0.8561240981240982,0.8546753246753247,0.8574891774891775,1.4161014870644386,1.6809546569097407,,,
RDSGD_ORACLE,90,0.856017316017316,0.856017316017316,0.0007563360431512623,0.0007563360431512624,0.8561587301587301,0.8546753246753247,0.8571861471861472,1.4169272164277946,1.6839069083696376,,,
RDSGD_ORACLE,91,0.8557142857142858,0.8557142857142858,0.0007303666266246632,0.0007303666266246634,0.8558470418470419,0.8548484848484849,0.8566666666666667,1.418224438905276,1.685668632285081,,,
RDSGD_ORACLE,92,0.8558441558441559,0.8558441558441559,0.0006832385133014936,0.0006832385133014938,0.8557229437229438,0.8544155844155844,0.8565367965367965,1.4169498853054878,1.6846641107645843,,,
RDSGD_ORACLE,93,0.8558441558441559,0.8558441558441559,0.000947102000058741,0.0009471020000587413,0.8556652236652237,0.8541558441558441,0.8571428571428571,1.4120557397462272,1.6835797377677388,,,
RDSGD_ORACLE,94,0.8559740259740259,0.8559740259740259,0.0009444677432332895,0.0009444677432332897,0.8558297258297258,0.8544155844155844,0.8567532467532467,1.4142107732792675,1.6823798511510908,,,
RDSGD_ORACLE,95,0.8558441558441559,0.8558441558441559,0.0008121815794174999,0.0008121815794175002,0.8559076479076478,0.8550649350649351,0.8573160173160174,1.417593641059189,1.6840030389431677,,,
RDSGD_ORACLE,96,0.8558008658008658,0.8558008658008658,0.0007618443454086284,0.0007618443454086286,0.855896103896104,0.8546753246753247,0.8566233766233766,1.4183379878690507,1.6855744295683517,,,
RDSGD_ORACLE,97,0.8556709956709957,0.8556709956709957,0.0006931072812190949,0.0006931072812190952,0.8559076479076478,0.854978354978355,0.8565800865800866,1.4177134399116276,1.6882535214505598,,,
RDSGD_ORACLE,98,0.8558008658008658,0.8558008658008658,0.0007210616163518191,0.0007210616163518192,0.8558412698412697,0.8547619047619047,0.8565800865800866,1.4183916052631962,1.6863523791413213,,,
RDSGD_ORACLE,99,0.8558874458874459,0.8558874458874459,0.0007007551690301374,0.0007007551690301375,0.8558383838383838,0.8545887445887446,0.8566666666666667,1.416577511578038,1.686297267937966,,,
RDSGD_ORACLE,100,0.8559740259740259,0.8559740259740259,0.0006646035042013768,0.0006646035042013769,0.8558989898989898,0.8551515151515151,0.8568831168831169,1.4177513198588283,1.6865276637667521,,,
RDSGD_ORACLE,101,0.8558008658008658,0.8558008658008658,0.0007261123411107045,0.0007261123411107047,0.8558499278499279,0.8545887445887446,0.8566666666666667,1.4147787344507652,1.6834623375363233,,,
RDSGD_ORACLE,102,0.8558441558441559,0.8558441558441559,0.0006496284327078788,0.000649628432707879,0.8561702741702741,0.8551082251082252,0.8567965367965368,1.417475323781119,1.6853112475740708,,,
RDSGD_ORACLE,103,0.8561038961038961,0.8561038961038961,0.0006565465957942076,0.0006565465957942078,0.8562366522366521,0.8554112554112554,0.8570995670995671,1.4186480513840733,1.6859652027127239,,,
RDSGD_ORACLE,104,0.8559740259740259,0.8559740259740259,0.0006119801876009277,0.0006119801876009277,0.8560952380952379,0.8555844155844156,0.8568831168831169,1.4185253929172645,1.680844881911701,,,
RDSGD_ORACLE,105,0.8557575757575757,0.8557575757575757,0.0006661267880335675,0.0006661267880335675,0.8560375180375182,0.8553246753246754,0.8568398268398268,1.4168972735184635,1.6849827417935068,,,
RDSGD_ORACLE,106,0.8561038961038961,0.8561038961038961,0.0007487712373481223,0.0007487712373481226,0.8562049062049061,0.8554112554112554,0.8572727272727273,1.4195853070260627,1.6848822964323031,,,
RDSGD_ORACLE,107,0.8558008658008658,0.8558008658008658,0.0006629435990704518,0.0006629435990704521,0.8560865800865801,0.8551948051948052,0.8569696969696969,1.4135181965715633,1.6808768000541905,,,
RDSGD_ORACLE,108,0.8559307359307359,0.8559307359307359,0.0007063286723722836,0.0007063286723722837,0.8561067821067821,0.8552813852813853,0.8569696969696969,1.4178431888641776,1.675025820467852,,,
RDSGD_ORACLE,109,0.8557575757575757,0.8557575757575757,0.0006073088728032745,0.0006073088728032747,0.8560230880230881,0.8555411255411255,0.8568831168831169,1.418385665056263,1.6833723514888073,,,
RDSGD_ORACLE,110,0.8561904761904762,0.8561904761904762,0.0006227967454966966,0.0006227967454966968,0.8562626262626264,0.8554978354978355,0.8573160173160174,1.4150123157217975,1.6800702283746594,,,
RDSGD_ORACLE,111,0.8562770562770563,0.8562770562770563,0.0006923064549661925,0.0006923064549661928,0.8564473304473306,0.8556709956709957,0.8572294372294372,1.4135305392915427,1.6856041147666747,,,
RDSGD_ORACLE,112,0.8564502164502165,0.8564502164502165,0.000596308902089663,0.0005963089020896631,0.8564386724386724,0.8551515151515151,0.8570562770562771,1.416940239008405,1.6860535548074427,,,
RDSGD_ORACLE,113,0.8566666666666667,0.8566666666666667,0.0007144168181211654,0.0007144168181211654,0.8565656565656566,0.8557142857142858,0.8572294372294372,1.4168483220368797,1.6859755709539024,,,
RDSGD_ORACLE,114,0.8563203463203464,0.8563203463203464,0.0007057049424170062,0.0007057049424170063,0.8564704184704185,0.8554112554112554,0.8573593073593073,1.4165839451276758,1.6837391950770073,,,
RDSGD_ORACLE,115,0.8565800865800866,0.8565800865800866,0.000662322893507331,0.0006623228935073311,0.8567070707070706,0.8558441558441559,0.8572294372294372,1.4154136313867394,1.6812899558005514,,,
RDSGD_ORACLE,116,0.8566233766233766,0.8566233766233766,0.0005285508573332859,0.0005285508573332862,0.8566291486291485,0.8560606060606061,0.8572294372294372,1.4172731872882522,1.6841334527956024,,,
RDSGD_ORACLE,117,0.8561904761904762,0.8561904761904762,0.0005580646435277885,0.0005580646435277886,0.8566147186147184,0.8557142857142858,0.8572294372294372,1.4163553303340706,1.6798065346072995,,,
RDSGD_ORACLE,118,0.8567099567099568,0.8567099567099568,0.0006402242100195368,0.000640224210019537,0.8567849927849928,0.8561904761904762,0.8573593073593073,1.4190187006848416,1.6833190344885667,,,
RDSGD_ORACLE,119,0.8569696969696969,0.8569696969696969,0.0005589383300857126,0.0005589383300857126,0.857027417027417,0.8562337662337662,0.858008658008658,1.4207043387062752,1.6795559512625546,,,
RDSGD_ORACLE,120,0.8566666666666667,0.8566666666666667,0.0005302426150445846,0.0005302426150445847,0.857088023088023,0.8563203463203464,0.8577922077922078,1.4193268368671954,1.6799300108038266,,,
RDSGD_ORACLE,121,0.8568831168831169,0.8568831168831169,0.0004696243974517044,0.0004696243974517045,0.8572005772005771,0.8564935064935065,0.8576190476190476,1.4194548712384254,1.682515503272423,,,
RDSGD_ORACLE,122,0.856926406926407,0.856926406926407,0.00048081171936558656,0.0004808117193655866,0.8573246753246753,0.8564935064935065,0.8579653679653679,1.4171846879024537,1.679210885337576,,,
RDSGD_ORACLE,123,0.8571428571428571,0.8571428571428571,0.00039901339301567484,0.0003990133930156749,0.8572525252525253,0.8566233766233766,0.8578354978354978,1.4192302468724456,1.6820983298168273,,,
RDSGD_ORACLE,124,0.8572727272727273,0.8572727272727273,0.00045909514621574055,0.00045909514621574065,0.8573333333333333,0.8568831168831169,0.857922077922078,1.4194223616998878,1.6793575361168847,,,
RDSGD_ORACLE,125,0.857012987012987,0.857012987012987,0.0004635148548022067,0.00046351485480220677,0.8570764790764789,0.8564502164502165,0.8576623376623377,1.4192412934121494,1.681790989292439,,,
RDSGD_ORACLE,126,0.8569696969696969,0.8569696969696969,0.0005114161985756326,0.0005114161985756328,0.857113997113997,0.8564069264069264,0.8576190476190476,1.417646695715072,1.6801268964520253,,,
RDSGD_ORACLE,127,0.857012987012987,0.857012987012987,0.0004658446881077388,0.00046584468810773895,0.8572150072150073,0.8567532467532467,0.8576623376623377,1.420394616837671,1.6827820956171746,,,
RDSGD_ORACLE,128,0.856926406926407,0.856926406926407,0.0005026952090207022,0.0005026952090207023,0.8572640692640692,0.8563203463203464,0.8578354978354978,1.4194182056907643,1.6829157986981165,,,
RDSGD_ORACLE,129,0.8567965367965368,0.8567965367965368,0.00045750010755803334,0.0004575001075580335,0.8573939393939393,0.8566233766233766,0.8579653679653679,1.420175985473053,1.680682150487634,,,
RDSGD_ORACLE,130,0.8571861471861472,0.8571861471861472,0.0004308766238486731,0.0004308766238486733,0.8574401154401154,0.8566233766233766,0.8581385281385281,1.417379511812518,1.6827200219007963,,,
RDSGD_ORACLE,131,0.8571428571428571,0.8571428571428571,0.00042438334626011706,0.00042438334626011717,0.8574314574314575,0.8564935064935065,0.8583549783549783,1.4195420659610767,1.6822713280249575,,,
RDSGD_ORACLE,132,0.8575757575757575,0.8575757575757575,0.00037977339060563553,0.0003797733906056357,0.8574430014430015,0.8565367965367965,0.8582683982683983,1.4198586645356177,1.6830287033224276,,,
RDSGD_ORACLE,133,0.8577056277056277,0.8577056277056277,0.0003835296626813667,0.0003835296626813669,0.8575411255411256,0.8568398268398268,0.8581385281385281,1.4175746147065307,1.6789616573002366,,,
RDSGD_ORACLE,134,0.8577489177489177,0.8577489177489177,0.0003520535383842605,0.0003520535383842605,0.8575266955266955,0.856926406926407,0.8578354978354978,1.4204828722245906,1.6821999568418189,,,
RDSGD_ORACLE,135,0.8575757575757575,0.8575757575757575,0.0003647982533767131,0.0003647982533767133,0.8577777777777779,0.856926406926407,0.8583116883116884,1.4194667754846702,1.6844351257913408,,,
RDSGD_ORACLE,136,0.8577922077922078,0.8577922077922078,0.0003765316033817753,0.0003765316033817754,0.8577316017316019,0.8571428571428571,0.8583116883116884,1.4192641421148946,1.6833034464836674,,,
RDSGD_ORACLE,137,0.8576623376623377,0.8576623376623377,0.0003425146453441384,0.00034251464534413857,0.8578181818181817,0.8572727272727273,0.8584415584415584,1.419858743220257,1.6827161051082717,,,
RDSGD_ORACLE,138,0.8577489177489177,0.8577489177489177,0.0003719359844213226,0.00037193598442132267,0.857867243867244,0.8569696969696969,0.8584848484848485,1.419255291745881,1.6829018175976287,,,
RDSGD_ORACLE,139,0.8581385281385281,0.8581385281385281,0.000350745980030934,0.0003507459800309341,0.8579942279942281,0.8573593073593073,0.8583549783549783,1.4202709706501992,1.6825293049501042,,,
RDSGD_ORACLE,140,0.8582251082251082,0.8582251082251082,0.0004169735112402573,0.00041697351124025744,0.858098124098124,0.8567965367965368,0.8586580086580087,1.420239213983913,1.6830021550142735,,,
RDSGD_ORACLE,141,0.8578787878787879,0.8578787878787879,0.00040197087045238804,0.00040197087045238804,0.8580000000000002,0.8572727272727273,0.8587445887445887,1.420347486251559,1.6791119208854777,,,
RDSGD_ORACLE,142,0.8578787878787879,0.8578787878787879,0.0003705949200614196,0.00037059492006141965,0.8582106782106782,0.8572294372294372,0.8590909090909091,1.4205310470090513,1.6790990574261075,,,
RDSGD_ORACLE,143,0.8584415584415584,0.8584415584415584,0.00042640012140403484,0.0004264001214040349,0.8583203463203463,0.8575757575757575,0.859004329004329,1.4204754858723145,1.6820180239517994,,,
RDSGD_ORACLE,144,0.8583982683982684,0.8583982683982684,0.0003842598716659564,0.00038425987166595656,0.8583088023088022,0.8575757575757575,0.8588311688311688,1.4200874755827217,1.680804189089732,,,
RDSGD_ORACLE,145,0.8583116883116884,0.8583116883116884,0.0003359449327166652,0.0003359449327166653,0.8583896103896104,0.8573160173160174,0.8592207792207792,1.420395779617499,1.6830296042034774,,,
RDSGD_ORACLE,146,0.8583982683982684,0.8583982683982684,0.0003203418637628983,0.00032034186376289837,0.8584040404040405,0.8575757575757575,0.8587445887445887,1.4212863523733748,1.6826609040329072,,,
RDSGD_ORACLE,147,0.8585281385281385,0.8585281385281385,0.0003105520557979665,0.00031055205579796663,0.8585165945165943,0.8577056277056277,0.858917748917749,1.4215141824478468,1.682633490821303,,,
RDSGD_ORACLE,148,0.8584415584415584,0.8584415584415584,0.0003167779692442727,0.0003167779692442727,0.8586089466089466,0.8580952380952381,0.8590909090909091,1.4197502218132962,1.6833812465599882,,,
RDSGD_ORACLE,149,0.8587445887445887,0.8587445887445887,0.00032937584986483223,0.00032937584986483234,0.8587359307359308,0.8582683982683983,0.8593939393939394,1.4203419974018823,1.682951188219431,,,
RDSGD_ORACLE,150,0.8587878787878788,0.8587878787878788,0.00031798216582210276,0.0003179821658221028,0.8585714285714287,0.8582251082251082,0.8594372294372294,1.4207005463760052,1.683401992065174,,,
RDSGD_ORACLE,151,0.8587445887445887,0.8587445887445887,0.00029572194662581423,0.00029572194662581434,0.8585281385281385,0.8581818181818182,0.8590909090909091,1.4205771710081898,1.6835808146588465,,,
RDSGD_ORACLE,152,0.8589610389610389,0.8589610389610389,0.00032135619192648015,0.00032135619192648026,0.8585598845598845,0.8581385281385281,0.8590909090909091,1.420430706803603,1.6833578332243508,,,
RDSGD_ORACLE,153,0.859004329004329,0.859004329004329,0.00029973592586958383,0.00029973592586958394,0.8587041847041846,0.857922077922078,0.8593506493506493,1.4204699800525664,1.6810267144701456,,,
RDSGD_ORACLE,154,0.858917748917749,0.858917748917749,0.000310923728097105,0.00031092372809710496,0.8585137085137086,0.8578787878787879,0.8593073593073594,1.4203495285974175,1.6815205153841177,,,
RDSGD_ORACLE,155,0.8586147186147186,0.8586147186147186,0.00031613593651770843,0.00031613593651770854,0.8583203463203463,0.8574891774891775,0.8593073593073594,1.4180917094031553,1.680222279391651,,,
RDSGD_ORACLE,156,0.8584848484848485,0.8584848484848485,0.00031058138301124646,0.0003105813830112466,0.8582683982683983,0.8573593073593073,0.8588311688311688,1.4197919563216739,1.6841796201978652,,,
RDSGD_ORACLE,157,0.8583982683982684,0.8583982683982684,0.0002477506916393931,0.0002477506916393931,0.8583636363636363,0.8575757575757575,0.8592640692640693,1.419685153834468,1.6847215602479106,,,
RDSGD_ORACLE,158,0.8582683982683983,0.8582683982683983,0.00024848441894765916,0.0002484844189476593,0.8584588744588745,0.8578354978354978,0.8587445887445887,1.4210423021922898,1.6841241995956238,,,
RDSGD_ORACLE,159,0.8582683982683983,0.8582683982683983,0.00023807153514664064,0.00023807153514664072,0.8583030303030301,0.8578787878787879,0.8588311688311688,1.4205266710266087,1.6846008594345232,,,
RDSGD_ORACLE,160,0.8583116883116884,0.8583116883116884,0.0002605853734704731,0.00026058537347047316,0.8583174603174603,0.8574891774891775,0.859004329004329,1.4206859580003877,1.6848638609214923,,,
RDSGD_ORACLE,161,0.8585281385281385,0.8585281385281385,0.00022376394054458135,0.00022376394054458135,0.8585454545454545,0.857922077922078,0.8594372294372294,1.4207590994127675,1.6858322987970236,,,
RDSGD_ORACLE,162,0.8587445887445887,0.8587445887445887,0.0002762907767640913,0.00027629077676409136,0.8586378066378068,0.8578787878787879,0.8593939393939394,1.4203186382954311,1.6843181474535402,,,
RDSGD_ORACLE,163,0.8587445887445887,0.8587445887445887,0.0002741856468211362,0.0002741856468211363,0.8586580086580085,0.857922077922078,0.8595238095238096,1.4204864241205704,1.6845698146350838,,,
RDSGD_ORACLE,164,0.8588311688311688,0.8588311688311688,0.00026444591914049996,0.0002644459191405,0.8585916305916307,0.8577056277056277,0.8593939393939394,1.4209911883558968,1.6861119081413771,,,
RDSGD_ORACLE,165,0.8585714285714285,0.8585714285714285,0.0002568932252919568,0.0002568932252919569,0.8586637806637807,0.8579653679653679,0.8591774891774892,1.419622822464417,1.684962488652154,,,
RDSGD_ORACLE,166,0.8587445887445887,0.8587445887445887,0.0002764147088064571,0.0002764147088064571,0.8586955266955267,0.8577922077922078,0.8595238095238096,1.4194463156498862,1.68385239342805,,,
RDSGD_ORACLE,167,0.858917748917749,0.858917748917749,0.00027730319398354414,0.00027730319398354414,0.8588225108225109,0.8582683982683983,0.8593506493506493,1.4212215453956853,1.6811320454913357,,,
RDSGD_ORACLE,168,0.858917748917749,0.858917748917749,0.0002868069193294028,0.000286806919329403,0.8589235209235208,0.8585281385281385,0.8597402597402597,1.4183169012598522,1.682690701561366,,,
RDSGD_ORACLE,169,0.8592207792207792,0.8592207792207792,0.0002624034294827148,0.0002624034294827149,0.8589090909090911,0.8582683982683983,0.8593939393939394,1.4177327006719282,1.683161225333739,,,
RDSGD_ORACLE,170,0.8592640692640693,0.8592640692640693,0.0002519500352842204,0.0002519500352842205,0.8591082251082249,0.8585281385281385,0.8596536796536797,1.4195110928792642,1.6835244143898773,,,
RDSGD_ORACLE,171,0.8590476190476191,0.8590476190476191,0.00026262186613127406,0.00026262186613127417,0.859171717171717,0.8587012987012987,0.8597402597402597,1.4203077484278253,1.6836605749534876,,,
RDSGD_ORACLE,172,0.8592640692640693,0.8592640692640693,0.0002460270005193515,0.00024602700051935155,0.8592611832611835,0.8588744588744589,0.8596103896103896,1.4208716578390814,1.6839411361120358,,,
RDSGD_ORACLE,173,0.8591774891774892,0.8591774891774892,0.00023882064172843262,0.00023882064172843273,0.8593189033189034,0.8588311688311688,0.8596969696969697,1.4200218943533789,1.684201975407287,,,
RDSGD_ORACLE,174,0.8593073593073594,0.8593073593073594,0.0002497279291504393,0.00024972792915043936,0.8593102453102455,0.859004329004329,0.8596969696969697,1.4205223709693628,1.6828411228300961,,,
RDSGD_ORACLE,175,0.8591341991341991,0.8591341991341991,0.00022148495807414057,0.00022148495807414054,0.8592842712842715,0.8584415584415584,0.8597835497835498,1.420480533969813,1.6839201977277138,,,
RDSGD_ORACLE,176,0.8591774891774892,0.8591774891774892,0.0002694684438491115,0.0002694684438491115,0.8592409812409812,0.8585714285714285,0.8596536796536797,1.4206667650002158,1.6822965753524959,,,
RDSGD_ORACLE,177,0.8591774891774892,0.8591774891774892,0.00024467882258549263,0.00024467882258549274,0.8591861471861472,0.8588744588744589,0.8594805194805195,1.4208233458702404,1.6834567225090746,,,
RDSGD_ORACLE,178,0.8592640692640693,0.8592640692640693,0.0002645331827342949,0.00026453318273429494,0.8593044733044735,0.858917748917749,0.8596536796536797,1.4162366720234922,1.6837830607421511,,,
RDSGD_ORACLE,179,0.8593073593073594,0.8593073593073594,0.00022971838797243766,0.00022971838797243774,0.8593362193362194,0.858917748917749,0.8598268398268398,1.4195702895499913,1.6838917645626346,,,
RDSGD_ORACLE,180,0.8592640692640693,0.8592640692640693,0.00023486610150239863,0.00023486610150239866,0.8592669552669553,0.8587878787878788,0.8597402597402597,1.4180720953185284,1.684105314595357,,,
RDSGD_ORACLE,181,0.8594372294372294,0.8594372294372294,0.00025186723573981706,0.0002518672357398171,0.8594256854256853,0.8588311688311688,0.8601298701298701,1.4200841250501561,1.6809260204718701,,,
RDSGD_ORACLE,182,0.8593073593073594,0.8593073593073594,0.0002240434807342941,0.00022404348073429414,0.8593275613275613,0.8589610389610389,0.8596969696969697,1.4189188432212672,1.684911166542636,,,
RDSGD_ORACLE,183,0.8592207792207792,0.8592207792207792,0.00022366920922492947,0.00022366920922492958,0.8594343434343436,0.8590909090909091,0.8597835497835498,1.4224182380845773,1.6840490625323044,,,
RDSGD_ORACLE,184,0.8595670995670995,0.8595670995670995,0.00025950143130495126,0.0002595014313049513,0.8594776334776335,0.859004329004329,0.8597402597402597,1.4224262267806982,1.681379288496492,,,
RDSGD_ORACLE,185,0.8596103896103896,0.8596103896103896,0.0002226287158375328,0.00022262871583753283,0.8595093795093796,0.858917748917749,0.85991341991342,1.4211468508349623,1.6832339796633573,,,
RDSGD_ORACLE,186,0.8593073593073594,0.8593073593073594,0.0002571574621650523,0.00025715746216505237,0.8594285714285713,0.8588744588744589,0.8598268398268398,1.4174258615697086,1.683562593400901,,,
RDSGD_ORACLE,187,0.8595670995670995,0.8595670995670995,0.00021392840981317293,0.00021392840981317298,0.8594689754689756,0.8589610389610389,0.86,1.4208142525599874,1.6838659806314868,,,
RDSGD_ORACLE,188,0.8594372294372294,0.8594372294372294,0.00023081947935600704,0.00023081947935600706,0.8595411255411257,0.8590476190476191,0.86004329004329,1.4204769276798304,1.6791194618978742,,,
RDSGD_ORACLE,189,0.8594805194805195,0.8594805194805195,0.00020099151406524315,0.00020099151406524317,0.8594689754689754,0.8590909090909091,0.86,1.4211990954771723,1.6845905976439148,,,
RDSGD_ORACLE,190,0.8593939393939394,0.8593939393939394,0.00021925681110705996,0.00021925681110706007,0.8593073593073595,0.8588744588744589,0.8603030303030303,1.4209318430517357,1.6833091928281456,,,
RDSGD_ORACLE,191,0.8591774891774892,0.8591774891774892,0.00021359023762100511,0.0002135902376210052,0.8593275613275613,0.858917748917749,0.8597402597402597,1.4190780203847104,1.6820156323912052,,,
RDSGD_ORACLE,192,0.8593506493506493,0.8593506493506493,0.00022507886082628745,0.00022507886082628753,0.8593997113997115,0.859004329004329,0.85991341991342,1.4178055014153534,1.681541000814572,,,
RDSGD_ORACLE,193,0.8593506493506493,0.8593506493506493,0.0002446414546522286,0.00024464145465222877,0.8594343434343436,0.8586580086580087,0.8599567099567099,1.4157880059754573,1.6849130572777613,,,
RDSGD_ORACLE,194,0.8593939393939394,0.8593939393939394,0.00020700510434895487,0.00020700510434895492,0.8593737373737373,0.8589610389610389,0.8597402597402597,1.419110381985572,1.6827702336215424,,,
RDSGD_ORACLE,195,0.8594372294372294,0.8594372294372294,0.00022597941227650779,0.00022597941227650784,0.8594227994227993,0.858917748917749,0.8598701298701299,1.4211787411127565,1.6835661862228326,,,
RDSGD_ORACLE,196,0.8591341991341991,0.8591341991341991,0.00018986470019693045,0.00018986470019693048,0.8593679653679653,0.8589610389610389,0.8596969696969697,1.420105439941719,1.6838864237489182,,,
RDSGD_ORACLE,197,0.8593939393939394,0.8593939393939394,0.00020286340180017805,0.00020286340180017808,0.8593448773448775,0.8589610389610389,0.8599567099567099,1.4202269330400727,1.6845112866132665,,,
RDSGD_ORACLE,198,0.8592207792207792,0.8592207792207792,0.0001868204957507077,0.00018682049575070777,0.8592611832611833,0.858917748917749,0.8596969696969697,1.4205451644305307,1.682820880379043,,,
RDSGD_ORACLE,199,0.8592207792207792,0.8592207792207792,0.00016897928925447018,0.0001689792892544702,0.8593852813852814,0.8586147186147186,0.86,1.4200919446034925,1.6838591051144876,,,
SCC,0,0.7969264069264069,0.7969264069264069,0.1903412881328462,0.19034128813284623,0.4814776334776335,0.4089177489177489,0.5461038961038961,1.74613539358314,2.058195342971361,,,
SCC,1,0.8207359307359308,0.8207359307359308,0.2830732650390455,0.28307326503904556,0.5742770562770563,0.4997835497835498,0.6408658008658009,1.5433077704560536,1.8924202834552502,,,
SCC,2,0.8278354978354978,0.8278354978354978,0.3202009453232301,0.3202009453232302,0.6348831168831169,0.5548917748917749,0.6916450216450216,1.4391177093772602,1.7896815880029688,,,
SCC,3,0.8316017316017316,0.8316017316017316,0.3103759586846915,0.3103759586846916,0.6797806637806638,0.6084415584415584,0.7313419913419913,1.389449173937272,1.7240144649771767,,,
SCC,4,0.8340692640692641,0.8340692640692641,0.2749846599152155,0.2749846599152156,0.7166493506493506,0.6508658008658008,0.7548051948051948,1.3693347415077448,1.6882622170306332,,,
SCC,5,0.8361038961038961,0.8361038961038961,0.23991962493952715,0.23991962493952723,0.746063492063492,0.6827705627705628,0.7891774891774892,1.3538358708033333,1.657968984539894,,,
SCC,6,0.8377489177489178,0.8377489177489178,0.20218790821154506,0.20218790821154511,0.7694372294372294,0.7151948051948052,0.8058008658008659,1.350216530945142,1.6409134832967345,,,
SCC,7,0.838917748917749,0.838917748917749,0.1611949835258869,0.16119498352588693,0.7899047619047618,0.7368398268398269,0.8173160173160173,1.3500235163762573,1.6306298472028957,,,
SCC,8,0.8417748917748917,0.8417748917748917,0.12474501321245403,0.12474501321245404,0.8053679653679655,0.763982683982684,0.8247186147186147,1.3619085829409792,1.6282686485874382,,,
SCC,9,0.8426839826839827,0.8426839826839827,0.09516680527083977,0.0951668052708398,0.8175555555555556,0.7804329004329005,0.8357575757575758,1.365909164721549,1.6321900706366257,,,
SCC,10,0.8441558441558441,0.8441558441558441,0.0707104672866254,0.07071046728662542,0.826075036075036,0.7968398268398268,0.8431168831168832,1.371513695900878,1.6303205601726218,,,
SCC,11,0.845021645021645,0.845021645021645,0.04938659861243703,0.04938659861243704,0.833062049062049,0.8036363636363636,0.8440692640692641,1.3965377382065427,1.6412217132823006,,,
SCC,12,0.8455411255411256,0.8455411255411256,0.034475745396216284,0.0344757453962163,0.8370678210678212,0.8167532467532468,0.8448917748917749,1.408904126532969,1.6568858329201206,,,
SCC,13,0.8464502164502165,0.8464502164502165,0.02378185785634184,0.02378185785634185,0.840972582972583,0.8232467532467532,0.8484415584415584,1.42644653729975,1.6685965681186816,,,
SCC,14,0.8469696969696969,0.8469696969696969,0.01575309010205023,0.015753090102050234,0.8431515151515152,0.8306060606060606,0.8492640692640693,1.4302544059836166,1.671012976225051,,,
SCC,15,0.8475757575757575,0.8475757575757575,0.010653786111575655,0.010653786111575657,0.8455728715728715,0.835930735930736,0.8507359307359308,1.4299062032124363,1.675338628872477,,,
SCC,16,0.848917748917749,0.848917748917749,0.008074469181776374,0.008074469181776376,0.8474314574314573,0.8416017316017316,0.8508225108225108,1.43152049036898,1.6818407676503422,,,
SCC,17,0.8487445887445887,0.8487445887445887,0.005890590492968795,0.005890590492968795,0.8477633477633478,0.8447619047619047,0.8506493506493507,1.4324707548863556,1.691004066225112,,,
SCC,18,0.8493506493506493,0.8493506493506493,0.004914450050001195,0.004914450050001194,0.8489927849927849,0.845930735930736,0.8516450216450216,1.4318554554932037,1.6901825042026162,,,
SCC,19,0.8494805194805195,0.8494805194805195,0.004028090105620389,0.004028090105620389,0.848975468975469,0.8465367965367966,0.8513419913419913,1.4333165679788846,1.6975061959644901,,,
SCC,20,0.8496969696969697,0.8496969696969697,0.0036824950500667386,0.0036824950500667386,0.8491486291486292,0.8464502164502165,0.8514285714285714,1.4299400321132427,1.6970121868148462,,,
SCC,21,0.850995670995671,0.850995670995671,0.0033241248285270724,0.0033241248285270733,0.8498499278499279,0.8477489177489177,0.851991341991342,1.4312096699748647,1.6976851988927053,,,
SCC,22,0.8512121212121212,0.8512121212121212,0.0032063317335991265,0.003206331733599126,0.8508023088023088,0.8478787878787879,0.8532900432900433,1.428915638572752,1.6957519994430332,,,
SCC,23,0.8522077922077922,0.8522077922077922,0.002909395921915116,0.002909395921915116,0.8514718614718614,0.849004329004329,0.8533333333333334,1.4271781760162605,1.694632166925662,,,
SCC,24,0.8525541125541125,0.8525541125541125,0.002779655531969652,0.002779655531969652,0.851772005772006,0.84991341991342,0.8532900432900433,1.4260758223119092,1.694931411714798,,,
SCC,25,0.8523376623376623,0.8523376623376623,0.002549358480670615,0.002549358480670615,0.8521760461760461,0.8505194805194806,0.8543722943722943,1.4254924490371494,1.6909255450782457,,,
SCC,26,0.8526406926406926,0.8526406926406926,0.0023826942121224844,0.0023826942121224844,0.8521904761904762,0.8503463203463203,0.8537229437229438,1.4257859760991354,1.6909676820459878,,,
SCC,27,0.8527272727272728,0.8527272727272728,0.0021411358761846675,0.0021411358761846675,0.8524040404040404,0.8507792207792207,0.8541991341991342,1.426098047061975,1.688732528190968,,,
SCC,28,0.8531168831168832,0.8531168831168832,0.0019988585706589295,0.0019988585706589295,0.8526551226551227,0.8504761904761905,0.8551948051948052,1.4241310324569771,1.6889137573160078,,,
SCC,29,0.8535064935064935,0.8535064935064935,0.0018779700033258833,0.0018779700033258833,0.852989898989899,0.8510822510822511,0.8548484848484849,1.4241237840059788,1.6882544280725358,,,
SCC,30,0.8531601731601731,0.8531601731601731,0.0018176937973875171,0.0018176937973875171,0.8531341991341993,0.8516450216450216,0.8550649350649351,1.4245256417852439,1.6881427476834034,,,
SCC,31,0.8538528138528139,0.8538528138528139,0.0017159593426693026,0.0017159593426693026,0.8533506493506493,0.8516883116883117,0.8546753246753247,1.4239390876114113,1.6896947531707975,,,
SCC,32,0.8548051948051948,0.8548051948051948,0.0016366498235281276,0.0016366498235281276,0.8540346320346319,0.8526406926406926,0.8551948051948052,1.4235227624646767,1.6894944608863187,,,
SCC,33,0.855021645021645,0.855021645021645,0.0016224743615266559,0.0016224743615266557,0.8545454545454546,0.853030303030303,0.8557575757575757,1.4226054883071362,1.6893615066397845,,,
SCC,34,0.8547619047619047,0.8547619047619047,0.0014961160870040947,0.0014961160870040947,0.854764790764791,0.8534632034632035,0.8559307359307359,1.4234113022017005,1.6905499936987636,,,
SCC,35,0.8551082251082252,0.8551082251082252,0.0013715036914320345,0.0013715036914320347,0.8546378066378068,0.8531601731601731,0.8560606060606061,1.4227962003619006,1.6885980030869743,,,
SCC,36,0.854978354978355,0.854978354978355,0.0013628859076876595,0.0013628859076876597,0.8549610389610388,0.8538961038961039,0.8558874458874459,1.4226911253262964,1.6881332630344434,,,
SCC,37,0.8552813852813853,0.8552813852813853,0.0012917281111130168,0.0012917281111130168,0.854937950937951,0.8538961038961039,0.8562337662337662,1.4229474419528083,1.6872678793596045,,,
SCC,38,0.8557575757575757,0.8557575757575757,0.0013550237085000426,0.0013550237085000428,0.8555728715728715,0.8546753246753247,0.8568398268398268,1.4236532899189362,1.685743457387585,,,
SCC,39,0.8562337662337662,0.8562337662337662,0.0012007958014990353,0.0012007958014990355,0.8558672438672439,0.8547619047619047,0.8577056277056277,1.423103361665245,1.6866562396436422,,,
SCC,40,0.8561471861471861,0.8561471861471861,0.0011897974904248978,0.0011897974904248978,0.8556767676767677,0.8547619047619047,0.8567099567099568,1.422421720286595,1.6853672650804592,,,
SCC,41,0.8563636363636363,0.8563636363636363,0.0011968352104635147,0.0011968352104635145,0.8560634920634921,0.8551082251082252,0.8573160173160174,1.422220023916343,1.6846578716189808,,,
SCC,42,0.8567099567099568,0.8567099567099568,0.0011078798046521383,0.0011078798046521385,0.8563751803751803,0.8555411255411255,0.8576623376623377,1.4221780075733186,1.6851626001152713,,,
SCC,43,0.8570562770562771,0.8570562770562771,0.0010550114464290645,0.0010550114464290645,0.8567532467532467,0.8557142857142858,0.8575757575757575,1.421520114399466,1.6863131043577932,,,
SCC,44,0.857012987012987,0.857012987012987,0.000996312105205925,0.000996312105205925,0.8566753246753247,0.8553679653679653,0.8577056277056277,1.4218426731212275,1.6861093818089685,,,
SCC,45,0.8570995670995671,0.8570995670995671,0.00101371154769497,0.0010137115476949701,0.8570678210678211,0.8558874458874459,0.8580952380952381,1.42258340340333,1.686574499376332,,,
SCC,46,0.8571861471861472,0.8571861471861472,0.0008891573513178146,0.0008891573513178148,0.8571630591630591,0.8562770562770563,0.8581385281385281,1.4227179073763434,1.687269458266302,,,
SCC,47,0.8575757575757575,0.8575757575757575,0.0009018818794663057,0.0009018818794663057,0.8572034632034631,0.8562770562770563,0.8582683982683983,1.422471480589882,1.6885010056855758,,,
SCC,48,0.857012987012987,0.857012987012987,0.0008568693303616097,0.0008568693303616097,0.8572323232323232,0.8563203463203464,0.8582251082251082,1.4220903200495576,1.687914500433512,,,
SCC,49,0.8572294372294372,0.8572294372294372,0.0007900455920800807,0.0007900455920800807,0.857163059163059,0.8559307359307359,0.8582683982683983,1.4216360402526367,1.6871949681060303,,,
SCC,50,0.8576190476190476,0.8576190476190476,0.0007595599283170276,0.0007595599283170277,0.8574516594516594,0.8564935064935065,0.8584848484848485,1.4222298305346643,1.6882354318937352,,,
SCC,51,0.8569696969696969,0.8569696969696969,0.0007429209317516492,0.0007429209317516491,0.8572813852813853,0.8567965367965368,0.8583549783549783,1.4220080926810983,1.688230034084788,,,
SCC,52,0.8573160173160174,0.8573160173160174,0.0007444082099296155,0.0007444082099296155,0.8571890331890332,0.8567099567099568,0.8578787878787879,1.421971222156584,1.6873155907684372,,,
SCC,53,0.8574025974025974,0.8574025974025974,0.0007112012696062304,0.0007112012696062305,0.8571948051948053,0.8564069264069264,0.8578787878787879,1.421940813124937,1.6872857067818008,,,
SCC,54,0.8577922077922078,0.8577922077922078,0.0007066223312514228,0.0007066223312514231,0.8574747474747475,0.8564069264069264,0.8583549783549783,1.4229122263476837,1.6871690128310703,,,
SCC,55,0.8574458874458875,0.8574458874458875,0.0006499700371300691,0.0006499700371300692,0.8572640692640692,0.8566666666666667,0.857922077922078,1.4223123834617786,1.6867561268105165,,,
SCC,56,0.8578354978354978,0.8578354978354978,0.0006497782284272209,0.0006497782284272208,0.8573506493506494,0.8563636363636363,0.8580952380952381,1.4224564222295728,1.6873439942420176,,,
SCC,57,0.8573593073593073,0.8573593073593073,0.0006119108594623607,0.0006119108594623607,0.8573044733044735,0.8562337662337662,0.8581818181818182,1.4223581477777072,1.6878084676762164,,,
SCC,58,0.8574458874458875,0.8574458874458875,0.0006219615395498546,0.0006219615395498546,0.8571746031746034,0.8560606060606061,0.8582251082251082,1.4218350263656727,1.6866902259683272,,,
SCC,59,0.8574458874458875,0.8574458874458875,0.0006188242210964501,0.0006188242210964502,0.856917748917749,0.8561038961038961,0.8577056277056277,1.4215460697327145,1.6866543598407584,,,
SCC,60,0.856926406926407,0.856926406926407,0.0005910329117155199,0.00059103291171552,0.8570476190476192,0.8563203463203464,0.8574458874458875,1.4218203806955785,1.6874508500586693,,,
SCC,61,0.8573593073593073,0.8573593073593073,0.0005728422082984647,0.0005728422082984646,0.8571803751803753,0.8560606060606061,0.8580952380952381,1.4207011531195548,1.687007654076194,,,
SCC,62,0.8575324675324675,0.8575324675324675,0.00056783003505801,0.0005678300350580101,0.8574401154401153,0.8567965367965368,0.8585714285714285,1.4215799810800116,1.6880193130716117,,,
SCC,63,0.8573593073593073,0.8573593073593073,0.0005178756986741793,0.0005178756986741792,0.8573737373737372,0.8567532467532467,0.8579653679653679,1.4228027206134728,1.6877998730480968,,,
SCC,64,0.8576623376623377,0.8576623376623377,0.000520614101476282,0.0005206141014762821,0.8576623376623377,0.8567532467532467,0.8582683982683983,1.423627264360124,1.687563890817511,,,
SCC,65,0.8572294372294372,0.8572294372294372,0.0005219114430805275,0.0005219114430805275,0.8574083694083695,0.8566666666666667,0.857922077922078,1.4228865073498216,1.6880499468429075,,,
SCC,66,0.858008658008658,0.858008658008658,0.0004996279231603597,0.0004996279231603597,0.8576940836940836,0.8568398268398268,0.8583116883116884,1.4227960100172448,1.686182770468691,,,
SCC,67,0.8574025974025974,0.8574025974025974,0.0004709696983127246,0.00047096969831272466,0.8575670995670995,0.856926406926407,0.8581818181818182,1.423172689043238,1.687352517026883,,,
SCC,68,0.8579653679653679,0.8579653679653679,0.00045651977556665583,0.00045651977556665594,0.8577027417027416,0.8573160173160174,0.8583116883116884,1.4238513945410813,1.687455275746178,,,
SCC,69,0.857922077922078,0.857922077922078,0.00045265285379967446,0.0004526528537996745,0.8578672438672438,0.8570995670995671,0.8587878787878788,1.4232419032805725,1.686864088381031,,,
SCC,70,0.8579653679653679,0.8579653679653679,0.0004373811425431214,0.0004373811425431214,0.857910533910534,0.8571428571428571,0.8585281385281385,1.423299618766214,1.6863610994951153,,,
SCC,71,0.857922077922078,0.857922077922078,0.0004330080591099559,0.000433008059109956,0.857994227994228,0.8572294372294372,0.8587445887445887,1.4231157891572253,1.687212975994734,,,
SCC,72,0.8580952380952381,0.8580952380952381,0.000435249470031157,0.000435249470031157,0.8579509379509381,0.8571428571428571,0.8587012987012987,1.4238042997341156,1.6877965036327527,,,
SCC,73,0.8578354978354978,0.8578354978354978,0.00042923766539577083,0.0004292376653957708,0.8579307359307359,0.8571428571428571,0.859004329004329,1.4234314085121063,1.6872922391151124,,,
SCC,74,0.858008658008658,0.858008658008658,0.00039554543308490753,0.0003955454330849076,0.8579191919191919,0.8574458874458875,0.8586147186147186,1.4242280489750117,1.6869962457127716,,,
SCC,75,0.8577056277056277,0.8577056277056277,0.00039691498381040505,0.0003969149838104051,0.8578556998556999,0.857012987012987,0.8584415584415584,1.4248646937262963,1.6878682572752597,,,
SCC,76,0.8577922077922078,0.8577922077922078,0.0004030194202186774,0.0004030194202186774,0.857803751803752,0.8566666666666667,0.8585281385281385,1.4243922455145555,1.687652955872349,,,
SCC,77,0.857922077922078,0.857922077922078,0.00037542422585480655,0.0003754242258548066,0.8580490620490622,0.8570562770562771,0.8587445887445887,1.4247036246198235,1.6859361393483157,,,
SCC,78,0.8582251082251082,0.8582251082251082,0.00036835218754103843,0.0003683521875410385,0.8580432900432899,0.8573160173160174,0.8588311688311688,1.4246058947652362,1.6860040926362603,,,
SCC,79,0.857922077922078,0.857922077922078,0.0003368065462875482,0.0003368065462875482,0.8578845598845599,0.8573160173160174,0.859004329004329,1.4252151068773933,1.6867184696233652,,,
SCC,80,0.8578787878787879,0.8578787878787879,0.00032943864333287307,0.0003294386433328732,0.8578787878787877,0.8571861471861472,0.858917748917749,1.4252003389653944,1.6874514406802015,,,
SCC,81,0.8580952380952381,0.8580952380952381,0.00033124167946522244,0.00033124167946522244,0.8580144300144299,0.8577922077922078,0.8585714285714285,1.4255411200494283,1.6876664183181036,,,
SCC,82,0.8581818181818182,0.8581818181818182,0.0003363657722826813,0.00033636577228268126,0.8580057720057719,0.8572294372294372,0.8589610389610389,1.4251343365995774,1.6865518422891905,,,
SCC,83,0.8581385281385281,0.8581385281385281,0.00032239677014996845,0.00032239677014996845,0.8580577200577201,0.8572727272727273,0.8585281385281385,1.4252210558415892,1.6870584273066955,,,
SCC,84,0.8583549783549783,0.8583549783549783,0.000328050143734978,0.00032805014373497805,0.8582770562770563,0.8576190476190476,0.8587878787878788,1.4251181026533253,1.6866678406609052,,,
SCC,85,0.8583549783549783,0.8583549783549783,0.0003246617340313263,0.0003246617340313263,0.858239538239538,0.8574458874458875,0.8587445887445887,1.4253033942729787,1.6863602213419857,,,
SCC,86,0.8581385281385281,0.8581385281385281,0.0003059992373217057,0.0003059992373217057,0.8583347763347763,0.8577489177489177,0.858917748917749,1.42548700131508,1.6871731918651798,,,
SCC,87,0.8582251082251082,0.8582251082251082,0.0002994706412324312,0.0002994706412324312,0.8582164502164501,0.8576190476190476,0.8588744588744589,1.4253558215139428,1.6878590908808295,,,
SCC,88,0.8584848484848485,0.8584848484848485,0.00029704639061623784,0.0002970463906162379,0.8584011544011545,0.8576623376623377,0.8592207792207792,1.4257042813982221,1.6880274518952656,,,
SCC,89,0.8583982683982684,0.8583982683982684,0.00028740813755881466,0.00028740813755881466,0.8582857142857143,0.8578787878787879,0.8587445887445887,1.4258395940965047,1.6872760718299675,,,
SCC,90,0.8585714285714285,0.8585714285714285,0.00027629570396457427,0.0002762957039645743,0.8583780663780662,0.857922077922078,0.8588744588744589,1.425914180190048,1.6875800333582183,,,
SCC,91,0.8583982683982684,0.8583982683982684,0.000265280350928267,0.00026528035092826703,0.8583607503607503,0.8577922077922078,0.8588311688311688,1.4262021510762077,1.6871542383700247,,,
SCC,92,0.8582251082251082,0.8582251082251082,0.0002591047597214019,0.00025910475972140196,0.8583463203463205,0.8578354978354978,0.8593939393939394,1.4262947967633985,1.6875527687744154,,,
SCC,93,0.8581818181818182,0.8581818181818182,0.0002634120645622323,0.00026341206456223233,0.8581760461760463,0.8576190476190476,0.8586147186147186,1.4261104559201252,1.6872879327537182,,,
SCC,94,0.8584848484848485,0.8584848484848485,0.0002466591944015013,0.00024665919440150123,0.8582077922077923,0.857922077922078,0.8587878787878788,1.426008451462105,1.6854305236135105,,,
SCC,95,0.8583116883116884,0.8583116883116884,0.00025522237323951177,0.0002552223732395118,0.8582741702741703,0.8578787878787879,0.8586580086580087,1.4260353375406318,1.6862793492089179,,,
SCC,96,0.858008658008658,0.858008658008658,0.00024331726202721503,0.000243317262027215,0.857988455988456,0.8574458874458875,0.8585281385281385,1.425690712046946,1.6867965182382054,,,
SCC,97,0.8577922077922078,0.8577922077922078,0.00024686225652871085,0.00024686225652871085,0.8581240981240982,0.8576190476190476,0.8585714285714285,1.4255028199997481,1.6866477100193316,,,
SCC,98,0.8583116883116884,0.8583116883116884,0.00024870534262198064,0.00024870534262198064,0.8581558441558441,0.8574025974025974,0.8587445887445887,1.4249217415363298,1.6867058513911761,,,
SCC,99,0.8585281385281385,0.8585281385281385,0.00024099177720140105,0.00024099177720140105,0.8583203463203463,0.8574458874458875,0.8589610389610389,1.4257191529783984,1.6866531113371959,,,
SCC,100,0.8586147186147186,0.8586147186147186,0.0002304368296759403,0.00023043682967594032,0.8584617604617605,0.8577489177489177,0.859004329004329,1.4255969425340846,1.6866671109829623,,,
SCC,101,0.8583549783549783,0.8583549783549783,0.00022889003392714152,0.0002288900339271415,0.8583838383838384,0.8578354978354978,0.858917748917749,1.425880482598207,1.687014635567016,,,
SCC,102,0.8583116883116884,0.8583116883116884,0.00021802933021398255,0.00021802933021398258,0.8582770562770563,0.8578354978354978,0.8586580086580087,1.4259342410877178,1.686189839387166,,,
SCC,103,0.8582683982683983,0.8582683982683983,0.0002247749402545523,0.00022477494025455226,0.8581731601731601,0.8578787878787879,0.8585281385281385,1.425705469643433,1.6860741868392548,,,
SCC,104,0.8581385281385281,0.8581385281385281,0.00021583391656721947,0.00021583391656721952,0.8579163059163057,0.8573160173160174,0.8582683982683983,1.425226193279328,1.6865447023936326,,,
SCC,105,0.8580519480519481,0.8580519480519481,0.00021213139989515703,0.00021213139989515703,0.8581414141414141,0.857922077922078,0.8585281385281385,1.4250323406609933,1.6864416428653217,,,
SCC,106,0.8582683982683983,0.8582683982683983,0.00020315076389125684,0.00020315076389125681,0.8581471861471862,0.8577922077922078,0.8586580086580087,1.4255534900025246,1.6860448612688763,,,
SCC,107,0.8580952380952381,0.8580952380952381,0.0002064387836185996,0.00020643878361859957,0.8582337662337662,0.8575757575757575,0.8586580086580087,1.4252026732876693,1.6865030724275096,,,
SCC,108,0.8582683982683983,0.8582683982683983,0.00020795673296320684,0.00020795673296320684,0.8583780663780664,0.8578787878787879,0.859004329004329,1.4257716900116102,1.6858793927662767,,,
SCC,109,0.8586147186147186,0.8586147186147186,0.0002045731191099597,0.00020457311910995974,0.8585310245310244,0.8580519480519481,0.859004329004329,1.4256450067436837,1.6857153817797732,,,
SCC,110,0.8582683982683983,0.8582683982683983,0.00020461752149122296,0.00020461752149122294,0.8582712842712842,0.8578787878787879,0.8586580086580087,1.4259735991323177,1.6854016353319543,,,
SCC,111,0.8583549783549783,0.8583549783549783,0.00019928433108084442,0.00019928433108084437,0.8582222222222222,0.8578354978354978,0.8587445887445887,1.4256066635633329,1.6857875930234587,,,
SCC,112,0.8583549783549783,0.8583549783549783,0.00018401683791379427,0.00018401683791379424,0.8582626262626262,0.8577489177489177,0.8588744588744589,1.4261295110132648,1.6860226729215324,,,
SCC,113,0.8582683982683983,0.8582683982683983,0.00019225847891091424,0.00019225847891091424,0.8582539682539684,0.8572727272727273,0.8588744588744589,1.4257119262458993,1.6858468093153651,,,
SCC,114,0.8581818181818182,0.8581818181818182,0.0001971743786338162,0.0001971743786338162,0.8581789321789323,0.8575757575757575,0.8586580086580087,1.42558773721461,1.686825773044994,,,
SCC,115,0.8581385281385281,0.8581385281385281,0.0001949206393745627,0.0001949206393745627,0.8582308802308801,0.8573593073593073,0.858917748917749,1.4260853551546515,1.6865172064452634,,,
SCC,116,0.8583549783549783,0.8583549783549783,0.00017940066434224246,0.00017940066434224248,0.858005772005772,0.8568831168831169,0.8584848484848485,1.4259653759063784,1.6864111334317844,,,
SCC,117,0.8580519480519481,0.8580519480519481,0.00017845015327046959,0.0001784501532704696,0.8581010101010101,0.8575757575757575,0.8584848484848485,1.4262213099175882,1.6864968907379572,,,
SCC,118,0.8579653679653679,0.8579653679653679,0.00017719479480277344,0.00017719479480277344,0.8580432900432899,0.8574025974025974,0.8588311688311688,1.425882995414692,1.6863545567916107,,,
SCC,119,0.857922077922078,0.857922077922078,0.00018178098379438999,0.00018178098379439,0.857838383838384,0.857012987012987,0.8584848484848485,1.4257483695701336,1.6870171698865049,,,
SCC,120,0.8578787878787879,0.8578787878787879,0.00017404149762399385,0.00017404149762399387,0.8581154401154403,0.8576623376623377,0.8590476190476191,1.4258699377933475,1.6873733461863991,,,
SCC,121,0.8575324675324675,0.8575324675324675,0.00017483558960381103,0.00017483558960381103,0.85801443001443,0.8576190476190476,0.8587012987012987,1.4257603508301298,1.6875855532753623,,,
SCC,122,0.8577056277056277,0.8577056277056277,0.00016720571145365477,0.0001672057114536548,0.8579682539682539,0.8574891774891775,0.8587012987012987,1.4258734639157482,1.6877692380616107,,,
SCC,123,0.858008658008658,0.858008658008658,0.00016787015807691257,0.0001678701580769126,0.8581558441558441,0.8577922077922078,0.8585714285714285,1.4259066892910641,1.687403866689086,,,
SCC,124,0.8578354978354978,0.8578354978354978,0.00016061842740799497,0.00016061842740799491,0.8580346320346321,0.8574458874458875,0.8583982683982684,1.4260702486810053,1.6872310096124807,,,
SCC,125,0.8579653679653679,0.8579653679653679,0.0001553720353821614,0.00015537203538216142,0.8581847041847043,0.8577056277056277,0.8585281385281385,1.4259345123148823,1.6880412741503616,,,
SCC,126,0.8580519480519481,0.8580519480519481,0.00014980890317892775,0.00014980890317892778,0.8580346320346321,0.8575757575757575,0.8583116883116884,1.426081029822557,1.6878184273380388,,,
SCC,127,0.8582251082251082,0.8582251082251082,0.0001440437382769954,0.0001440437382769954,0.8580577200577201,0.8575757575757575,0.8585281385281385,1.4257710787574314,1.6879960159335137,,,
SCC,128,0.8582251082251082,0.8582251082251082,0.00015026742287926745,0.00015026742287926748,0.8581731601731603,0.8579653679653679,0.8587012987012987,1.4254506779346672,1.6878215317690701,,,
SCC,129,0.8583116883116884,0.8583116883116884,0.00014753402735061366,0.00014753402735061372,0.8582279942279942,0.8577056277056277,0.8587445887445887,1.4254911485584891,1.6882610180933835,,,
SCC,130,0.8583116883116884,0.8583116883116884,0.00013949628424515136,0.0001394962842451514,0.8583290043290043,0.8579653679653679,0.8586580086580087,1.4258080973846372,1.6874916270820008,,,
SCC,131,0.8584415584415584,0.8584415584415584,0.00013512425570216043,0.00013512425570216043,0.8582510822510823,0.8576190476190476,0.8587445887445887,1.4262583409962548,1.687662463432134,,,
SCC,132,0.8584848484848485,0.8584848484848485,0.00013776071426223108,0.0001377607142622311,0.8583434343434343,0.8579653679653679,0.8587878787878788,1.4263786166648407,1.688071805525627,,,
SCC,133,0.8585281385281385,0.8585281385281385,0.00013656562442712094,0.00013656562442712094,0.8584386724386726,0.8574891774891775,0.8588311688311688,1.4261885764425482,1.6877171568230307,,,
SCC,134,0.8586580086580087,0.8586580086580087,0.0001432282298063115,0.00014322822980631153,0.8586233766233765,0.8578787878787879,0.8591341991341991,1.4261695216603762,1.68710880880298,,,
SCC,135,0.8584848484848485,0.8584848484848485,0.00013413157267676043,0.00013413157267676049,0.8585252525252526,0.8576190476190476,0.8587878787878788,1.42629349155732,1.686728119955303,,,
SCC,136,0.8585281385281385,0.8585281385281385,0.0001311138838858056,0.0001311138838858056,0.8584963924963925,0.8577922077922078,0.8590476190476191,1.4261427473264938,1.686330023091691,,,
SCC,137,0.8583982683982684,0.8583982683982684,0.00012329702963320864,0.00012329702963320862,0.8584704184704186,0.857922077922078,0.8589610389610389,1.426464009301572,1.6873424449210355,,,
SCC,138,0.8582251082251082,0.8582251082251082,0.00012537319025418873,0.00012537319025418875,0.8584906204906205,0.8579653679653679,0.859004329004329,1.4263606433300027,1.687281284348938,,,
SCC,139,0.8585281385281385,0.8585281385281385,0.00012546234938583262,0.00012546234938583262,0.8583838383838385,0.8577489177489177,0.8588744588744589,1.4262148678955016,1.6871380520806916,,,
SCC,140,0.8583982683982684,0.8583982683982684,0.0001231492377585959,0.0001231492377585959,0.8583924963924964,0.8577922077922078,0.8587878787878788,1.4259905424857213,1.6876843570011673,,,
SCC,141,0.8582683982683983,0.8582683982683983,0.00012017887704650939,0.00012017887704650938,0.8583290043290044,0.8577922077922078,0.8589610389610389,1.4262007217927128,1.6879639059272205,,,
SCC,142,0.8586580086580087,0.8586580086580087,0.00011826060936631524,0.00011826060936631523,0.8584040404040404,0.8580519480519481,0.8589610389610389,1.4263839420166766,1.6878103947755798,,,
SCC,143,0.8585714285714285,0.8585714285714285,0.00012003177119806125,0.00012003177119806124,0.8583347763347764,0.8579653679653679,0.8586147186147186,1.426245282946605,1.6874351549209563,,,
SCC,144,0.8584848484848485,0.8584848484848485,0.00012105556689562885,0.00012105556689562884,0.8583982683982684,0.858008658008658,0.8587878787878788,1.4265859598855486,1.6876272776160155,,,
SCC,145,0.8585281385281385,0.8585281385281385,0.00011393979724836262,0.00011393979724836263,0.8584761904761904,0.8577489177489177,0.8588311688311688,1.4265200389149515,1.6874471546257395,,,
SCC,146,0.8585714285714285,0.8585714285714285,0.0001135324464472022,0.00011353244644720216,0.8584646464646465,0.858008658008658,0.8587878787878788,1.426346696754356,1.6880546479730587,,,
SCC,147,0.8585281385281385,0.8585281385281385,0.00011316824189859278,0.0001131682418985928,0.8585108225108224,0.8578787878787879,0.858917748917749,1.4261165264429652,1.6883393050861817,,,
SCC,148,0.8587012987012987,0.8587012987012987,0.00011211726277864444,0.00011211726277864442,0.8585627705627705,0.8580519480519481,0.859004329004329,1.4263758761589125,1.6878802999938616,,,
SCC,149,0.8586580086580087,0.8586580086580087,0.00011050099726681648,0.00011050099726681649,0.8584242424242424,0.858008658008658,0.8589610389610389,1.425950812226667,1.688012237370252,,,
SCC,150,0.8586580086580087,0.8586580086580087,0.00010638727784338885,0.00010638727784338884,0.8585194805194803,0.858008658008658,0.8589610389610389,1.4261275689588357,1.687776305747357,,,
SCC,151,0.8588311688311688,0.8588311688311688,0.00010379755821869143,0.00010379755821869141,0.8585945165945166,0.858008658008658,0.8594372294372294,1.4265798339887166,1.6878454889135623,,,
SCC,152,0.8587445887445887,0.8587445887445887,0.00010578476569543746,0.00010578476569543746,0.8587099567099566,0.8581818181818182,0.8593073593073594,1.4262542028056917,1.6876655521020507,,,
SCC,153,0.8588744588744589,0.8588744588744589,0.00010609072390638676,0.00010609072390638678,0.8587070707070708,0.8580952380952381,0.8593506493506493,1.4263168870385785,1.6879868041717256,,,
SCC,154,0.8587012987012987,0.8587012987012987,9.898539461354525e-05,9.898539461354527e-05,0.8587099567099569,0.8581818181818182,0.8592207792207792,1.4265983183482365,1.6880660107763474,,,
SCC,155,0.8587012987012987,0.8587012987012987,0.00010059043134963873,0.00010059043134963873,0.8587705627705626,0.8580952380952381,0.8593506493506493,1.426363074418505,1.6878445723183775,,,
SCC,156,0.8588311688311688,0.8588311688311688,9.807362557021228e-05,9.80736255702123e-05,0.8587936507936507,0.8581385281385281,0.8593506493506493,1.4261208794497504,1.687672429476088,,,
SCC,157,0.8586580086580087,0.8586580086580087,0.00010377935264358832,0.0001037793526435883,0.8587647907647908,0.8582683982683983,0.8593506493506493,1.4262871410874103,1.6875554409429778,,,
SCC,158,0.859004329004329,0.859004329004329,0.00010414463081836845,0.00010414463081836849,0.8588658008658008,0.8584848484848485,0.8593939393939394,1.4264198846946832,1.6873934211844963,,,
SCC,159,0.8590909090909091,0.8590909090909091,9.789709332042597e-05,9.789709332042599e-05,0.8588831168831168,0.8583982683982684,0.8594372294372294,1.4264301338549497,1.687342785708824,,,
SCC,160,0.858917748917749,0.858917748917749,9.886305610430654e-05,9.886305610430655e-05,0.8587503607503607,0.8582251082251082,0.8590909090909091,1.4264941435364988,1.687975463578866,,,
SCC,161,0.8589610389610389,0.8589610389610389,9.760581207023952e-05,9.76058120702395e-05,0.858932178932179,0.8583116883116884,0.8592640692640693,1.426185280681336,1.6875266468959558,,,
SCC,162,0.8587878787878788,0.8587878787878788,9.327736779759163e-05,9.327736779759163e-05,0.8589379509379509,0.8583982683982684,0.8596103896103896,1.4263576457413059,1.6876903204027078,,,
SCC,163,0.8590476190476191,0.8590476190476191,9.229270780974166e-05,9.229270780974168e-05,0.8588744588744588,0.8582251082251082,0.8593939393939394,1.4262022809509922,1.6878157373045313,,,
SCC,164,0.8589610389610389,0.8589610389610389,9.806480409276457e-05,9.806480409276458e-05,0.8589379509379509,0.8585281385281385,0.8595238095238096,1.426476774764124,1.688079324049547,,,
SCC,165,0.8590909090909091,0.8590909090909091,9.59516885718968e-05,9.59516885718968e-05,0.859001443001443,0.8587012987012987,0.8595670995670995,1.4266120163115503,1.6878408113618273,,,
SCC,166,0.8589610389610389,0.8589610389610389,9.499852449100479e-05,9.499852449100481e-05,0.8590014430014429,0.8586147186147186,0.8593939393939394,1.4263075680201684,1.6879472478116737,,,
SCC,167,0.8588311688311688,0.8588311688311688,9.330838963407049e-05,9.330838963407049e-05,0.8589696969696967,0.8586580086580087,0.8593073593073594,1.426179281309143,1.6876471717016708,,,
SCC,168,0.859004329004329,0.859004329004329,8.993749883225685e-05,8.993749883225685e-05,0.8590707070707072,0.8586580086580087,0.8593506493506493,1.426479178140079,1.6876951603617207,,,
SCC,169,0.8592207792207792,0.8592207792207792,9.048608938218715e-05,9.048608938218715e-05,0.8590562770562771,0.8588311688311688,0.8593073593073594,1.426255485451752,1.6871298123262894,,,
SCC,170,0.8589610389610389,0.8589610389610389,8.858691809290184e-05,8.858691809290187e-05,0.8590043290043289,0.8587012987012987,0.8593939393939394,1.426348202958959,1.6872108939925523,,,
SCC,171,0.858917748917749,0.858917748917749,8.865130435601328e-05,8.865130435601331e-05,0.8589292929292929,0.8587012987012987,0.8592207792207792,1.4259570702524667,1.6873478376179674,,,
SCC,172,0.8586580086580087,0.8586580086580087,8.862814315433415e-05,8.862814315433416e-05,0.8588253968253969,0.8585281385281385,0.8591341991341991,1.426240143971946,1.6875936649320158,,,
SCC,173,0.8591341991341991,0.8591341991341991,8.637113434634533e-05,8.637113434634532e-05,0.8588946608946609,0.8585714285714285,0.8592207792207792,1.4266456810421821,1.6872572418463196,,,
SCC,174,0.8587878787878788,0.8587878787878788,7.959074721013383e-05,7.959074721013383e-05,0.8588629148629149,0.8584848484848485,0.8592207792207792,1.4265358214375101,1.687541531964048,,,
SCC,175,0.8588311688311688,0.8588311688311688,7.957404875344366e-05,7.957404875344366e-05,0.8589379509379511,0.8584415584415584,0.8592640692640693,1.426384243874268,1.6870010121427808,,,
SCC,176,0.8587012987012987,0.8587012987012987,7.964629444388892e-05,7.964629444388891e-05,0.8589927849927849,0.8583982683982684,0.8592640692640693,1.426107815366131,1.6873042663630602,,,
SCC,177,0.8587445887445887,0.8587445887445887,7.742109567722339e-05,7.742109567722339e-05,0.8589119769119768,0.8584848484848485,0.8592640692640693,1.4262297620644915,1.6873579910637182,,,
SCC,178,0.8586580086580087,0.8586580086580087,7.611177704218254e-05,7.611177704218255e-05,0.8588686868686869,0.8583549783549783,0.8592207792207792,1.4261515030818899,1.6879200190045949,,,
SCC,179,0.8584848484848485,0.8584848484848485,7.645831399505758e-05,7.645831399505758e-05,0.8587359307359307,0.8582683982683983,0.8591341991341991,1.4259043245791612,1.687873399873791,,,
SCC,180,0.8586147186147186,0.8586147186147186,8.212395241596117e-05,8.212395241596116e-05,0.8588571428571428,0.8583982683982684,0.8592640692640693,1.426013426664495,1.6882611145126498,,,
SCC,181,0.8586580086580087,0.8586580086580087,7.723427877388146e-05,7.723427877388146e-05,0.8587561327561327,0.8583982683982684,0.8591774891774892,1.4262119197406442,1.6872952798287533,,,
SCC,182,0.8587445887445887,0.8587445887445887,7.524158686601938e-05,7.524158686601937e-05,0.8587503607503606,0.8583549783549783,0.8590909090909091,1.4264486364588223,1.6870812591952866,,,
SCC,183,0.8587878787878788,0.8587878787878788,7.748327316842336e-05,7.748327316842336e-05,0.8587936507936508,0.8585281385281385,0.8590476190476191,1.4263108211029307,1.6872228898325765,,,
SCC,184,0.8589610389610389,0.8589610389610389,7.337883258405384e-05,7.337883258405385e-05,0.8588831168831169,0.8586147186147186,0.8591341991341991,1.4267154276252845,1.687169760685307,,,
SCC,185,0.859004329004329,0.859004329004329,7.441771492743865e-05,7.441771492743864e-05,0.8588167388167387,0.8583982683982684,0.8591774891774892,1.4265912421150386,1.6867660287988497,,,
SCC,186,0.8591774891774892,0.8591774891774892,7.120311272828182e-05,7.12031127282818e-05,0.858943722943723,0.8585714285714285,0.8592207792207792,1.4266309230148528,1.6863869036773467,,,
SCC,187,0.8592207792207792,0.8592207792207792,6.912534876314231e-05,6.912534876314232e-05,0.8589350649350649,0.8585281385281385,0.8592640692640693,1.4270126718285938,1.6865937613642643,,,
SCC,188,0.859004329004329,0.859004329004329,6.976991615785134e-05,6.976991615785134e-05,0.858995670995671,0.8587878787878788,0.8592640692640693,1.4268501619774132,1.686543275603129,,,
SCC,189,0.8591774891774892,0.8591774891774892,7.00742847515591e-05,7.007428475155912e-05,0.859024531024531,0.8587445887445887,0.8593506493506493,1.4269384964100986,1.6860587130727525,,,
SCC,190,0.8591774891774892,0.8591774891774892,6.994821197804581e-05,6.994821197804581e-05,0.8589004329004327,0.8586580086580087,0.8591774891774892,1.42714535127784,1.6858632644250409,,,
SCC,191,0.8589610389610389,0.8589610389610389,7.087308940224274e-05,7.087308940224273e-05,0.8589235209235209,0.8586580086580087,0.8592640692640693,1.4271339920450685,1.6863073828048347,,,
SCC,192,0.8589610389610389,0.8589610389610389,7.207504960971261e-05,7.207504960971264e-05,0.8589177489177491,0.8587012987012987,0.8591341991341991,1.4269665036121746,1.6859025148690368,,,
SCC,193,0.8590476190476191,0.8590476190476191,7.092294018027614e-05,7.092294018027613e-05,0.8588715728715728,0.8586580086580087,0.8592640692640693,1.426417177742279,1.6857558863937647,,,
SCC,194,0.859004329004329,0.859004329004329,6.980090189838679e-05,6.98009018983868e-05,0.8588080808080808,0.8584415584415584,0.8592207792207792,1.4269053740786513,1.6860808483169023,,,
SCC,195,0.859004329004329,0.859004329004329,6.495246474061218e-05,6.495246474061218e-05,0.8587994227994229,0.8583549783549783,0.8593073593073594,1.4270817471688144,1.6861932651102567,,,
SCC,196,0.8588744588744589,0.8588744588744589,6.51869332599395e-05,6.51869332599395e-05,0.8587994227994228,0.8583982683982684,0.8591774891774892,1.4268098745759519,1.686361093473008,,,
SCC,197,0.8589610389610389,0.8589610389610389,6.58196369843601e-05,6.58196369843601e-05,0.8587099567099568,0.8584415584415584,0.8590909090909091,1.4270701568810722,1.6861856955949543,,,
SCC,198,0.8588744588744589,0.8588744588744589,6.459087226320565e-05,6.459087226320565e-05,0.8587388167388166,0.8585714285714285,0.8590476190476191,1.4270410526637005,1.6864948441152405,,,
SCC,199,0.8587012987012987,0.8587012987012987,6.694414642599504e-05,6.694414642599504e-05,0.8586522366522367,0.8582683982683983,0.8589610389610389,1.4270727233453688,1.6866111753462312,,,
RDSGD,0,0.7837662337662338,0.7837662337662338,0.0642319208466952,0.06423192084669521,0.382877344877345,0.29878787878787877,0.44835497835497834,2.0263249373099566,2.169828118735628,0.0,1.0,0.0
RDSGD,1,0.8079220779220779,0.8079220779220779,0.06924654385199598,0.069246543851996,0.5712871572871573,0.42813852813852815,0.7064935064935065,1.8685463777519198,2.078648907995668,0.00012244897959183654,0.22857142857142856,0.05
RDSGD,2,0.8172727272727273,0.8172727272727273,0.06992029175246155,0.06992029175246159,0.6695613275613275,0.49502164502164503,0.7604329004329005,1.734593497824257,2.013121978236604,0.0012276800657624646,0.18571428571428572,0.45
RDSGD,3,0.8224242424242424,0.8224242424242424,0.06710298325157664,0.06710298325157664,0.7202799422799423,0.5893939393939394,0.7854545454545454,1.6758349298161492,1.954385101668013,0.0013084539793178109,0.14285714285714285,0.4
RDSGD,4,0.8273160173160173,0.8273160173160173,0.07086992576868885,0.07086992576868888,0.7452813852813853,0.591991341991342,0.8071428571428572,1.6043559574077946,1.9109735294599814,0.0006657673621829931,0.12857142857142856,0.2
RDSGD,5,0.827922077922078,0.827922077922078,0.06970692822771002,0.06970692822771006,0.7676854256854259,0.6222077922077922,0.8177056277056277,1.545884717994239,1.8574028180116113,0.0011403309317372565,0.14285714285714285,0.35
RDSGD,6,0.8306060606060606,0.8306060606060606,0.07541956394960787,0.07541956394960793,0.7791284271284272,0.6527705627705628,0.8229870129870129,1.5067108236334885,1.8151517167373052,0.0005766458486362992,0.14285714285714285,0.2
RDSGD,7,0.8316450216450216,0.8316450216450216,0.08096771882276074,0.08096771882276078,0.7875064935064936,0.6523809523809524,0.8268398268398268,1.4418970883029076,1.7707099122133123,0.0006771540928026721,0.17142857142857143,0.25
RDSGD,8,0.8344155844155844,0.8344155844155844,0.09831315846329743,0.09831315846329748,0.7890014430014429,0.6207792207792208,0.8291341991341992,1.3735414983672842,1.748909679508149,0.00022878320965172264,0.2,0.1
RDSGD,9,0.835021645021645,0.835021645021645,0.10870023439633467,0.10870023439633474,0.7932265512265513,0.5974025974025974,0.8318181818181818,1.3075957748267228,1.7318926007311948,0.0004678527008136057,0.2,0.2
RDSGD,10,0.8353679653679653,0.8353679653679653,0.11384465500742297,0.11384465500742304,0.7970966810966811,0.5856277056277056,0.8348484848484848,1.2707241393559454,1.7142441278989429,0.0004654661267359119,0.2,0.2
RDSGD,11,0.836926406926407,0.836926406926407,0.11875571989158179,0.11875571989158187,0.8001731601731603,0.571038961038961,0.8358008658008658,1.2409719472952139,1.6929820718049668,0.0004500428887191216,0.21428571428571427,0.2
RDSGD,12,0.8351082251082251,0.8351082251082251,0.1227734917973215,0.1227734917973216,0.8017373737373737,0.5673160173160173,0.8385281385281386,1.223205943421238,1.701214678946279,0.0005515670285552491,0.21428571428571427,0.25
RDSGD,13,0.8369696969696969,0.8369696969696969,0.12819787484567813,0.1281978748456782,0.8033073593073593,0.560995670995671,0.8406060606060606,1.211266219730028,1.7271194684868822,0.00041619377259240035,0.22857142857142856,0.2
RDSGD,14,0.8364069264069264,0.8364069264069264,0.13040962686022828,0.13040962686022836,0.8050187590187591,0.5577922077922078,0.8403896103896104,1.2031141960153613,1.7133156968650005,0.0005219157873020474,0.24285714285714285,0.25
RDSGD,15,0.8386147186147186,0.8386147186147186,0.13126006304934337,0.13126006304934348,0.8071024531024531,0.5493939393939394,0.8428138528138528,1.1962741280852391,1.7095198055511418,0.0006014095868685302,0.22857142857142856,0.3
RDSGD,16,0.8396536796536797,0.8396536796536797,0.1340943307111538,0.13409433071115384,0.808886002886003,0.5428138528138529,0.8444155844155844,1.1903495223735476,1.7193614381825966,0.0004009856031184473,0.22857142857142856,0.25
RDSGD,17,0.8377056277056277,0.8377056277056277,0.1302727964711228,0.1302727964711229,0.8098903318903319,0.5436796536796537,0.8438095238095238,1.1818020333293295,1.7086810001102881,0.0006461329449835471,0.21428571428571427,0.35
RDSGD,18,0.8393506493506494,0.8393506493506494,0.13128223137687103,0.1312822313768711,0.812069264069264,0.5415151515151515,0.8447619047619047,1.1793026462699288,1.7161034524066965,0.0006007951688050136,0.21428571428571427,0.35
RDSGD,19,0.8392640692640693,0.8392640692640693,0.12872847844455004,0.12872847844455015,0.8136046176046177,0.5363636363636364,0.8458008658008658,1.1745956280024057,1.7027395588515042,0.0005495337979266314,0.2,0.3
RDSGD,20,0.839047619047619,0.839047619047619,0.12917621005172092,0.12917621005172097,0.8144271284271285,0.5335497835497836,0.8457575757575757,1.1727856243750736,1.7103826948723586,0.0005645515885807748,0.2,0.35
RDSGD,21,0.8393939393939394,0.8393939393939394,0.1297958651225444,0.12979586512254448,0.8160317460317459,0.5315584415584416,0.8464935064935065,1.170946776881593,1.7032115653697129,0.0005350904891605361,0.21428571428571427,0.3
RDSGD,22,0.8411688311688311,0.8411688311688311,0.12961402757237656,0.12961402757237667,0.8179249639249639,0.5318614718614718,0.8481818181818181,1.1695301132354725,1.6943158044678295,0.0004778880159576508,0.2,0.25
RDSGD,23,0.8417316017316018,0.8417316017316018,0.13132714987932664,0.13132714987932678,0.8188831168831168,0.5282251082251083,0.8487445887445887,1.1671308302242969,1.6925479304278277,0.00040109871448427807,0.22857142857142856,0.25
RDSGD,24,0.8434199134199134,0.8434199134199134,0.1311616046245565,0.13116160462455662,0.8201904761904761,0.5297835497835498,0.8490909090909091,1.165767308505242,1.6870218066798324,0.00039324993750439413,0.2,0.25
RDSGD,25,0.8433766233766233,0.8433766233766233,0.13103629214559348,0.13103629214559356,0.8210331890331892,0.5293073593073593,0.848917748917749,1.1649314095389065,1.686834113529849,0.0005115236473796197,0.21428571428571427,0.3
RDSGD,26,0.843982683982684,0.843982683982684,0.13090171993389477,0.13090171993389485,0.8218989898989899,0.5283982683982684,0.8485281385281386,1.1628923089933778,1.6850171745540234,0.0004016943300189532,0.18571428571428572,0.25
RDSGD,27,0.8443722943722943,0.8443722943722943,0.12654647316864112,0.1265464731686412,0.8238181818181818,0.5290476190476191,0.8491341991341992,1.1606192575992815,1.6908103237192893,0.000681207370247501,0.17142857142857143,0.4
RDSGD,28,0.8443290043290044,0.8443290043290044,0.12439452835649675,0.12439452835649686,0.8244935064935066,0.5297402597402597,0.8489610389610389,1.1589136089425778,1.6963207595106937,0.000450413224149788,0.14285714285714285,0.25
RDSGD,29,0.8438095238095238,0.8438095238095238,0.12354658615400672,0.12354658615400682,0.8254949494949496,0.5315584415584416,0.8496103896103896,1.1592020248073112,1.7241893650565208,0.00044129553934759477,0.17142857142857143,0.25
RDSGD,30,0.8442857142857143,0.8442857142857143,0.12395411780325395,0.12395411780325406,0.8258412698412698,0.5303463203463203,0.8508225108225108,1.1583734892326438,1.7309773206497154,0.0004034299771580295,0.18571428571428572,0.2
RDSGD,31,0.8442424242424242,0.8442424242424242,0.12413036821573709,0.12413036821573717,0.8264877344877344,0.5290909090909091,0.8519047619047619,1.1564094602943464,1.7340748084835478,0.0004125221191288686,0.14285714285714285,0.2
RDSGD,32,0.8448051948051948,0.8448051948051948,0.12363673882816519,0.12363673882816523,0.827137085137085,0.5308225108225109,0.8514718614718615,1.155103513960026,1.7349989646994506,0.00041324792999186997,0.17142857142857143,0.2
RDSGD,33,0.8454978354978355,0.8454978354978355,0.12425329900129022,0.12425329900129031,0.8276277056277056,0.5313852813852814,0.8520779220779221,1.154412274538666,1.7235988176397306,0.00030053163400348576,0.18571428571428572,0.15
RDSGD,34,0.8459740259740259,0.8459740259740259,0.1238472628012915,0.12384726280129162,0.8284357864357863,0.5323376623376623,0.8531168831168832,1.1538089595663836,1.7357531570438636,0.00042304949574462785,0.15714285714285714,0.2
RDSGD,35,0.8461471861471861,0.8461471861471861,0.12418228969030427,0.12418228969030437,0.8285165945165944,0.5311688311688312,0.8524242424242424,1.1528646012152457,1.7219777322614058,0.00019052390520936602,0.15714285714285714,0.1
RDSGD,36,0.8464502164502165,0.8464502164502165,0.12528906409036034,0.12528906409036045,0.8290707070707072,0.5296536796536796,0.8531601731601731,1.151080271717229,1.7170844292815985,0.00017841704912647854,0.14285714285714285,0.1
RDSGD,37,0.8471861471861472,0.8471861471861472,0.12627776505857752,0.12627776505857766,0.8293217893217893,0.5303896103896104,0.8532900432900433,1.1497670700527687,1.7142853685227344,0.0001788949467757043,0.17142857142857143,0.1
RDSGD,38,0.8478354978354978,0.8478354978354978,0.1286734342431413,0.1286734342431414,0.8294516594516594,0.5295670995670996,0.8536363636363636,1.149954697983208,1.7122015235069732,0.00016213872363026518,0.18571428571428572,0.1
RDSGD,39,0.8481385281385282,0.8481385281385282,0.12768650730617426,0.12768650730617434,0.8301673881673881,0.5292207792207793,0.8536796536796537,1.1497409797236813,1.7135559023614784,0.00016093685302449864,0.11428571428571428,0.1
RDSGD,40,0.8484415584415584,0.8484415584415584,0.1290547437312721,0.12905474373127218,0.8303694083694082,0.5279220779220779,0.8541125541125542,1.148954595169346,1.7108182233006146,0.00018915936706660513,0.14285714285714285,0.1
RDSGD,41,0.8488744588744589,0.8488744588744589,0.1305363979968517,0.13053639799685182,0.8308427128427129,0.5284415584415585,0.8542424242424242,1.1485033358753678,1.708013083817586,0.00017845048749423023,0.12857142857142856,0.1
RDSGD,42,0.8495670995670995,0.8495670995670995,0.13176660326751738,0.13176660326751746,0.8312034632034633,0.5261904761904762,0.8547619047619047,1.1477834017311068,1.7090632887695378,0.000184285579308585,0.14285714285714285,0.1
RDSGD,43,0.8503463203463203,0.8503463203463203,0.13285100102080835,0.13285100102080846,0.8313823953823952,0.5264069264069264,0.8545454545454545,1.1474851890205835,1.709399717326959,0.00018427995888822065,0.15714285714285714,0.1
RDSGD,44,0.8503463203463203,0.8503463203463203,0.1334356755681069,0.133435675568107,0.8317402597402598,0.526017316017316,0.8554112554112554,1.1471649956809868,1.7089738628289255,0.00018326160274346093,0.14285714285714285,0.1
RDSGD,45,0.8505627705627705,0.8505627705627705,0.1337184490504251,0.13371844905042518,0.8322222222222223,0.5276190476190477,0.8563636363636363,1.1466874082139569,1.708400569254395,0.0001874961071806576,0.14285714285714285,0.1
RDSGD,46,0.8511688311688311,0.8511688311688311,0.13338437834105638,0.1333843783410565,0.8324357864357865,0.5286147186147186,0.8563203463203464,1.1464864148826748,1.7091084620165584,0.00019925729865090955,0.15714285714285714,0.15
RDSGD,47,0.8509523809523809,0.8509523809523809,0.13490136084605434,0.13490136084605447,0.8323203463203463,0.5276623376623376,0.8558874458874459,1.1456431143224082,1.7096258917510432,0.00018194446865532656,0.15714285714285714,0.1
RDSGD,48,0.850909090909091,0.850909090909091,0.13648427015600348,0.1364842701560036,0.8321760461760463,0.5273160173160173,0.8556709956709957,1.1451723157953313,1.7088391890816013,0.00019210485361604375,0.17142857142857143,0.1
RDSGD,49,0.851038961038961,0.851038961038961,0.13710801656016858,0.13710801656016872,0.8320836940836941,0.5272727272727272,0.8556709956709957,1.1450302327926416,1.7077167605655563,0.00018690988202953445,0.17142857142857143,0.1
RDSGD,50,0.8512554112554113,0.8512554112554113,0.13695986046999828,0.1369598604699984,0.8323290043290041,0.5275324675324675,0.8562337662337662,1.1442669760346849,1.7089894947767412,0.00018682581618993685,0.15714285714285714,0.1
RDSGD,51,0.8512554112554113,0.8512554112554113,0.1374481076749262,0.13744810767492632,0.8324098124098125,0.5284848484848484,0.8551082251082252,1.1440809205877174,1.7097896905915628,0.0001973977509971708,0.17142857142857143,0.15
RDSGD,52,0.8513419913419913,0.8513419913419913,0.13746144762041876,0.13746144762041887,0.8321240981240982,0.5299134199134199,0.8557575757575757,1.1434784907931497,1.7084420525313173,0.00018363765144453146,0.18571428571428572,0.1
RDSGD,53,0.8513852813852814,0.8513852813852814,0.13794574517235536,0.13794574517235547,0.8319076479076478,0.5293939393939394,0.8553679653679653,1.1425714546600498,1.7082162145392465,0.00019593123622852949,0.18571428571428572,0.15
RDSGD,54,0.8511255411255412,0.8511255411255412,0.13800799897889607,0.13800799897889618,0.8322539682539681,0.5292207792207793,0.8554978354978355,1.1426724710993832,1.7079338349028537,0.00018720814028004926,0.15714285714285714,0.1
RDSGD,55,0.8510822510822511,0.8510822510822511,0.13743099816470716,0.13743099816470722,0.8322395382395382,0.5316017316017316,0.8554978354978355,1.1424918160026003,1.7079818891613339,0.00020037075009235686,0.17142857142857143,0.15
RDSGD,56,0.8513419913419913,0.8513419913419913,0.13752116006781162,0.13752116006781173,0.8323001443001442,0.5312987012987013,0.8557142857142858,1.1424119879002426,1.708212628921529,0.00018521682127629766,0.14285714285714285,0.1
RDSGD,57,0.8513852813852814,0.8513852813852814,0.13839619972063877,0.13839619972063885,0.8322770562770562,0.530952380952381,0.8559307359307359,1.1419725060260357,1.7080879298316678,0.00019394471627144863,0.18571428571428572,0.1
RDSGD,58,0.8516450216450216,0.8516450216450216,0.13862773252911265,0.13862773252911273,0.8324098124098123,0.5304761904761904,0.8558874458874459,1.1414030072971633,1.706196609253177,9.374911969081051e-05,0.15714285714285714,0.05
RDSGD,59,0.852034632034632,0.852034632034632,0.13906481859378308,0.1390648185937832,0.832063492063492,0.531082251082251,0.8554112554112554,1.1413124287884397,1.7050779386112027,0.00010439044090355091,0.17142857142857143,0.05
RDSGD,60,0.8516017316017316,0.8516017316017316,0.13947296738747197,0.13947296738747206,0.8322481962481962,0.5315151515151515,0.8553246753246754,1.1410998579305924,1.7046628862535917,9.64915998364348e-05,0.18571428571428572,0.05
RDSGD,61,0.8516450216450216,0.8516450216450216,0.1393665472171952,0.13936654721719532,0.8324646464646465,0.5316883116883117,0.8557575757575757,1.1409258442674717,1.7046948402361193,8.874543902983385e-05,0.14285714285714285,0.05
RDSGD,62,0.8521645021645021,0.8521645021645021,0.14026978016356365,0.14026978016356376,0.8327272727272728,0.5325541125541126,0.8555844155844156,1.1408854454289687,1.7049338253451767,9.581106435186476e-05,0.15714285714285714,0.05
RDSGD,63,0.851991341991342,0.851991341991342,0.14025938018438047,0.1402593801843806,0.8327936507936508,0.5334632034632034,0.856017316017316,1.1407668111328735,1.7054604884324238,9.656515708638408e-05,0.15714285714285714,0.05
RDSGD,64,0.8522943722943723,0.8522943722943723,0.14099447540417787,0.14099447540417798,0.8328196248196247,0.5329437229437229,0.8562337662337662,1.1404556759040103,1.7051387615517988,9.650071966267197e-05,0.15714285714285714,0.05
RDSGD,65,0.8528571428571429,0.8528571428571429,0.14129079664669686,0.14129079664669694,0.8329668109668109,0.5344155844155845,0.8557142857142858,1.1403985274641615,1.705785785066491,9.910876452588574e-05,0.17142857142857143,0.05
RDSGD,66,0.8532034632034632,0.8532034632034632,0.14229575143270884,0.1422957514327089,0.8330678210678212,0.5333766233766234,0.8559740259740259,1.140351373546777,1.7034841159388505,9.411555308702352e-05,0.15714285714285714,0.05
RDSGD,67,0.852987012987013,0.852987012987013,0.14319815787635237,0.14319815787635246,0.832955266955267,0.531991341991342,0.8556709956709957,1.14017262553499,1.70482832324131,0.00010077117517893812,0.15714285714285714,0.05
RDSGD,68,0.8532900432900433,0.8532900432900433,0.14340683140399288,0.143406831403993,0.8332207792207792,0.5314718614718614,0.8556709956709957,1.1401668128843812,1.7048007028432839,9.557114066646007e-05,0.12857142857142856,0.05
RDSGD,69,0.8536796536796537,0.8536796536796537,0.14330974030718877,0.14330974030718888,0.8332380952380952,0.532077922077922,0.8559307359307359,1.1399919410116852,1.7034136376050482,0.0001021654198826633,0.14285714285714285,0.05
RDSGD,70,0.8536363636363636,0.8536363636363636,0.14370667372989535,0.14370667372989548,0.8333910533910535,0.5313419913419913,0.8565800865800866,1.1402705077323108,1.7021318434152612,9.89450031250174e-05,0.17142857142857143,0.05
RDSGD,71,0.8538095238095238,0.8538095238095238,0.14380060705463532,0.14380060705463543,0.8334112554112555,0.5316017316017316,0.8562770562770563,1.1401703386893467,1.7034154492280353,9.474551277579135e-05,0.14285714285714285,0.05
RDSGD,72,0.8533766233766233,0.8533766233766233,0.14414970546220016,0.1441497054622003,0.8334632034632036,0.5306926406926407,0.8565367965367965,1.1399656191979297,1.7036680093555514,9.908698681335485e-05,0.15714285714285714,0.05
RDSGD,73,0.8535497835497835,0.8535497835497835,0.14416840004265857,0.14416840004265874,0.8335555555555555,0.5309090909090909,0.8565367965367965,1.139973708195667,1.7028123645767053,9.332791741249573e-05,0.14285714285714285,0.05
RDSGD,74,0.8536363636363636,0.8536363636363636,0.144664372168218,0.14466437216821815,0.8335526695526695,0.53008658008658,0.8563636363636363,1.1399684564075492,1.702785599999448,9.979021255526169e-05,0.15714285714285714,0.05
RDSGD,75,0.8536796536796537,0.8536796536796537,0.14524956233636183,0.1452495623363619,0.8334199134199134,0.5302597402597402,0.8560606060606061,1.139731160788011,1.7031244624751671,9.334754565407795e-05,0.14285714285714285,0.05
RDSGD,76,0.854025974025974,0.854025974025974,0.14559176954914807,0.14559176954914813,0.8334458874458872,0.5303030303030303,0.8567099567099568,1.1397033921344968,1.7031542756171452,9.947975936759394e-05,0.15714285714285714,0.05
RDSGD,77,0.854025974025974,0.854025974025974,0.14558936786045779,0.1455893678604579,0.8335844155844155,0.5307792207792208,0.8566666666666667,1.1393741778131528,1.70124304526846,0.00022217948897125701,0.14285714285714285,0.1
RDSGD,78,0.8541558441558441,0.8541558441558441,0.14621756291850085,0.146217562918501,0.8335324675324676,0.5305627705627706,0.8564935064935065,1.1392424708325404,1.7016712658728939,0.00010325056741967329,0.17142857142857143,0.1
RDSGD,79,0.8538095238095238,0.8538095238095238,0.14601757840944707,0.14601757840944715,0.8333217893217894,0.5312554112554112,0.8558441558441559,1.1392905377740588,1.7021026858348005,0.00010197458490747629,0.17142857142857143,0.05
RDSGD,80,0.8543722943722943,0.8543722943722943,0.14591756067831974,0.14591756067831987,0.8338412698412697,0.5315151515151515,0.8563203463203464,1.1392273979623464,1.703726902968525,8.944569752451549e-05,0.15714285714285714,0.05
RDSGD,81,0.8544155844155844,0.8544155844155844,0.14668630188587475,0.14668630188587486,0.8338297258297259,0.5314718614718614,0.8566666666666667,1.1393144800599047,1.7014579808302335,9.939191872609268e-05,0.17142857142857143,0.05
RDSGD,82,0.854025974025974,0.854025974025974,0.14622148515629674,0.14622148515629688,0.8340606060606063,0.531948051948052,0.856926406926407,1.1391785830070633,1.7014638159851792,0.00010134788602747111,0.12857142857142856,0.05
RDSGD,83,0.8537229437229438,0.8537229437229438,0.14626877679707062,0.14626877679707073,0.8341327561327562,0.5314718614718614,0.8567965367965368,1.13903599152039,1.7023654238995556,9.799507577472117e-05,0.14285714285714285,0.05
RDSGD,84,0.8538095238095238,0.8538095238095238,0.14610172808693234,0.14610172808693248,0.8345627705627706,0.5318181818181819,0.8570562770562771,1.1388283173435019,1.7021897064212475,9.25645178120724e-05,0.12857142857142856,0.05
RDSGD,85,0.854025974025974,0.854025974025974,0.14654128321895246,0.1465412832189526,0.8343867243867243,0.5314718614718614,0.8570562770562771,1.1387694408456948,1.7014293816610424,9.88736200676412e-05,0.14285714285714285,0.05
RDSGD,86,0.8538528138528139,0.8538528138528139,0.1465928819600521,0.14659288196005224,0.8344992784992784,0.5312987012987013,0.8571861471861472,1.138641383629952,1.7017919020878285,9.924847956835562e-05,0.15714285714285714,0.05
RDSGD,87,0.8535064935064935,0.8535064935064935,0.14700956371370427,0.14700956371370438,0.8344704184704185,0.531991341991342,0.8573160173160174,1.1383298118775715,1.7029539741371689,0.00010045651487861774,0.14285714285714285,0.05
RDSGD,88,0.8536363636363636,0.8536363636363636,0.14678432143358686,0.146784321433587,0.8345252525252526,0.5318614718614718,0.8575324675324675,1.1382107032011355,1.702343296308378,0.0001001579263205948,0.12857142857142856,0.05
RDSGD,89,0.8538961038961039,0.8538961038961039,0.14712368945286206,0.1471236894528621,0.8345367965367966,0.5322077922077922,0.8571428571428571,1.1379179481127484,1.7019840589550779,9.454245658525362e-05,0.14285714285714285,0.05
RDSGD,90,0.8538095238095238,0.8538095238095238,0.1469856543880813,0.1469856543880814,0.8345656565656566,0.5311255411255411,0.8571428571428571,1.1378516656621098,1.702806239039591,9.206505047960745e-05,0.12857142857142856,0.05
RDSGD,91,0.8541558441558441,0.8541558441558441,0.14700783363299968,0.1470078336329998,0.8345454545454546,0.5308658008658008,0.8578354978354978,1.1379417461634627,1.702387449135384,9.808765331266936e-05,0.12857142857142856,0.05
RDSGD,92,0.8538961038961039,0.8538961038961039,0.14693569105903329,0.14693569105903334,0.8345050505050505,0.5303463203463203,0.8571861471861472,1.137776450286391,1.702085886014749,9.72175807447272e-05,0.12857142857142856,0.05
RDSGD,93,0.8542424242424242,0.8542424242424242,0.14723338414242443,0.1472333841424245,0.8344184704184704,0.5296536796536796,0.8573160173160174,1.1376275817540304,1.7020388222374017,9.723162212753133e-05,0.12857142857142856,0.05
RDSGD,94,0.8538095238095238,0.8538095238095238,0.14680313654605853,0.14680313654605867,0.8342222222222222,0.5306493506493507,0.8572294372294372,1.137569050849711,1.6998915782284634,9.79248112076808e-05,0.15714285714285714,0.05
RDSGD,95,0.854025974025974,0.854025974025974,0.14702938382184963,0.1470293838218498,0.8341356421356423,0.5307792207792208,0.8566233766233766,1.137634317977398,1.7005399835926254,9.230868050062094e-05,0.12857142857142856,0.05
RDSGD,96,0.853982683982684,0.853982683982684,0.1470599170057943,0.1470599170057944,0.8339365079365079,0.5306926406926407,0.8566233766233766,1.1376323416766965,1.7010645982327055,9.756560253445417e-05,0.14285714285714285,0.05
RDSGD,97,0.8542424242424242,0.8542424242424242,0.14737444704833266,0.14737444704833277,0.8338730158730159,0.5309090909090909,0.8565367965367965,1.1377047723517333,1.6964092275540135,9.075149549628227e-05,0.14285714285714285,0.05
RDSGD,98,0.8544588744588745,0.8544588744588745,0.1472681603899851,0.1472681603899852,0.8339076479076479,0.5309090909090909,0.8569696969696969,1.1376251160067292,1.6946113116590602,9.832637307457882e-05,0.14285714285714285,0.05
RDSGD,99,0.8551082251082252,0.8551082251082252,0.1472262913139652,0.14722629131396534,0.8342539682539681,0.5315584415584416,0.856926406926407,1.1375254483244863,1.6926613324285484,9.873863361048525e-05,0.14285714285714285,0.05
RDSGD,100,0.8551948051948052,0.8551948051948052,0.14730064725096484,0.14730064725096498,0.8344733044733046,0.5317316017316017,0.8574891774891775,1.1374193081664,1.6921460938948691,9.925307771945455e-05,0.14285714285714285,0.05
RDSGD,101,0.8552380952380952,0.8552380952380952,0.14705287285038515,0.14705287285038524,0.8345685425685426,0.5328138528138529,0.8570562770562771,1.1373391189094253,1.691692739015981,9.9380086971797e-05,0.14285714285714285,0.05
RDSGD,102,0.8548051948051948,0.8548051948051948,0.14742216585152182,0.1474221658515219,0.8345743145743145,0.5332900432900433,0.8570995670995671,1.1374665343228338,1.6898198822923252,9.961357080437173e-05,0.14285714285714285,0.05
RDSGD,103,0.8549350649350649,0.8549350649350649,0.14749958642521166,0.14749958642521177,0.8345945165945167,0.5327705627705628,0.8574458874458875,1.1373964850798224,1.6897933135211816,0.00010039107285293138,0.14285714285714285,0.05
RDSGD,104,0.8548051948051948,0.8548051948051948,0.1474943810789537,0.14749438107895388,0.8346204906204907,0.5331601731601732,0.8574458874458875,1.1373399936920348,1.6899944637460833,0.00010035810366296617,0.15714285714285714,0.05
RDSGD,105,0.8546753246753247,0.8546753246753247,0.1468859146832247,0.14688591468322482,0.8348571428571431,0.5345454545454545,0.8578354978354978,1.1373338930921222,1.6890329142128622,9.543615483671448e-05,0.15714285714285714,0.05
RDSGD,106,0.855021645021645,0.855021645021645,0.14668541976590604,0.14668541976590616,0.834946608946609,0.534978354978355,0.8574458874458875,1.1372712671840486,1.68903711576319,5.839086493153543e-05,0.14285714285714285,0.1
RDSGD,107,0.8552813852813853,0.8552813852813853,0.14685968238547703,0.1468596823854771,0.8350187590187591,0.5353246753246753,0.8572294372294372,1.137158598241846,1.688203524985762,0.00010612382902785641,0.17142857142857143,0.05
RDSGD,108,0.8554545454545455,0.8554545454545455,0.14666504144494966,0.1466650414449498,0.8353852813852813,0.5352813852813852,0.8577489177489177,1.137189422968862,1.6928140049287084,5.3182486140616315e-05,0.12857142857142856,0.1
RDSGD,109,0.8554112554112554,0.8554112554112554,0.1469663255446214,0.14696632554462152,0.8351457431457431,0.534978354978355,0.8575324675324675,1.1371468855289806,1.69395798957424,0.00010857475053805347,0.14285714285714285,0.05
RDSGD,110,0.8551082251082252,0.8551082251082252,0.1467037875765037,0.1467037875765038,0.834984126984127,0.5351082251082251,0.8576190476190476,1.137127501619095,1.6942758137156226,9.495501484784194e-05,0.12857142857142856,0.05
RDSGD,111,0.8549350649350649,0.8549350649350649,0.14707550489670523,0.14707550489670537,0.8348542568542567,0.5353246753246753,0.8571861471861472,1.1370394106549808,1.6947883251657232,9.969406564631251e-05,0.12857142857142856,0.05
RDSGD,112,0.8551515151515151,0.8551515151515151,0.147045948651101,0.1470459486511011,0.8350245310245311,0.5346320346320347,0.8573160173160174,1.1369024667335634,1.695357191689911,9.860830389754258e-05,0.14285714285714285,0.05
RDSGD,113,0.8552813852813853,0.8552813852813853,0.14710847214180517,0.14710847214180528,0.8348831168831169,0.5343290043290043,0.8574891774891775,1.1370057790890724,1.6963108204788981,9.179769411803395e-05,0.12857142857142856,0.05
RDSGD,114,0.8552380952380952,0.8552380952380952,0.14708137126167037,0.14708137126167045,0.8350014430014431,0.5341991341991342,0.8577056277056277,1.136876565224391,1.6972281972718504,9.813383327199908e-05,0.14285714285714285,0.05
RDSGD,115,0.8551515151515151,0.8551515151515151,0.14688279994192466,0.14688279994192477,0.8350101010101011,0.5343290043290043,0.8575757575757575,1.136692351705412,1.6968094827498692,9.788638342089802e-05,0.12857142857142856,0.05
RDSGD,116,0.8551948051948052,0.8551948051948052,0.14697047791802167,0.14697047791802173,0.8348686868686869,0.5345021645021645,0.8572294372294372,1.1369135442811857,1.6969277258128004,9.753276004562099e-05,0.14285714285714285,0.05
RDSGD,117,0.8555844155844156,0.8555844155844156,0.14706950155569504,0.14706950155569518,0.8349870129870128,0.534978354978355,0.8577056277056277,1.1367740814148577,1.6968791731240356,0.0,0.12857142857142856,0.0
RDSGD,118,0.8558874458874459,0.8558874458874459,0.14686901460688176,0.1468690146068819,0.8351717171717171,0.5356709956709956,0.8578354978354978,1.1366638427755142,1.6956713807760315,0.0,0.14285714285714285,0.0
RDSGD,119,0.8552813852813853,0.8552813852813853,0.14721068691811162,0.14721068691811168,0.8351486291486291,0.5361038961038961,0.8577489177489177,1.136735638008693,1.6958210654968742,0.0,0.14285714285714285,0.0
RDSGD,120,0.8551515151515151,0.8551515151515151,0.14774485347413902,0.14774485347413915,0.8352265512265512,0.5357575757575758,0.8574891774891775,1.1366827827687378,1.6954545949534716,0.0,0.15714285714285714,0.0
RDSGD,121,0.8553679653679653,0.8553679653679653,0.1479708239664867,0.14797082396648686,0.8352611832611833,0.535974025974026,0.8577056277056277,1.1366149354664672,1.6949085994144997,0.0,0.12857142857142856,0.0
RDSGD,122,0.856017316017316,0.856017316017316,0.1479499419255359,0.14794994192553598,0.8353217893217892,0.5366233766233767,0.8575757575757575,1.1365372584500775,1.694835502335644,0.0,0.14285714285714285,0.0
RDSGD,123,0.856017316017316,0.856017316017316,0.14856786782991077,0.1485678678299109,0.8353535353535354,0.5364502164502164,0.8575757575757575,1.1365648971209898,1.6935361545488354,0.0,0.14285714285714285,0.0
RDSGD,124,0.8561038961038961,0.8561038961038961,0.14858495493673846,0.14858495493673854,0.8353391053391053,0.536969696969697,0.8578787878787879,1.1366392775727328,1.6932422996414407,0.0,0.12857142857142856,0.0
RDSGD,125,0.8565800865800866,0.8565800865800866,0.1489073563558962,0.1489073563558963,0.835266955266955,0.5365800865800866,0.8579653679653679,1.1365331842582918,1.693273170432367,0.0,0.12857142857142856,0.0
RDSGD,126,0.8567099567099568,0.8567099567099568,0.1488704609669579,0.14887046096695802,0.8352756132756132,0.5367099567099567,0.8571861471861472,1.1364838683056686,1.6930472461718313,0.0,0.12857142857142856,0.0
RDSGD,127,0.8564935064935065,0.8564935064935065,0.14897287102980106,0.14897287102980117,0.8352813852813853,0.5367965367965368,0.8574458874458875,1.136474714129977,1.6932621910183219,0.0,0.12857142857142856,0.0
RDSGD,128,0.8568398268398268,0.8568398268398268,0.14928562381677846,0.14928562381677857,0.8353160173160173,0.5368398268398269,0.8572294372294372,1.1363786186869542,1.69146076558267,0.0,0.12857142857142856,0.0
RDSGD,129,0.8570995670995671,0.8570995670995671,0.1496533575133368,0.1496533575133369,0.8352207792207792,0.5361904761904762,0.8575757575757575,1.1362939138859143,1.6926193366897218,0.0,0.11428571428571428,0.0
RDSGD,130,0.8570562770562771,0.8570562770562771,0.1497916023540629,0.14979160235406302,0.8352756132756133,0.5363636363636364,0.8576190476190476,1.1361921109808506,1.6914293117829884,0.0,0.11428571428571428,0.0
RDSGD,131,0.857012987012987,0.857012987012987,0.14997072852640828,0.14997072852640841,0.8351139971139971,0.5363203463203463,0.8569696969696969,1.1361808257990256,1.6915094005477564,0.0,0.11428571428571428,0.0
RDSGD,132,0.857012987012987,0.857012987012987,0.15019075838022794,0.15019075838022808,0.8351717171717171,0.5358441558441558,0.8570995670995671,1.1361752737307194,1.6916736506107442,0.0,0.11428571428571428,0.0
RDSGD,133,0.8570562770562771,0.8570562770562771,0.15032756591884514,0.15032756591884525,0.835079365079365,0.5358874458874459,0.8570995670995671,1.136197218184592,1.6910461788756288,0.0,0.11428571428571428,0.0
RDSGD,134,0.856926406926407,0.856926406926407,0.1510293309434288,0.15102933094342888,0.8349264069264068,0.5350216450216451,0.8573593073593073,1.1362388043463396,1.6901884003676015,0.0,0.11428571428571428,0.0
RDSGD,135,0.8567532467532467,0.8567532467532467,0.1512438407324452,0.15124384073244537,0.8348802308802308,0.535064935064935,0.8573160173160174,1.1362944792137055,1.6895509598883371,0.0,0.11428571428571428,0.0
RDSGD,136,0.8566666666666667,0.8566666666666667,0.15148155799187427,0.1514815579918744,0.834937950937951,0.5348484848484848,0.8571861471861472,1.1362940003574216,1.6865621222866505,0.0,0.12857142857142856,0.0
RDSGD,137,0.8567099567099568,0.8567099567099568,0.15173937329675674,0.15173937329675685,0.8348658008658009,0.5347619047619048,0.8569696969696969,1.1363169597769909,1.6887713232011303,0.0,0.12857142857142856,0.0
RDSGD,138,0.8567532467532467,0.8567532467532467,0.15148690892995348,0.15148690892995365,0.834888888888889,0.5355411255411255,0.8570995670995671,1.136385971544667,1.6889640850963679,0.0,0.12857142857142856,0.0
RDSGD,139,0.8568398268398268,0.8568398268398268,0.1515284578821963,0.1515284578821964,0.835010101010101,0.5360173160173161,0.8574458874458875,1.1362958077823666,1.688694105537573,0.0,0.12857142857142856,0.0
RDSGD,140,0.8567965367965368,0.8567965367965368,0.15147242848449913,0.15147242848449924,0.834756132756133,0.5355411255411255,0.8572294372294372,1.1363645794472124,1.6890584727363205,0.0,0.11428571428571428,0.0
RDSGD,141,0.8564502164502165,0.8564502164502165,0.15154418601289915,0.15154418601289923,0.8348831168831169,0.5356277056277057,0.8574458874458875,1.1363118086329036,1.6891377533594072,0.0,0.11428571428571428,0.0
RDSGD,142,0.8567099567099568,0.8567099567099568,0.15200402698734425,0.15200402698734436,0.8347128427128427,0.5348051948051948,0.8571861471861472,1.136387391172094,1.6887356773925335,0.0,0.11428571428571428,0.0
RDSGD,143,0.8567099567099568,0.8567099567099568,0.15238131689449147,0.1523813168944916,0.8346406926406925,0.5347619047619048,0.8571861471861472,1.1362656885006572,1.6882935206027279,0.0,0.12857142857142856,0.0
RDSGD,144,0.8569696969696969,0.8569696969696969,0.15251987106543619,0.15251987106543635,0.8348369408369407,0.5348051948051948,0.8575324675324675,1.1361406424482332,1.6881875395373305,0.0,0.11428571428571428,0.0
RDSGD,145,0.8570562770562771,0.8570562770562771,0.15277173554126747,0.15277173554126763,0.8348398268398267,0.5351082251082251,0.8570995670995671,1.136098291892893,1.688272282056106,0.0,0.11428571428571428,0.0
RDSGD,146,0.8567099567099568,0.8567099567099568,0.15277436290018134,0.15277436290018143,0.8347936507936508,0.5351948051948052,0.8570562770562771,1.1361420552113741,1.6890130195354873,0.0,0.11428571428571428,0.0
RDSGD,147,0.8567532467532467,0.8567532467532467,0.15258349159120865,0.1525834915912088,0.8350043290043291,0.5357142857142857,0.8574458874458875,1.1360631459387847,1.688933236508542,0.0,0.12857142857142856,0.0
RDSGD,148,0.8567965367965368,0.8567965367965368,0.15283639827537512,0.15283639827537518,0.835004329004329,0.5359307359307359,0.8571428571428571,1.1360378091595162,1.6883610440664987,0.0,0.11428571428571428,0.0
RDSGD,149,0.8570562770562771,0.8570562770562771,0.1532899775255426,0.1532899775255427,0.8347561327561327,0.5351948051948052,0.8572727272727273,1.1359661812853759,1.688278920837342,0.0,0.11428571428571428,0.0
RDSGD,150,0.8570562770562771,0.8570562770562771,0.153235249104894,0.15323524910489408,0.8349841269841273,0.5350216450216451,0.8580519480519481,1.1359123324194023,1.6880874329457978,8.618543561119459e-07,0.12857142857142856,0.05
RDSGD,151,0.8574458874458875,0.8574458874458875,0.15337204325057205,0.15337204325057216,0.8351197691197692,0.5353246753246753,0.8583549783549783,1.1358343132197866,1.6879312056105635,0.0,0.11428571428571428,0.0
RDSGD,152,0.8573593073593073,0.8573593073593073,0.15307927790777792,0.15307927790777806,0.8350735930735931,0.5357575757575758,0.8575757575757575,1.1357600417720919,1.6875145268307155,0.0,0.11428571428571428,0.0
RDSGD,153,0.8574458874458875,0.8574458874458875,0.15315677926136187,0.15315677926136198,0.8350591630591631,0.5359307359307359,0.8574891774891775,1.1356611921755815,1.6877744254686564,0.0,0.11428571428571428,0.0
RDSGD,154,0.8574891774891775,0.8574891774891775,0.15291384409497524,0.15291384409497535,0.8351803751803751,0.5361471861471861,0.8574025974025974,1.1356521471652452,1.6876304172411223,0.0,0.11428571428571428,0.0
RDSGD,155,0.8573160173160174,0.8573160173160174,0.15301527805206733,0.15301527805206744,0.8352063492063493,0.5361904761904762,0.8575757575757575,1.1356081359982875,1.6872612225900383,0.0,0.12857142857142856,0.0
RDSGD,156,0.8575757575757575,0.8575757575757575,0.15313366285214325,0.15313366285214333,0.8353708513708512,0.5362770562770562,0.8578354978354978,1.135549552717676,1.6869238455222835,0.0,0.12857142857142856,0.0
RDSGD,157,0.8572294372294372,0.8572294372294372,0.1535437223554966,0.15354372235549668,0.8353679653679653,0.5357142857142857,0.8574458874458875,1.1354962842615408,1.6866742244824473,0.0,0.12857142857142856,0.0
RDSGD,158,0.8572294372294372,0.8572294372294372,0.15347693487097064,0.1534769348709707,0.8353737373737373,0.5356709956709956,0.8575757575757575,1.1355120011204334,1.6862817130315542,0.0,0.11428571428571428,0.0
RDSGD,159,0.8573593073593073,0.8573593073593073,0.15351573868257365,0.15351573868257382,0.8354805194805195,0.5359307359307359,0.8580519480519481,1.1355225226003054,1.6860558338214744,0.0,0.12857142857142856,0.0
RDSGD,160,0.8574025974025974,0.8574025974025974,0.15382208242187412,0.15382208242187423,0.8355064935064934,0.5360173160173161,0.8579653679653679,1.1355370981360842,1.6867383451497482,0.0,0.11428571428571428,0.0
RDSGD,161,0.8574025974025974,0.8574025974025974,0.15381030245393476,0.15381030245393484,0.8354632034632036,0.5362770562770562,0.8575324675324675,1.1355112605144781,1.6862205262768681,0.0,0.11428571428571428,0.0
RDSGD,162,0.8574891774891775,0.8574891774891775,0.15381801404467027,0.1538180140446704,0.8353391053391053,0.5367532467532468,0.8574891774891775,1.1354315173137568,1.6862746327542923,0.0,0.11428571428571428,0.0
RDSGD,163,0.8573593073593073,0.8573593073593073,0.15388146204845327,0.15388146204845343,0.8353275613275614,0.535974025974026,0.8575324675324675,1.1353671419518492,1.686041169758101,0.0,0.11428571428571428,0.0
RDSGD,164,0.8576190476190476,0.8576190476190476,0.15434779006664004,0.15434779006664015,0.8353362193362194,0.5355411255411255,0.8574025974025974,1.135447349416155,1.686560617672956,0.0,0.12857142857142856,0.0
RDSGD,165,0.8577922077922078,0.8577922077922078,0.15446289928238,0.15446289928238013,0.8354805194805193,0.5355844155844156,0.8577056277056277,1.1354103317891335,1.6862290064182146,0.0,0.11428571428571428,0.0
RDSGD,166,0.8576623376623377,0.8576623376623377,0.15434492138705025,0.15434492138705036,0.8353823953823952,0.5357142857142857,0.8573593073593073,1.135354564801927,1.6863069864586757,0.0,0.11428571428571428,0.0
RDSGD,167,0.8576190476190476,0.8576190476190476,0.15410593222978947,0.1541059322297896,0.8355613275613275,0.5364069264069264,0.8576623376623377,1.135349459535883,1.6862027819456489,0.0,0.11428571428571428,0.0
RDSGD,168,0.8575324675324675,0.8575324675324675,0.15396615473103778,0.15396615473103792,0.8354545454545456,0.5358874458874459,0.8577056277056277,1.1354144094811618,1.6861972947880213,0.0,0.11428571428571428,0.0
RDSGD,169,0.8575757575757575,0.8575757575757575,0.15407600435127083,0.15407600435127092,0.8353679653679653,0.5356277056277057,0.857922077922078,1.1353372061398248,1.6856251850052926,0.0,0.11428571428571428,0.0
RDSGD,170,0.8576623376623377,0.8576623376623377,0.15409952238639468,0.15409952238639477,0.8352265512265513,0.5354112554112554,0.8573160173160174,1.1353667601077566,1.6856050182816347,0.0,0.11428571428571428,0.0
RDSGD,171,0.8574458874458875,0.8574458874458875,0.15390424375147443,0.15390424375147452,0.8353535353535354,0.5357142857142857,0.8577489177489177,1.1353522613762155,1.6858591823871643,0.0,0.11428571428571428,0.0
RDSGD,172,0.8574458874458875,0.8574458874458875,0.15421093910907444,0.15421093910907457,0.8354747474747477,0.5356709956709956,0.8579653679653679,1.1352884891422308,1.6856923901309764,0.0,0.11428571428571428,0.0
RDSGD,173,0.8574458874458875,0.8574458874458875,0.15425505245876278,0.15425505245876298,0.8354978354978356,0.5359307359307359,0.858008658008658,1.1352868850475355,1.6855676954010044,0.0,0.11428571428571428,0.0
RDSGD,174,0.8572727272727273,0.8572727272727273,0.15437539539624445,0.1543753953962446,0.8354314574314575,0.5361471861471861,0.8578787878787879,1.1351333948445128,1.6860697419774735,0.0,0.11428571428571428,0.0
RDSGD,175,0.8574891774891775,0.8574891774891775,0.15464352114040195,0.15464352114040206,0.8355151515151515,0.5357142857142857,0.8576623376623377,1.1351981425471813,1.685720244293853,0.0,0.11428571428571428,0.0
RDSGD,176,0.8575757575757575,0.8575757575757575,0.15477262749002502,0.15477262749002513,0.8355209235209237,0.5354112554112554,0.857922077922078,1.1352151424223886,1.6859047644460692,0.0,0.11428571428571428,0.0
RDSGD,177,0.8576623376623377,0.8576623376623377,0.15471703326048183,0.15471703326048197,0.8355930735930736,0.5353679653679654,0.8579653679653679,1.1351016709855744,1.6860098090716515,0.0,0.11428571428571428,0.0
RDSGD,178,0.8576623376623377,0.8576623376623377,0.15449754001993835,0.15449754001993848,0.8354660894660895,0.5352380952380953,0.8578787878787879,1.135009397252281,1.6855824094170802,0.0,0.11428571428571428,0.0
RDSGD,179,0.8575324675324675,0.8575324675324675,0.15446757647865356,0.15446757647865364,0.8354718614718613,0.5354112554112554,0.8577056277056277,1.135025008561812,1.685625175503584,0.0,0.11428571428571428,0.0
RDSGD,180,0.8577922077922078,0.8577922077922078,0.15486893347061692,0.154868933470617,0.8354458874458874,0.535064935064935,0.857922077922078,1.1350700690610844,1.6853141518157897,0.0,0.11428571428571428,0.0
RDSGD,181,0.8574458874458875,0.8574458874458875,0.15493321648352637,0.1549332164835265,0.8353968253968255,0.5346753246753246,0.8576190476190476,1.1350420989159726,1.6858025523217168,0.0,0.11428571428571428,0.0
RDSGD,182,0.8573593073593073,0.8573593073593073,0.1551220145718283,0.15512201457182842,0.8353333333333333,0.5348484848484848,0.8576623376623377,1.1350172327152674,1.68616802007269,0.0,0.12857142857142856,0.0
RDSGD,183,0.8572727272727273,0.8572727272727273,0.15550487501120352,0.15550487501120366,0.8353679653679653,0.5344155844155845,0.8577922077922078,1.13499608382797,1.6862657588594496,0.0,0.12857142857142856,0.0
RDSGD,184,0.8575324675324675,0.8575324675324675,0.1557358074191708,0.15573580741917095,0.8354574314574313,0.5346320346320347,0.8578787878787879,1.1349692660967359,1.6862296558023604,0.0,0.12857142857142856,0.0
RDSGD,185,0.8575757575757575,0.8575757575757575,0.1557416659890524,0.15574166598905256,0.8353477633477634,0.5347186147186147,0.8580519480519481,1.1349718218228682,1.686209539448751,0.0,0.12857142857142856,0.0
RDSGD,186,0.8577056277056277,0.8577056277056277,0.15541958532445457,0.1554195853244547,0.8354920634920634,0.5352813852813852,0.8578354978354978,1.1350384033582905,1.685903041108837,0.0,0.11428571428571428,0.0
RDSGD,187,0.8574891774891775,0.8574891774891775,0.1553447681316108,0.15534476813161094,0.8354256854256854,0.5354112554112554,0.8581385281385281,1.1349293955384399,1.6856041281773335,0.0,0.12857142857142856,0.0
RDSGD,188,0.8574891774891775,0.8574891774891775,0.15552563105579065,0.15552563105579076,0.8354199134199135,0.5352380952380953,0.8576190476190476,1.1349538791269314,1.6852075172894838,0.0,0.11428571428571428,0.0
RDSGD,189,0.857922077922078,0.857922077922078,0.1555591597140102,0.1555591597140103,0.8353997113997116,0.5348917748917749,0.8574025974025974,1.1349083462477259,1.685162705951623,0.0,0.11428571428571428,0.0
RDSGD,190,0.8578354978354978,0.8578354978354978,0.15568672489231955,0.15568672489231963,0.8353823953823952,0.5346320346320347,0.8578354978354978,1.1347968975295089,1.6853214041027669,0.0,0.12857142857142856,0.0
RDSGD,191,0.8579653679653679,0.8579653679653679,0.15591163284614637,0.15591163284614648,0.8352987012987014,0.5341558441558442,0.8575757575757575,1.1348124882312096,1.6855239910687307,0.0,0.11428571428571428,0.0
RDSGD,192,0.8582683982683983,0.8582683982683983,0.15599457205088238,0.15599457205088246,0.8352121212121212,0.5345021645021645,0.8576190476190476,1.1347767931130504,1.685507372547732,0.0,0.11428571428571428,0.0
RDSGD,193,0.8581818181818182,0.8581818181818182,0.15616140137808954,0.15616140137808962,0.835243867243867,0.5338095238095238,0.8577489177489177,1.1347850483571325,1.6852365852521174,0.0,0.11428571428571428,0.0
RDSGD,194,0.858008658008658,0.858008658008658,0.15627124941921114,0.15627124941921125,0.8352178932178933,0.5335497835497836,0.8576623376623377,1.1347134326942414,1.6852521943205128,0.0,0.11428571428571428,0.0
RDSGD,195,0.8577922077922078,0.8577922077922078,0.15593722070095156,0.15593722070095167,0.8352554112554113,0.5341558441558442,0.8575757575757575,1.1346698725480078,1.6850764225254298,0.0,0.11428571428571428,0.0
RDSGD,196,0.8578354978354978,0.8578354978354978,0.15611398790691067,0.1561139879069108,0.835099567099567,0.533982683982684,0.8571428571428571,1.1346904018314428,1.6854427481455958,0.0,0.12857142857142856,0.0
RDSGD,197,0.8577922077922078,0.8577922077922078,0.15611148936629743,0.15611148936629757,0.8353217893217892,0.5342424242424243,0.8577922077922078,1.1346911543160418,1.6852444840517933,0.0,0.11428571428571428,0.0
RDSGD,198,0.858008658008658,0.858008658008658,0.15617757768412083,0.15617757768412097,0.8352554112554114,0.5341991341991342,0.8575324675324675,1.1346446327848314,1.6849702026802498,0.0,0.11428571428571428,0.0
RDSGD,199,0.8578787878787879,0.8578787878787879,0.15636682057614543,0.15636682057614557,0.8352467532467532,0.5343290043290043,0.8574891774891775,1.1345696740907247,1.6849460026434133,0.0,0.11428571428571428,0.0
