alg,k,test_acc,test_acc_pi,C_pi,C_unif,mean_test_acc,min_test_acc,max_test_acc,min_train_loss,max_train_loss,rho2_k,gamma_k,beta_k,byz_w_k
RDSGD,0,0.7757142857142857,0.7757142857142857,0.07209560273239522,0.07209560273239521,0.6182135642135642,0.4713852813852814,0.7482251082251082,1.6176063354421388,2.1161216334206303,0.0015251025458054175,0.0,0.09090909090908679,0.019047619047619056
RDSGD,1,0.7931601731601732,0.7931601731601732,0.08693383060853224,0.08693383060853221,0.7047532467532468,0.6052813852813853,0.7853246753246753,1.5602956048753873,2.031046074754318,0.004282941152491601,0.0,0.18181818181817358,0.0380952380952381
RDSGD,2,0.805974025974026,0.805974025974026,0.09072726515607613,0.0907272651560761,0.7467301587301588,0.6676190476190477,0.8131601731601732,1.5262175774676732,1.962156834198568,0.0026991452054764783,0.0,0.13636363636363016,0.02857142857142858
RDSGD,3,0.814069264069264,0.814069264069264,0.09277251458666692,0.09277251458666688,0.7714083694083693,0.7026406926406926,0.8153246753246753,1.3431419967868212,1.8492731533553726,0.0,0.0,0.0,0.0
RDSGD,4,0.8228571428571428,0.8228571428571428,0.08034645896914208,0.08034645896914204,0.791974025974026,0.7367532467532467,0.8272294372294372,1.3972509499901922,1.8008982058555634,0.0006610151523615871,0.0,0.045454545454543395,0.009523809523809535
RDSGD,5,0.8274025974025974,0.8274025974025974,0.07499072440433999,0.07499072440433996,0.8041240981240982,0.759004329004329,0.8352813852813853,1.2967839132230727,1.7590367139166665,0.0,0.0,0.0,0.0
RDSGD,6,0.8301731601731601,0.8301731601731601,0.06850868753415378,0.06850868753415373,0.8110476190476191,0.7662337662337663,0.8375757575757575,1.25617764378487,1.7328701267682067,0.0013694594549979516,0.0,0.13636363636363016,0.028571428571428577
RDSGD,7,0.8315151515151515,0.8315151515151515,0.05295828212886095,0.05295828212886093,0.8165829725829725,0.7754545454545455,0.8371861471861471,1.3242038575440298,1.710220600568288,0.0014788119782132643,0.0,0.22727272727271697,0.047619047619047644
RDSGD,8,0.8322077922077922,0.8322077922077922,0.045008602724347264,0.045008602724347244,0.8203174603174603,0.7822077922077922,0.839047619047619,1.3404340601759792,1.707866480586901,0.0010579961301969971,0.0,0.22727272727271697,0.04761904761904766
RDSGD,9,0.8346753246753247,0.8346753246753247,0.03905605403155024,0.039056054031550234,0.8245050505050506,0.7934632034632034,0.84,1.3420981602561508,1.6963939611132084,0.0007836402278589151,0.0,0.22727272727271697,0.04761904761904766
RDSGD,10,0.8330735930735931,0.8330735930735931,0.032059849493720725,0.03205984949372072,0.8248369408369408,0.7972294372294372,0.8392207792207792,1.4005446031807545,1.6938396167661,0.001648168156613432,0.0,0.31818181818180374,0.06666666666666674
RDSGD,11,0.8315584415584416,0.8315584415584416,0.025121119975511412,0.02512111997551141,0.8261962481962482,0.8031168831168831,0.8395670995670995,1.422104473566812,1.7179758278506516,0.002108112336537729,0.0,0.45454545454543394,0.09523809523809529
RDSGD,12,0.8319047619047619,0.8319047619047619,0.02414506935766228,0.024145069357662266,0.8269927849927847,0.8087878787878788,0.837056277056277,1.382661377314897,1.734845525846563,0.0016003058572426126,0.014705882352940961,0.4999999999999773,0.10476190476190479
RDSGD,13,0.8302597402597403,0.8302597402597403,0.02054354648024955,0.02054354648024954,0.8267792207792208,0.8099134199134199,0.8378354978354978,1.4334910636279914,1.7372411231430434,0.0017466239654903015,0.014705882352940961,0.5909090909090641,0.12380952380952386
RDSGD,14,0.8292640692640693,0.8292640692640693,0.018200723035829463,0.018200723035829456,0.8254603174603173,0.8043722943722944,0.838051948051948,1.4429827640345145,1.7400043605793953,0.0019142127041174726,0.014705882352940961,0.5909090909090641,0.12380952380952383
RDSGD,15,0.8276623376623377,0.8276623376623377,0.014880187844877196,0.014880187844877192,0.8250966810966811,0.8097402597402598,0.8379653679653679,1.4485275760182812,1.738390538922758,0.0015140479619684837,0.0,0.5909090909090641,0.12380952380952383
RDSGD,16,0.8254978354978355,0.8254978354978355,0.01135395914607112,0.011353959146071114,0.8235844155844155,0.8074891774891775,0.8351948051948052,1.4774176216868313,1.7353175862962986,0.0017534215430452813,0.0,0.6818181818181509,0.1428571428571429
RDSGD,17,0.8236796536796537,0.8236796536796537,0.008623826203199706,0.008623826203199705,0.8223780663780663,0.8053679653679654,0.8328571428571429,1.4800218244647154,1.730321761260112,0.0018551236042930507,0.0,0.8636363636363245,0.18095238095238103
RDSGD,18,0.8213852813852814,0.8213852813852814,0.007676694838499211,0.007676694838499209,0.8202539682539682,0.8054545454545454,0.8294372294372294,1.4939162485760318,1.7350274015730989,0.001499674908736559,0.014705882352940961,0.818181818181781,0.17142857142857146
RDSGD,19,0.8187012987012987,0.8187012987012987,0.006758876932330682,0.006758876932330682,0.8185598845598846,0.8045454545454546,0.8285281385281386,1.494208078226717,1.7379402161096122,0.0012946098419374867,0.0,0.818181818181781,0.17142857142857149
RDSGD,20,0.8191774891774892,0.8191774891774892,0.005924536423406128,0.0059245364234061255,0.8183578643578645,0.8058874458874459,0.826926406926407,1.499181769694475,1.735119656131481,0.0012581058062828942,0.014705882352940961,0.8636363636363245,0.18095238095238098
RDSGD,21,0.8186147186147186,0.8186147186147186,0.005665621456902838,0.005665621456902836,0.8179711399711401,0.806017316017316,0.8282251082251082,1.4951955784161168,1.7355870984826436,0.0010655919834008166,0.014705882352940961,0.818181818181781,0.17142857142857149
RDSGD,22,0.8172294372294372,0.8172294372294372,0.005456746252551311,0.005456746252551308,0.8165743145743145,0.8065800865800866,0.824935064935065,1.4936987598282576,1.7397970530339852,0.001042836203659589,0.0,0.7727272727272376,0.16190476190476194
RDSGD,23,0.8164069264069264,0.8164069264069264,0.005388685536656995,0.005388685536656992,0.8151948051948051,0.804025974025974,0.8242424242424242,1.491961338672044,1.7428969082041332,0.0009834671541426086,0.014705882352940961,0.818181818181781,0.17142857142857143
RDSGD,24,0.8161471861471862,0.8161471861471862,0.004512751763924917,0.004512751763924916,0.8146406926406925,0.8041991341991342,0.8238528138528138,1.4827294862891778,1.7430165292411144,0.0010379456585066292,0.0,0.9090909090908679,0.19047619047619052
RDSGD,25,0.8148484848484848,0.8148484848484848,0.00397998603220665,0.0039799860322066475,0.8138961038961039,0.803982683982684,0.8235064935064935,1.4886742388598977,1.7453655441843132,0.001047299588090486,0.0,0.9545454545454112,0.20000000000000004
RDSGD,26,0.8132467532467532,0.8132467532467532,0.0036981960253004028,0.003698196025300402,0.8124992784992784,0.802034632034632,0.8209090909090909,1.4858847736996097,1.7459836344473616,0.000924449737062698,0.029411764705881922,0.9090909090908679,0.19047619047619052
RDSGD,27,0.8122077922077922,0.8122077922077922,0.003247862947235431,0.0032478629472354296,0.8113593073593075,0.8018181818181818,0.8207359307359308,1.4844270628377183,1.7453558006088563,0.0009350147931174997,0.014705882352940961,0.9999999999999546,0.20952380952380956
RDSGD,28,0.8109090909090909,0.8109090909090909,0.002913608856077812,0.0029136088560778113,0.8104617604617602,0.8005194805194805,0.8192207792207792,1.4835034387302959,1.7480522237392473,0.0008597101687180977,0.0,0.9999999999999546,0.20952380952380956
RDSGD,29,0.8092207792207792,0.8092207792207792,0.0029203752386824824,0.002920375238682482,0.8094660894660896,0.8012554112554112,0.8177056277056277,1.4833250039820345,1.7511156208658782,0.000744433436331622,0.014705882352940961,0.9090909090908679,0.19047619047619052
RDSGD,30,0.8085281385281385,0.8085281385281385,0.002883003334119851,0.00288300333411985,0.8089033189033189,0.7984415584415584,0.8170995670995671,1.4781628690252975,1.7533132509956841,0.0007528729840476484,0.029411764705881922,0.9545454545454112,0.20000000000000004
RDSGD,31,0.8069264069264069,0.8069264069264069,0.002643622291013091,0.0026436222910130903,0.8074025974025971,0.7992207792207793,0.8148917748917749,1.478009911637227,1.7543359032200594,0.0007416564840298954,0.014705882352940961,0.9545454545454112,0.20000000000000004
RDSGD,32,0.807965367965368,0.807965367965368,0.0028129317230640724,0.0028129317230640724,0.8076450216450218,0.8003896103896104,0.8151082251082251,1.4731866577714388,1.753649999216902,0.0006182052500652197,0.0,0.818181818181781,0.17142857142857146
RDSGD,33,0.8076190476190476,0.8076190476190476,0.0024533893218978684,0.002453389321897868,0.8072842712842713,0.7973593073593074,0.8143290043290043,1.4749496433919764,1.754074985895362,0.0007206261362578083,0.0,0.9545454545454112,0.20000000000000004
RDSGD,34,0.8061471861471862,0.8061471861471862,0.0023664014734042843,0.002366401473404284,0.8061269841269841,0.7971861471861472,0.814069264069264,1.4733494482983827,1.7562269054297062,0.000689324427189451,0.014705882352940961,0.9545454545454112,0.20000000000000004
RDSGD,35,0.8056277056277056,0.8056277056277056,0.0021947108793658405,0.0021947108793658405,0.8049177489177488,0.7948917748917749,0.8115151515151515,1.473445175568455,1.7570776513505006,0.0006086953986444316,0.0,0.9090909090908679,0.19047619047619052
RDSGD,36,0.805064935064935,0.805064935064935,0.002058942114575368,0.0020589421145753672,0.8048398268398268,0.7953246753246753,0.8112121212121212,1.4723791014570573,1.7571873124889295,0.0005916348589168247,0.0,0.9545454545454112,0.20000000000000004
RDSGD,37,0.804069264069264,0.804069264069264,0.002049795365405206,0.002049795365405206,0.8036998556998555,0.7954112554112555,0.8112987012987013,1.4724670104092747,1.7599652579260046,0.0005418377405780912,0.0,0.9090909090908679,0.19047619047619052
RDSGD,38,0.803939393939394,0.803939393939394,0.001973099752127995,0.0019730997521279947,0.8036219336219335,0.7957142857142857,0.8094805194805195,1.474474783350121,1.7590637052372364,0.0004603799253113031,0.0,0.8636363636363245,0.18095238095238098
RDSGD,39,0.8033766233766234,0.8033766233766234,0.0021002015760947356,0.0021002015760947347,0.8031774891774893,0.7944155844155845,0.81,1.4728674535171349,1.7599751381012083,0.0004438996746061865,0.0,0.7727272727272376,0.16190476190476194
RDSGD,40,0.8038095238095239,0.8038095238095239,0.0018076258548682556,0.001807625854868256,0.8032323232323233,0.7938095238095239,0.81004329004329,1.472156539069755,1.7604299837917285,0.000518414772064882,0.014705882352940961,0.9999999999999546,0.20952380952380956
RDSGD,41,0.8027272727272727,0.8027272727272727,0.0017098264061686744,0.0017098264061686742,0.8027388167388168,0.793939393939394,0.8098701298701299,1.4712510909166956,1.7615679433189206,0.0004868245939300406,0.0,0.9545454545454112,0.20000000000000004
RDSGD,42,0.8025108225108225,0.8025108225108225,0.0017180948766772868,0.0017180948766772862,0.8026464646464646,0.7918614718614718,0.8097835497835498,1.4716876403887125,1.7620225480108502,0.00046223434865067843,0.0,0.9545454545454112,0.20000000000000004
RDSGD,43,0.8033333333333333,0.8033333333333333,0.0016157892742478797,0.0016157892742478795,0.8027445887445889,0.795064935064935,0.8094372294372294,1.4707329683868167,1.7606709821168938,0.00042739976021458173,0.014705882352940961,0.9999999999999546,0.20952380952380956
RDSGD,44,0.8022510822510822,0.8022510822510822,0.0017224174428951294,0.0017224174428951292,0.8021125541125541,0.7958874458874459,0.8075757575757576,1.4692538152519155,1.7616084501929286,0.00038486972319193513,0.029411764705881922,0.8636363636363245,0.18095238095238098
RDSGD,45,0.8024242424242424,0.8024242424242424,0.0015053742549887366,0.0015053742549887364,0.8016940836940837,0.7934632034632034,0.8073593073593074,1.470348131304842,1.7626745218876883,0.0004732648368218139,0.0,0.9999999999999546,0.20952380952380956
RDSGD,46,0.8022943722943723,0.8022943722943723,0.0014162337310294408,0.0014162337310294404,0.8017633477633478,0.7936796536796537,0.8077056277056277,1.470153744448004,1.7638845284923559,0.0004111985593045329,0.014705882352940961,0.9999999999999546,0.20952380952380956
RDSGD,47,0.8020779220779221,0.8020779220779221,0.0014605247028230046,0.0014605247028230044,0.8011313131313132,0.7937662337662338,0.8064069264069265,1.4692798742820776,1.7638357680165397,0.00033798108468000146,0.0,0.8636363636363245,0.180952380952381
RDSGD,48,0.8018614718614718,0.8018614718614718,0.001364460852470218,0.0013644608524702177,0.8012987012987013,0.7934199134199135,0.8077922077922078,1.4694690482902337,1.7640242253348606,0.000346606792985785,0.0,0.8636363636363245,0.18095238095238098
RDSGD,49,0.8011688311688312,0.8011688311688312,0.0013129243735608782,0.001312924373560878,0.8010533910533911,0.7938528138528138,0.8067532467532468,1.4673484936252832,1.7651024384435121,0.0003807666522752576,0.0,0.9090909090908679,0.19047619047619052
RDSGD,50,0.8014718614718614,0.8014718614718614,0.0011966279110865168,0.0011966279110865166,0.8005512265512266,0.7921212121212121,0.8062770562770563,1.4679241868664084,1.7670400530516428,0.00036975567199858887,0.0,0.9545454545454112,0.20000000000000007
RDSGD,51,0.8005194805194805,0.8005194805194805,0.0011911109749141008,0.0011911109749141006,0.7999971139971139,0.791082251082251,0.8066233766233766,1.4664547974183626,1.7671102905587994,0.00035833488212533635,0.0,0.9999999999999546,0.20952380952380956
RDSGD,52,0.80004329004329,0.80004329004329,0.0011979890941520928,0.0011979890941520928,0.7998759018759019,0.792077922077922,0.8055411255411256,1.4660066644960903,1.7666307145585087,0.0003101670398223661,0.014705882352940961,0.9090909090908679,0.19047619047619052
RDSGD,53,0.7996536796536796,0.7996536796536796,0.0011422273015987202,0.0011422273015987197,0.7992034632034631,0.791991341991342,0.8054978354978355,1.4657655736638329,1.7659068868666472,0.0003219745210434119,0.014705882352940961,0.9545454545454112,0.20000000000000004
RDSGD,54,0.7995670995670996,0.7995670995670996,0.0010732682808109126,0.0010732682808109121,0.7989610389610389,0.7918181818181819,0.805064935064935,1.4650172706789673,1.7684771386596958,0.0002673117706135686,0.0,0.9090909090908679,0.19047619047619052
RDSGD,55,0.7992207792207793,0.7992207792207793,0.0010609339997515275,0.0010609339997515272,0.7988225108225108,0.791991341991342,0.8042424242424242,1.464393799752416,1.7678981391063358,0.00029097952309518806,0.0,0.9090909090908679,0.19047619047619052
RDSGD,56,0.7986147186147187,0.7986147186147187,0.0011001237451835968,0.0011001237451835966,0.7981847041847042,0.790952380952381,0.8032900432900433,1.4633720258720413,1.7695903628904837,0.0002260522266476275,0.0,0.7727272727272376,0.16190476190476194
RDSGD,57,0.7980952380952381,0.7980952380952381,0.0009515189273404687,0.0009515189273404685,0.7975786435786436,0.7911688311688312,0.8033333333333333,1.464068593446631,1.7702881584203949,0.00029527211125801237,0.0,0.9545454545454112,0.20000000000000004
RDSGD,58,0.7974025974025974,0.7974025974025974,0.0009311616432338138,0.0009311616432338136,0.7973246753246753,0.7915584415584416,0.8024675324675324,1.4649183224042708,1.7692483943397694,0.00023211926850090205,0.0,0.9090909090908679,0.19047619047619052
RDSGD,59,0.7974891774891775,0.7974891774891775,0.0009968704279903484,0.0009968704279903482,0.7970793650793649,0.7919047619047619,0.8015151515151515,1.465186207635892,1.769790986904246,0.00023862986970885907,0.014705882352940961,0.8636363636363245,0.18095238095238098
RDSGD,60,0.7967965367965368,0.7967965367965368,0.0008941546949141932,0.0008941546949141931,0.7968455988455988,0.7902164502164503,0.8018181818181818,1.464177820474716,1.771189521607033,0.00024794556978041183,0.029411764705881922,0.9545454545454112,0.20000000000000004
RDSGD,61,0.7971861471861472,0.7971861471861472,0.0009221601205800504,0.0009221601205800502,0.797088023088023,0.7908658008658008,0.8018181818181818,1.4619891613101315,1.7723510352793865,0.00021189398130521688,0.014705882352940961,0.818181818181781,0.17142857142857146
RDSGD,62,0.7962770562770562,0.7962770562770562,0.0008552961246076306,0.0008552961246076306,0.7966695526695527,0.7915151515151515,0.8012121212121213,1.4639202816835275,1.7717710184214732,0.00021871823867074199,0.0,0.8636363636363245,0.180952380952381
RDSGD,63,0.7965367965367965,0.7965367965367965,0.000931422102894947,0.000931422102894947,0.7966378066378065,0.7901298701298701,0.8015584415584416,1.4638619546136296,1.7730460699689636,0.00021610194137852218,0.014705882352940961,0.818181818181781,0.17142857142857143
RDSGD,64,0.7962337662337662,0.7962337662337662,0.0008488959085610823,0.0008488959085610823,0.796150072150072,0.7903030303030303,0.800952380952381,1.463134533275179,1.7741801338951309,0.000248297103415883,0.0,0.9545454545454112,0.20000000000000007
RDSGD,65,0.7961038961038961,0.7961038961038961,0.0007993578246920201,0.0007993578246920199,0.7963232323232323,0.7906060606060606,0.800952380952381,1.4633236364232864,1.7748896274812234,0.0002195410430696998,0.0,0.9545454545454112,0.20000000000000007
RDSGD,66,0.7961038961038961,0.7961038961038961,0.0007567116762838476,0.0007567116762838474,0.7960836940836942,0.7905627705627706,0.8002597402597402,1.463111959360166,1.7747182802433144,0.00020498401208112927,0.0,0.9545454545454112,0.20000000000000004
RDSGD,67,0.795974025974026,0.795974025974026,0.0007468246781460261,0.0007468246781460259,0.795933621933622,0.7905627705627706,0.80004329004329,1.4628285628134754,1.7758241020879975,0.00023429401496492713,0.014705882352940961,0.9999999999999546,0.20952380952380956
RDSGD,68,0.796060606060606,0.796060606060606,0.0006960345800114908,0.0006960345800114907,0.7959076479076478,0.7916017316017316,0.8003463203463204,1.4626263235506418,1.776573887924231,0.00019005384231848396,0.0,0.9090909090908679,0.19047619047619052
RDSGD,69,0.796060606060606,0.796060606060606,0.0006968506833272919,0.0006968506833272917,0.7959105339105339,0.7911688311688312,0.80004329004329,1.4627639071116025,1.7752380415112694,0.0001750287058170871,0.0,0.8636363636363245,0.18095238095238098
RDSGD,70,0.7957142857142857,0.7957142857142857,0.0006565889967989811,0.0006565889967989811,0.7953506493506493,0.7903896103896104,0.7993073593073593,1.4627594427786852,1.778031248789318,0.00022871027554986545,0.0,0.9545454545454112,0.20000000000000004
RDSGD,71,0.7955411255411255,0.7955411255411255,0.0006727274483014918,0.0006727274483014914,0.7952121212121213,0.7906926406926407,0.7993939393939394,1.462715854284693,1.7760558454798931,0.0001742759239664146,0.029411764705881922,0.9090909090908679,0.19047619047619052
RDSGD,72,0.7957142857142857,0.7957142857142857,0.0006553267710174187,0.0006553267710174186,0.7951976911976912,0.7903896103896104,0.7993073593073593,1.4620555628314522,1.7770605710883478,0.0001700229027582374,0.0,0.9090909090908679,0.19047619047619052
RDSGD,73,0.7952813852813853,0.7952813852813853,0.0006217813719480579,0.0006217813719480577,0.7949235209235208,0.7901731601731602,0.7987878787878788,1.462815563412714,1.7779871646630092,0.00019823678755181612,0.014705882352940961,0.9999999999999546,0.20952380952380956
RDSGD,74,0.7956277056277056,0.7956277056277056,0.000655473193164078,0.0006554731931640779,0.7951803751803752,0.7890909090909091,0.7993939393939394,1.4623515010790906,1.7782279058613224,0.00014472952475191902,0.0,0.8636363636363245,0.180952380952381
RDSGD,75,0.795974025974026,0.795974025974026,0.0007197663144246009,0.0007197663144246007,0.7956998556998557,0.7897402597402597,0.8001298701298701,1.4621792000616438,1.7779540248747416,0.00014086871355427957,0.029411764705881922,0.7727272727272376,0.1619047619047619
RDSGD,76,0.7956277056277056,0.7956277056277056,0.000615627125839231,0.0006156271258392308,0.7954430014430015,0.7893073593073593,0.79995670995671,1.4618354519490124,1.7785625666591252,0.00017801762801216095,0.0,0.9090909090908679,0.19047619047619052
RDSGD,77,0.7961471861471862,0.7961471861471862,0.0006435485775984806,0.0006435485775984804,0.7955699855699855,0.7902597402597402,0.7991341991341991,1.4617486041562082,1.778897064065957,0.00011516690671574566,0.0,0.7272727272726943,0.1523809523809524
RDSGD,78,0.7953679653679654,0.7953679653679654,0.0006203135292307501,0.0006203135292307501,0.7953304473304476,0.79,0.7992207792207793,1.4618529937425704,1.7788101482499314,0.00017456799591659546,0.0,0.8636363636363245,0.180952380952381
RDSGD,79,0.7957575757575758,0.7957575757575758,0.0006790821210689641,0.0006790821210689638,0.7955238095238095,0.7905627705627706,0.7993073593073593,1.4613618223522702,1.7787789160133376,0.00010070793350941499,0.0,0.6818181818181509,0.1428571428571429
RDSGD,80,0.7951082251082251,0.7951082251082251,0.000574715042443818,0.0005747150424438177,0.7953708513708514,0.7904329004329005,0.7993939393939394,1.4622970562246536,1.7779555000347018,0.0001632100339306,0.0,0.9545454545454112,0.20000000000000007
RDSGD,81,0.7956277056277056,0.7956277056277056,0.0005643084600107388,0.0005643084600107387,0.7954603174603173,0.7908658008658008,0.7991341991341991,1.461304709807131,1.7786072407918272,0.0001426959539399052,0.014705882352940961,0.9090909090908679,0.19047619047619052
RDSGD,82,0.7949350649350649,0.7949350649350649,0.0005310542203574609,0.0005310542203574608,0.7952265512265514,0.791038961038961,0.7988744588744588,1.4624858455545398,1.7791012048868828,0.00015677626621897752,0.0,0.9545454545454112,0.20000000000000004
RDSGD,83,0.7951948051948052,0.7951948051948052,0.0005884716728375998,0.0005884716728375997,0.7955440115440114,0.7911255411255411,0.7986580086580086,1.4614905227000614,1.7792429072014255,0.00011003846660979139,0.0,0.6818181818181509,0.14285714285714288
RDSGD,84,0.7957142857142857,0.7957142857142857,0.0005084308946564134,0.0005084308946564134,0.7955699855699855,0.7918614718614718,0.7998701298701298,1.4625786599969959,1.7788907804883927,0.00016407498296246284,0.0,0.9090909090908679,0.19047619047619052
RDSGD,85,0.7961038961038961,0.7961038961038961,0.0005120334320665876,0.0005120334320665875,0.7957979797979798,0.7913852813852814,0.7992640692640692,1.4614541803197671,1.7788520961777454,0.00013183688213193998,0.014705882352940961,0.9090909090908679,0.19047619047619052
RDSGD,86,0.7963203463203463,0.7963203463203463,0.000485694828008928,0.00048569482800892797,0.7960115440115441,0.7917748917748918,0.7998268398268398,1.4615180267730947,1.778332696064649,0.0001196826365509689,0.0,0.8636363636363245,0.18095238095238098
RDSGD,87,0.7958441558441558,0.7958441558441558,0.0004707276070759909,0.00047072760707599087,0.7957344877344876,0.7922943722943723,0.7987878787878788,1.4627978007408635,1.7788066792076571,0.00013338146018538537,0.0,0.9090909090908679,0.19047619047619052
RDSGD,88,0.7956709956709956,0.7956709956709956,0.0004520568842378388,0.00045205688423783865,0.7956969696969698,0.7908658008658008,0.7994372294372294,1.4624951861243547,1.7782988576148722,0.00013375786410315928,0.0,0.9999999999999546,0.20952380952380956
RDSGD,89,0.7956277056277056,0.7956277056277056,0.0004540369449644967,0.0004540369449644965,0.7952871572871574,0.7911688311688312,0.7992207792207793,1.462542556449321,1.7773402502715319,0.00011989003240558237,0.0,0.9090909090908679,0.19047619047619052
RDSGD,90,0.7950216450216451,0.7950216450216451,0.0004590071396232124,0.0004590071396232123,0.7950880230880233,0.7906060606060606,0.7985714285714286,1.4621818714912258,1.7800046865933303,0.00011038922126590376,0.0,0.818181818181781,0.17142857142857143
RDSGD,91,0.794978354978355,0.794978354978355,0.0004317648379615274,0.00043176483796152727,0.794929292929293,0.7902597402597402,0.7986580086580086,1.4621504808262304,1.779525269915375,0.0001289311317643362,0.0,0.9545454545454112,0.20000000000000004
RDSGD,92,0.7953679653679654,0.7953679653679654,0.0004400589232262273,0.0004400589232262273,0.7951370851370851,0.7904761904761904,0.7984415584415584,1.461884639185303,1.7797109594233176,0.00010412231694642443,0.0,0.818181818181781,0.17142857142857149
RDSGD,93,0.7949350649350649,0.7949350649350649,0.0003988756754273476,0.00039887567542734755,0.7950995670995672,0.7911255411255411,0.7983549783549784,1.4614404903970113,1.7799570458418146,0.00011028465166268431,0.0,0.9090909090908679,0.19047619047619052
RDSGD,94,0.7951948051948052,0.7951948051948052,0.0004067410452613823,0.00040674104526138206,0.7950995670995673,0.7911255411255411,0.7982251082251082,1.461982323533311,1.7784187188362484,0.00010048819352076608,0.0,0.9090909090908679,0.19047619047619052
RDSGD,95,0.7951515151515152,0.7951515151515152,0.0004023753586139647,0.0004023753586139646,0.7951024531024531,0.790952380952381,0.7984415584415584,1.4620600285823289,1.7792911514668093,9.496376098258052e-05,0.0,0.8636363636363245,0.18095238095238098
RDSGD,96,0.7951515151515152,0.7951515151515152,0.00039397119662276545,0.00039397119662276545,0.7950678210678211,0.79004329004329,0.7987012987012987,1.4615431607259255,1.7792068516377333,0.00012086737672790279,0.0,0.9545454545454112,0.20000000000000004
RDSGD,97,0.7954978354978355,0.7954978354978355,0.000400344428168989,0.00040034442816898894,0.7953160173160173,0.7907792207792208,0.7983549783549784,1.4607262584024938,1.7790998650302194,8.542424183965116e-05,0.0,0.8636363636363245,0.18095238095238098
RDSGD,98,0.7952380952380952,0.7952380952380952,0.00038685213554239336,0.0003868521355423932,0.7952582972582971,0.7907359307359307,0.7983116883116883,1.4613130880248126,1.7794760452720568,0.00010048215875638227,0.0,0.9090909090908679,0.19047619047619052
RDSGD,99,0.7951082251082251,0.7951082251082251,0.00036964727911667174,0.00036964727911667164,0.7951544011544012,0.7909090909090909,0.7982251082251082,1.4614526354494346,1.7797067594563956,8.861344295813061e-05,0.0,0.9090909090908679,0.19047619047619052
RDSGD,100,0.7949350649350649,0.7949350649350649,0.0003726791808356985,0.0003726791808356983,0.7951717171717172,0.7914285714285715,0.7986147186147187,1.4612798826721756,1.7790373615303439,9.569368180447035e-05,0.0,0.8636363636363245,0.18095238095238098
RDSGD,101,0.7957142857142857,0.7957142857142857,0.00036385333724014274,0.00036385333724014274,0.7953160173160173,0.792077922077922,0.7980086580086581,1.4601222712333635,1.7794247327286004,9.101484927258529e-05,0.0,0.818181818181781,0.17142857142857149
RDSGD,102,0.7954545454545454,0.7954545454545454,0.0003518438167477044,0.0003518438167477043,0.7951486291486292,0.792034632034632,0.7976190476190477,1.4606396132960764,1.779657050521766,9.096070541550862e-05,0.0,0.8636363636363245,0.180952380952381
RDSGD,103,0.7954978354978355,0.7954978354978355,0.0003977810852147823,0.0003977810852147822,0.795163059163059,0.7911255411255411,0.7983982683982684,1.4596794703121652,1.7801019315020246,8.60948789561801e-05,0.029411764705881922,0.818181818181781,0.17142857142857149
RDSGD,104,0.794978354978355,0.794978354978355,0.0003313974056896978,0.00033139740568969764,0.7947849927849927,0.791038961038961,0.7978354978354978,1.4600004140290481,1.779861150743357,0.00010172322843080764,0.0,0.9999999999999546,0.20952380952380956
RDSGD,105,0.7952380952380952,0.7952380952380952,0.00035508402537827807,0.00035508402537827796,0.7948744588744588,0.790952380952381,0.7976623376623376,1.459196011517815,1.7800138145207098,8.009364134933816e-05,0.0,0.8636363636363245,0.18095238095238098
RDSGD,106,0.7948917748917749,0.7948917748917749,0.0003843029915881767,0.00038430299158817663,0.794865800865801,0.7915584415584416,0.7974025974025974,1.45862681327281,1.780249884994677,7.368847383494332e-05,0.0,0.7272727272726943,0.1523809523809524
RDSGD,107,0.7951515151515152,0.7951515151515152,0.00035364628531877804,0.000353646285318778,0.794883116883117,0.7911688311688312,0.7977056277056277,1.4585264322190186,1.779646973264226,9.05388718892576e-05,0.0,0.818181818181781,0.17142857142857149
RDSGD,108,0.7950216450216451,0.7950216450216451,0.00034794803675391545,0.0003479480367539154,0.7948484848484849,0.7919047619047619,0.7971861471861472,1.4591993275918442,1.7804714266618007,8.467931993557088e-05,0.0,0.8636363636363245,0.18095238095238098
RDSGD,109,0.795064935064935,0.795064935064935,0.00035445352761697525,0.0003544535276169752,0.795076479076479,0.7922943722943723,0.7977489177489178,1.4598338005834606,1.7803567315296325,6.822646918761665e-05,0.0,0.7272727272726943,0.1523809523809524
RDSGD,110,0.7949350649350649,0.7949350649350649,0.00031568355996756844,0.0003156835599675685,0.795073593073593,0.7912554112554112,0.7974458874458874,1.4600503845536523,1.7795518175426392,8.820837906566378e-05,0.0,0.9545454545454112,0.20000000000000007
RDSGD,111,0.7954545454545454,0.7954545454545454,0.00033911167347085906,0.00033911167347085906,0.7953304473304474,0.7922077922077922,0.7978787878787879,1.4597082685482536,1.7790561914772887,6.74790576046603e-05,0.0,0.7272727272726943,0.15238095238095245
RDSGD,112,0.7954978354978355,0.7954978354978355,0.00034469116968403846,0.00034469116968403836,0.7954285714285713,0.792077922077922,0.7982683982683982,1.4601919987667862,1.779187395127715,7.336934939010658e-05,0.0,0.7727272727272376,0.1619047619047619
RDSGD,113,0.7951515151515152,0.7951515151515152,0.00030677826757441733,0.00030677826757441717,0.7953333333333333,0.7926839826839827,0.797965367965368,1.4599626279841027,1.7796087873628323,8.037884775499378e-05,0.014705882352940961,0.8636363636363245,0.180952380952381
RDSGD,114,0.7951082251082251,0.7951082251082251,0.00031308795288550453,0.00031308795288550453,0.7955901875901875,0.792987012987013,0.7977489177489178,1.4600823238294516,1.7794061843031788,6.71300082218176e-05,0.0,0.818181818181781,0.17142857142857143
RDSGD,115,0.7954978354978355,0.7954978354978355,0.0002808817096851145,0.00028088170968511446,0.7958037518037518,0.7932900432900433,0.7981818181818182,1.4606794398048035,1.7784235727233686,7.857373707553847e-05,0.0,0.9090909090908679,0.19047619047619052
RDSGD,116,0.7959307359307359,0.7959307359307359,0.00028648770519877056,0.0002864877051987705,0.7959422799422801,0.7935064935064935,0.7982251082251082,1.4605324928505943,1.7778506924592719,6.459521514339178e-05,0.0,0.8636363636363245,0.18095238095238098
RDSGD,117,0.7962770562770562,0.7962770562770562,0.00028093309215109326,0.00028093309215109326,0.7961616161616162,0.793939393939394,0.7986147186147187,1.461348819039264,1.7777042563033405,7.452292517430418e-05,0.0,0.8636363636363245,0.180952380952381
RDSGD,118,0.7964935064935065,0.7964935064935065,0.00029535421708259366,0.0002953542170825935,0.7964184704184704,0.7936796536796537,0.7985714285714286,1.4606121981114155,1.7781682335947322,5.793584938548886e-05,0.0,0.7727272727272376,0.16190476190476194
RDSGD,119,0.7964502164502164,0.7964502164502164,0.000275737226176059,0.0002757372261760589,0.7964819624819626,0.7941991341991342,0.7986580086580086,1.4601936451270603,1.7773238832793137,6.34966284927339e-05,0.0,0.818181818181781,0.17142857142857149
RDSGD,120,0.7966233766233767,0.7966233766233767,0.0002701584540318497,0.00027015845403184966,0.7965656565656566,0.7938095238095239,0.7988744588744588,1.4609387511262475,1.7771906297804814,6.724719372654699e-05,0.0,0.8636363636363245,0.18095238095238098
RDSGD,121,0.7970995670995671,0.7970995670995671,0.00027835857153073147,0.0002783585715307314,0.797047619047619,0.793939393939394,0.7994805194805195,1.4604807713257464,1.7765860976641812,5.795472089152005e-05,0.0,0.818181818181781,0.17142857142857146
RDSGD,122,0.7965800865800866,0.7965800865800866,0.00026642228908170155,0.0002664222890817015,0.7966147186147184,0.793939393939394,0.799004329004329,1.4610329746121893,1.777064589083757,6.810402490204233e-05,0.014705882352940961,0.9090909090908679,0.19047619047619052
RDSGD,123,0.7968831168831169,0.7968831168831169,0.0002849961679064486,0.0002849961679064486,0.7968369408369408,0.7944155844155845,0.799047619047619,1.4612840382781314,1.7778527712844157,5.220430094702976e-05,0.0,0.7272727272726943,0.15238095238095245
RDSGD,124,0.7965800865800866,0.7965800865800866,0.00026514543139294334,0.00026514543139294334,0.796871572871573,0.7945021645021645,0.799004329004329,1.46145501665557,1.7779101072711687,6.968314777733992e-05,0.014705882352940961,0.9090909090908679,0.19047619047619052
RDSGD,125,0.7965800865800866,0.7965800865800866,0.00024992438636662126,0.0002499243863666212,0.7966291486291487,0.7943722943722944,0.7991774891774892,1.4601999667526613,1.7770322243626664,6.859577263999393e-05,0.014705882352940961,0.9545454545454112,0.20000000000000004
RDSGD,126,0.7965367965367965,0.7965367965367965,0.00025864192171156953,0.00025864192171156953,0.7964588744588744,0.7935930735930736,0.7989177489177489,1.4611907895461247,1.7777552764680378,5.967638476817046e-05,0.0,0.818181818181781,0.17142857142857149
RDSGD,127,0.7964502164502164,0.7964502164502164,0.00023269126324237355,0.00023269126324237347,0.7963434343434345,0.7937229437229437,0.7987445887445888,1.4610671417689862,1.7779731498378768,5.6456295069157784e-05,0.014705882352940961,0.8636363636363245,0.18095238095238098
RDSGD,128,0.7967965367965368,0.7967965367965368,0.00023782616849174693,0.0002378261684917469,0.7965108225108225,0.7941991341991342,0.7989177489177489,1.461083642807684,1.7783280015576204,6.0174125344823845e-05,0.0,0.8636363636363245,0.18095238095238098
RDSGD,129,0.7968398268398268,0.7968398268398268,0.00022156444376896176,0.00022156444376896168,0.7965050505050505,0.7944588744588744,0.7987012987012987,1.4600833779381226,1.7786791372074777,5.492559786750568e-05,0.0,0.8636363636363245,0.18095238095238098
RDSGD,130,0.7966666666666666,0.7966666666666666,0.0002184993688398361,0.00021849936883983607,0.7964963924963925,0.7944155844155845,0.799047619047619,1.4608288367741373,1.7779101454659645,5.801829308163944e-05,0.0,0.9090909090908679,0.19047619047619052
RDSGD,131,0.7963203463203463,0.7963203463203463,0.0002076021508406403,0.00020760215084064025,0.7963376623376622,0.793939393939394,0.7983982683982684,1.4604995133275813,1.778453079307444,5.317113135087218e-05,0.0,0.9090909090908679,0.19047619047619052
RDSGD,132,0.7963636363636364,0.7963636363636364,0.00021875681266214872,0.00021875681266214872,0.7965021645021646,0.7937662337662338,0.7989177489177489,1.4602672037237756,1.778503002582289,5.495799391698343e-05,0.0,0.8636363636363245,0.18095238095238098
RDSGD,133,0.7964935064935065,0.7964935064935065,0.00021477056675821133,0.00021477056675821125,0.7966002886002885,0.7940259740259741,0.7985714285714286,1.4599740421209617,1.778226108241649,5.226853133842199e-05,0.0,0.8636363636363245,0.18095238095238098
RDSGD,134,0.7962337662337662,0.7962337662337662,0.00022290299238378458,0.0002229029923837845,0.7963896103896103,0.794069264069264,0.7984848484848485,1.4601936559274618,1.779422091994366,5.423425178399508e-05,0.0,0.7727272727272376,0.16190476190476194
RDSGD,135,0.7965800865800866,0.7965800865800866,0.0002287217260345259,0.00022872172603452588,0.7966810966810965,0.7938961038961039,0.7989177489177489,1.4600435027913028,1.7791483900204685,4.6426487825418e-05,0.0,0.7727272727272376,0.16190476190476194
RDSGD,136,0.7966233766233767,0.7966233766233767,0.0002277732621053701,0.00022777326210537006,0.7966147186147186,0.7945887445887446,0.7990909090909091,1.4601456842325091,1.778808526517953,5.601320993251765e-05,0.0,0.8636363636363245,0.18095238095238098
RDSGD,137,0.7964502164502164,0.7964502164502164,0.00021619012750152605,0.00021619012750152605,0.7966551226551226,0.7938095238095239,0.7994372294372294,1.4602534415161754,1.7788368019077883,6.073507791766451e-05,0.0,0.9545454545454112,0.20000000000000007
RDSGD,138,0.7963203463203463,0.7963203463203463,0.00020489282395973727,0.0002048928239597372,0.7965137085137085,0.7935930735930736,0.798961038961039,1.4601528998071491,1.7786752066832547,5.0480620530701975e-05,0.0,0.8636363636363245,0.18095238095238098
RDSGD,139,0.7967965367965368,0.7967965367965368,0.0002132883793654388,0.00021328837936543873,0.7966580086580086,0.7944155844155845,0.7989177489177489,1.4595011618762417,1.7783934659663276,4.69294947526064e-05,0.0,0.8636363636363245,0.180952380952381
RDSGD,140,0.7964502164502164,0.7964502164502164,0.0002070930286906683,0.0002070930286906683,0.7966984126984126,0.793939393939394,0.7985714285714286,1.459447411489176,1.7779229197240676,4.649769002346709e-05,0.0,0.8636363636363245,0.18095238095238098
RDSGD,141,0.7963636363636364,0.7963636363636364,0.00018997787622511859,0.00018997787622511856,0.7964415584415583,0.793939393939394,0.7983549783549784,1.4600914109635763,1.7780045345616942,4.889220315851994e-05,0.0,0.9090909090908679,0.19047619047619052
RDSGD,142,0.7965800865800866,0.7965800865800866,0.00018967284346221475,0.00018967284346221467,0.7963924963924963,0.7938095238095239,0.7986147186147187,1.4595105671965118,1.7783454274011432,4.648497372144874e-05,0.0,0.8636363636363245,0.180952380952381
RDSGD,143,0.7961038961038961,0.7961038961038961,0.0002045042368417107,0.00020450423684171065,0.7965367965367965,0.7941125541125541,0.7984848484848485,1.4597831428640762,1.778134170963048,4.0624342624616534e-05,0.0,0.7727272727272376,0.1619047619047619
RDSGD,144,0.7962337662337662,0.7962337662337662,0.00019434113277424229,0.00019434113277424226,0.7963318903318902,0.7932467532467532,0.7987012987012987,1.4605256343686086,1.7782329659417266,5.5272870563028094e-05,0.0,0.9090909090908679,0.19047619047619052
RDSGD,145,0.7963636363636364,0.7963636363636364,0.00020400928633264537,0.00020400928633264537,0.7963636363636364,0.7937662337662338,0.7986147186147187,1.460830064077182,1.7778275104689292,4.302392112463347e-05,0.014705882352940961,0.818181818181781,0.17142857142857149
RDSGD,146,0.796060606060606,0.796060606060606,0.0001920753271444992,0.0001920753271444992,0.7962770562770561,0.7937662337662338,0.7983549783549784,1.4601890700975695,1.7777190890649317,4.7749461114952685e-05,0.0,0.8636363636363245,0.18095238095238098
RDSGD,147,0.7961038961038961,0.7961038961038961,0.0001768122676958429,0.00017681226769584288,0.7962770562770562,0.793982683982684,0.7987445887445888,1.46067949439853,1.777798629713006,4.6151738503201564e-05,0.0,0.9090909090908679,0.19047619047619052
RDSGD,148,0.7963203463203463,0.7963203463203463,0.00017385702150804884,0.0001738570215080488,0.7965108225108225,0.7940259740259741,0.799047619047619,1.4606512647676009,1.7776486012303403,4.37243243074529e-05,0.0,0.9090909090908679,0.19047619047619052
RDSGD,149,0.7965800865800866,0.7965800865800866,0.00018915380970985454,0.00018915380970985451,0.7964098124098125,0.7947186147186147,0.7987012987012987,1.4609002117534438,1.7781188455706318,3.851420195779614e-05,0.0,0.7727272727272376,0.16190476190476194
RDSGD,150,0.7964069264069265,0.7964069264069265,0.00017296278324828652,0.00017296278324828646,0.7965108225108225,0.7938095238095239,0.7986147186147187,1.4606604702722168,1.7778957318807296,4.791220324025799e-05,0.0,0.9545454545454112,0.20000000000000007
RDSGD,151,0.7963636363636364,0.7963636363636364,0.00017089974616414996,0.00017089974616414994,0.7965598845598847,0.793982683982684,0.7983549783549784,1.4604321685390336,1.7780206954592641,3.4382611833923244e-05,0.0,0.818181818181781,0.17142857142857149
RDSGD,152,0.7967965367965368,0.7967965367965368,0.00018184075185980435,0.0001818407518598043,0.7967388167388167,0.7944155844155845,0.7988744588744588,1.461142575247719,1.7771408997810372,4.023738706286722e-05,0.0,0.7727272727272376,0.16190476190476194
RDSGD,153,0.7963636363636364,0.7963636363636364,0.00016482675986483002,0.00016482675986482994,0.7966782106782109,0.7946320346320346,0.7986580086580086,1.460426641066569,1.7772913437409792,4.355683799937376e-05,0.0,0.8636363636363245,0.18095238095238098
RDSGD,154,0.7968398268398268,0.7968398268398268,0.00016461744583607402,0.00016461744583607396,0.7970360750360752,0.7947186147186147,0.799004329004329,1.4609281881585647,1.777411928624347,3.449243562692098e-05,0.0,0.7727272727272376,0.16190476190476194
RDSGD,155,0.7967532467532468,0.7967532467532468,0.00015559101767964733,0.0001555910176796473,0.796917748917749,0.7948917748917749,0.7993506493506494,1.4601895460769112,1.7774635276818427,4.410868973057524e-05,0.0,0.9090909090908679,0.19047619047619052
RDSGD,156,0.7965800865800866,0.7965800865800866,0.00015444460563118726,0.00015444460563118724,0.7965887445887445,0.7944588744588744,0.7987012987012987,1.4602386207814948,1.777788992129803,4.5793783194635996e-05,0.014705882352940961,0.9545454545454112,0.20000000000000007
RDSGD,157,0.796969696969697,0.796969696969697,0.00015009539672603662,0.00015009539672603662,0.7968080808080806,0.7943290043290043,0.798961038961039,1.4595503393282578,1.7775398631103987,3.4918635993584044e-05,0.0,0.818181818181781,0.17142857142857149
RDSGD,158,0.796969696969697,0.796969696969697,0.0001580620980039271,0.00015806209800392707,0.7968686868686868,0.7945454545454546,0.798961038961039,1.4601012058178862,1.7776560964550945,3.574782731457504e-05,0.0,0.8636363636363245,0.18095238095238098
RDSGD,159,0.7970995670995671,0.7970995670995671,0.00016720288223441072,0.0001672028822344107,0.7970562770562771,0.7951515151515152,0.798961038961039,1.4596440184771304,1.777907171083072,3.228127788516547e-05,0.0,0.7272727272726943,0.1523809523809524
RDSGD,160,0.797056277056277,0.797056277056277,0.0001584744322288112,0.0001584744322288112,0.7972294372294371,0.7951948051948052,0.799004329004329,1.4594415532590457,1.777230952125196,3.8291692614185124e-05,0.0,0.818181818181781,0.17142857142857146
RDSGD,161,0.7970995670995671,0.7970995670995671,0.00015630049479553837,0.0001563004947955383,0.7970937950937951,0.7952380952380952,0.798961038961039,1.4597113942957212,1.7777584872445136,3.959165184665633e-05,0.0,0.8636363636363245,0.18095238095238098
RDSGD,162,0.7970995670995671,0.7970995670995671,0.000143975848533248,0.00014397584853324797,0.7969956709956709,0.7955844155844156,0.799004329004329,1.4598461495322992,1.7773519514534415,3.965535551491048e-05,0.0,0.9090909090908679,0.19047619047619052
RDSGD,163,0.7971861471861472,0.7971861471861472,0.00014645083492936608,0.00014645083492936605,0.7970072150072149,0.7949350649350649,0.7991341991341991,1.4590025420421813,1.7773755497646688,3.856532397515645e-05,0.0,0.9090909090908679,0.19047619047619052
RDSGD,164,0.7970995670995671,0.7970995670995671,0.0001510223015440036,0.00015102230154400359,0.7971284271284271,0.7957142857142857,0.7990909090909091,1.4597608562330415,1.777548620542089,3.363140900745656e-05,0.014705882352940961,0.818181818181781,0.17142857142857149
RDSGD,165,0.7970995670995671,0.7970995670995671,0.00015815009705243504,0.00015815009705243499,0.797160173160173,0.7950216450216451,0.7991341991341991,1.4594553102945957,1.777903044063927,3.750796809242095e-05,0.014705882352940961,0.818181818181781,0.17142857142857146
RDSGD,166,0.7972294372294372,0.7972294372294372,0.00015521450186009564,0.00015521450186009562,0.7971832611832613,0.7951082251082251,0.799004329004329,1.459724288147918,1.7773313733322702,3.585860977915887e-05,0.0,0.818181818181781,0.17142857142857149
RDSGD,167,0.7974458874458874,0.7974458874458874,0.0001418154297979122,0.00014181542979791218,0.7971226551226552,0.7950216450216451,0.799004329004329,1.4603536459708546,1.777253719942383,3.5035637263319546e-05,0.0,0.8636363636363245,0.18095238095238098
RDSGD,168,0.7974025974025974,0.7974025974025974,0.00013539611448929682,0.0001353961144892968,0.7971890331890332,0.7953679653679654,0.7988744588744588,1.4601113885427544,1.7769898339373755,3.231749113123199e-05,0.0,0.8636363636363245,0.180952380952381
RDSGD,169,0.7971861471861472,0.7971861471861472,0.00014313313902164734,0.00014313313902164732,0.7972092352092354,0.794978354978355,0.7991341991341991,1.4592409259090782,1.7773457349481778,3.041005881247063e-05,0.0,0.818181818181781,0.17142857142857146
RDSGD,170,0.7974891774891775,0.7974891774891775,0.0001396321218383326,0.0001396321218383326,0.7974227994227994,0.7956709956709956,0.7993506493506494,1.4592359345210686,1.7770872665100828,3.366530682459811e-05,0.0,0.818181818181781,0.17142857142857146
RDSGD,171,0.7975757575757576,0.7975757575757576,0.00013521591302188772,0.00013521591302188767,0.7974285714285714,0.7958008658008658,0.7993073593073593,1.460163889148826,1.777358377719478,3.238479205170931e-05,0.0,0.8636363636363245,0.18095238095238098
RDSGD,172,0.7975324675324675,0.7975324675324675,0.00013957130081436185,0.00013957130081436182,0.7973593073593073,0.7952813852813853,0.7991774891774892,1.4598426118986674,1.777353517999563,3.171406666017871e-05,0.0,0.818181818181781,0.17142857142857149
RDSGD,173,0.7972727272727272,0.7972727272727272,0.00013982215179860093,0.00013982215179860093,0.7973419913419912,0.7952380952380952,0.7992207792207793,1.4597248624607926,1.7776921424319234,3.326939908406321e-05,0.0,0.8636363636363245,0.180952380952381
RDSGD,174,0.7976190476190477,0.7976190476190477,0.00015008384957578707,0.00015008384957578707,0.7974516594516595,0.7953246753246753,0.7992207792207793,1.4592050489977937,1.7777378592045419,2.8944139418223988e-05,0.0,0.7272727272726943,0.15238095238095242
RDSGD,175,0.7977056277056277,0.7977056277056277,0.0001474415838180368,0.00014744158381803677,0.7975151515151514,0.7951948051948052,0.7992207792207793,1.4597105440032432,1.7775917035180908,3.0007997069968574e-05,0.0,0.7727272727272376,0.16190476190476194
RDSGD,176,0.7975757575757576,0.7975757575757576,0.0001420944661461479,0.00014209446614614788,0.7975555555555556,0.7958441558441558,0.799047619047619,1.4598462387903277,1.7767786294906163,3.142481346849895e-05,0.0,0.7727272727272376,0.16190476190476194
RDSGD,177,0.7974458874458874,0.7974458874458874,0.000129955008333552,0.00012995500833355196,0.7975007215007216,0.7958008658008658,0.7993506493506494,1.459981101752324,1.7765817885026693,3.348586902795058e-05,0.0,0.9090909090908679,0.19047619047619052
RDSGD,178,0.7977489177489178,0.7977489177489178,0.00012868813792897102,0.00012868813792897102,0.7975324675324675,0.7957142857142857,0.7989177489177489,1.4596045345930768,1.776624890560252,2.8887935977199256e-05,0.0,0.8636363636363245,0.180952380952381
RDSGD,179,0.7978354978354978,0.7978354978354978,0.0001291733732872556,0.0001291733732872556,0.7977229437229437,0.7958441558441558,0.7994372294372294,1.4594168777731573,1.776651087815667,2.837080151319029e-05,0.0,0.818181818181781,0.17142857142857149
RDSGD,180,0.7976190476190477,0.7976190476190477,0.00013054011204755966,0.00013054011204755958,0.7977229437229437,0.7958008658008658,0.7994805194805195,1.4594513273550556,1.7765344988037375,2.9623094620218037e-05,0.0,0.8636363636363245,0.180952380952381
RDSGD,181,0.797965367965368,0.797965367965368,0.0001252002563791632,0.00012520025637916313,0.7977835497835498,0.795974025974026,0.7997402597402598,1.4598515413549438,1.7760928104061993,2.7937507988588555e-05,0.014705882352940961,0.818181818181781,0.17142857142857149
RDSGD,182,0.7978787878787879,0.7978787878787879,0.0001364697612616224,0.0001364697612616224,0.7978412698412698,0.7955844155844156,0.7998701298701298,1.4591782435973777,1.7762405313899883,2.6841111185752326e-05,0.0,0.7727272727272376,0.16190476190476194
RDSGD,183,0.7979220779220779,0.7979220779220779,0.00013026284920721084,0.0001302628492072108,0.7978210678210679,0.7954112554112555,0.7995670995670996,1.4590268138725717,1.7766865287804958,2.8284975510119456e-05,0.014705882352940961,0.818181818181781,0.17142857142857149
RDSGD,184,0.7983982683982684,0.7983982683982684,0.00013807602096150537,0.00013807602096150534,0.7981645021645022,0.7956709956709956,0.8000865800865801,1.4587841180147092,1.7763747205595952,2.2061702193128704e-05,0.0,0.6818181818181509,0.1428571428571429
RDSGD,185,0.7983982683982684,0.7983982683982684,0.00012406195910531992,0.00012406195910531987,0.7981702741702741,0.7957575757575758,0.8,1.4589474443495476,1.7759885360014431,2.7154052260297975e-05,0.0,0.818181818181781,0.17142857142857149
RDSGD,186,0.7983116883116883,0.7983116883116883,0.00013031851880941427,0.0001303185188094143,0.7981933621933621,0.7955844155844156,0.7997402597402598,1.4592822316020226,1.7761514605446593,2.531952698923205e-05,0.014705882352940961,0.7727272727272376,0.16190476190476194
RDSGD,187,0.7983549783549784,0.7983549783549784,0.00012653628005394833,0.00012653628005394828,0.7981038961038961,0.7952813852813853,0.80004329004329,1.459227771547876,1.7759445727402672,2.9880794278122937e-05,0.0,0.8636363636363245,0.18095238095238098
RDSGD,188,0.7988311688311688,0.7988311688311688,0.00012184944485482736,0.00012184944485482735,0.7984184704184702,0.7963636363636364,0.7997835497835498,1.45898669533136,1.7756434002223542,2.3282672714055178e-05,0.0,0.7272727272726943,0.15238095238095242
RDSGD,189,0.7988311688311688,0.7988311688311688,0.00011790921065166683,0.00011790921065166678,0.7984271284271284,0.7961038961038961,0.7998268398268398,1.4594681156048759,1.7757941901105854,2.7985095111260045e-05,0.0,0.818181818181781,0.17142857142857146
RDSGD,190,0.7987012987012987,0.7987012987012987,0.00010946890267274302,0.00010946890267274302,0.7984559884559884,0.7965367965367965,0.7999134199134199,1.4592521923663706,1.7758182865095569,3.0175756049428523e-05,0.0,0.8636363636363245,0.18095238095238098
RDSGD,191,0.7988311688311688,0.7988311688311688,0.00011216768920971165,0.00011216768920971164,0.7983867243867243,0.7962337662337662,0.79995670995671,1.459549117884071,1.7758588311622616,2.6880441130637427e-05,0.0,0.8636363636363245,0.18095238095238098
RDSGD,192,0.7986580086580086,0.7986580086580086,0.00011580952999912886,0.00011580952999912881,0.7982799422799423,0.7961038961038961,0.7997402597402598,1.4593753626941104,1.7761147800793409,2.5158336330268894e-05,0.0,0.818181818181781,0.17142857142857146
RDSGD,193,0.7989177489177489,0.7989177489177489,0.0001189959339441477,0.00011899593394414771,0.7985339105339104,0.7965800865800866,0.7996969696969697,1.459471474228137,1.7762868213815282,2.3948472616307315e-05,0.014705882352940961,0.7272727272726943,0.15238095238095242
RDSGD,194,0.7984415584415584,0.7984415584415584,0.00012104054413705518,0.00012104054413705518,0.7984761904761906,0.7966233766233767,0.7996969696969697,1.4596951251494812,1.7759312882373919,2.5775713929125825e-05,0.014705882352940961,0.818181818181781,0.17142857142857146
RDSGD,195,0.7986580086580086,0.7986580086580086,0.00011736307123759492,0.00011736307123759488,0.7986406926406926,0.7971428571428572,0.8002597402597402,1.4598289850060477,1.7756943346840324,2.487472372923291e-05,0.014705882352940961,0.7727272727272376,0.16190476190476194
RDSGD,196,0.7989177489177489,0.7989177489177489,0.00010623561081726213,0.0001062356108172621,0.7986551226551225,0.7967532467532468,0.8005194805194805,1.45989731938992,1.7757722537747391,2.921604875366612e-05,0.0,0.9545454545454112,0.20000000000000004
RDSGD,197,0.7987012987012987,0.7987012987012987,0.00011665669813913621,0.00011665669813913621,0.7987503607503608,0.7970995670995671,0.80004329004329,1.4597576514554382,1.7755243773116933,2.0196819210285926e-05,0.0,0.6818181818181509,0.1428571428571429
RDSGD,198,0.7989177489177489,0.7989177489177489,0.00011749983872270086,0.00011749983872270084,0.7987474747474747,0.7970995670995671,0.8001731601731602,1.4600262077954955,1.775440994146166,2.2302404377933947e-05,0.0,0.7727272727272376,0.1619047619047619
RDSGD,199,0.798961038961039,0.798961038961039,9.745750853788239e-05,9.745750853788238e-05,0.7988051948051946,0.7970129870129871,0.8003896103896104,1.4601941230251148,1.7752211756929959,3.0485769750954777e-05,0.014705882352940961,0.9545454545454112,0.20000000000000004
ORACLE,0,0.7644588744588745,0.7644588744588745,0.06786904065826777,0.06786904065826775,0.6156652236652237,0.4941558441558442,0.7482251082251082,1.6176063354421388,2.193355231035289,,0.0,0.22727272727271697,0.04761904761904759
ORACLE,1,0.7893506493506494,0.7893506493506494,0.08344154818296952,0.08344154818296949,0.6896998556998557,0.4724242424242424,0.801991341991342,1.701220663997794,2.0208568431245357,,0.029411764705881922,0.4090909090908905,0.08571428571428576
ORACLE,2,0.794978354978355,0.794978354978355,0.09343251090855209,0.09343251090855205,0.7298701298701299,0.588051948051948,0.8053679653679654,1.4365817344038576,1.9653780106526844,,0.014705882352940961,0.18181818181817358,0.0380952380952381
ORACLE,3,0.8047619047619048,0.8047619047619048,0.08113621680045555,0.08113621680045552,0.7557200577200578,0.6603463203463203,0.8131168831168831,1.4418968152384528,1.8634775870059421,,0.0,0.36363636363634716,0.0761904761904762
ORACLE,4,0.8112121212121212,0.8112121212121212,0.07481140411614395,0.07481140411614393,0.7759018759018759,0.6857142857142857,0.8191341991341992,1.3214714127550493,1.8612484177928124,,0.0,0.22727272727271697,0.047619047619047616
ORACLE,5,0.8122510822510822,0.8122510822510822,0.0596537287660096,0.05965372876600958,0.7869927849927851,0.7104761904761905,0.8275324675324676,1.3854110919265625,1.792051256611912,,0.0,0.36363636363634716,0.0761904761904762
ORACLE,6,0.8145021645021645,0.8145021645021645,0.05210825908871556,0.052108259088715546,0.7955930735930735,0.7305627705627705,0.8273160173160173,1.38891761248555,1.7695212879414066,,0.0,0.22727272727271697,0.04761904761904764
ORACLE,7,0.8173160173160173,0.8173160173160173,0.04441662932438728,0.04441662932438727,0.8016161616161617,0.7506060606060606,0.8301298701298702,1.3937740346624026,1.8209021540807924,,0.0,0.36363636363634716,0.07619047619047617
ORACLE,8,0.823030303030303,0.823030303030303,0.041050835824741706,0.04105083582474169,0.8102279942279941,0.77,0.8317316017316018,1.3133594852023354,1.7575542543032832,,0.014705882352940961,0.22727272727271697,0.04761904761904763
ORACLE,9,0.8232467532467532,0.8232467532467532,0.03664218184609536,0.036642181846095356,0.8124992784992784,0.7706060606060606,0.8358008658008658,1.3012426478742496,1.7687014972216049,,0.014705882352940961,0.27272727272726033,0.057142857142857134
ORACLE,10,0.8236796536796537,0.8236796536796537,0.03267305762948604,0.032673057629486024,0.8145800865800865,0.7767532467532468,0.8323376623376624,1.2977710236762299,1.7354875253021245,,0.014705882352940961,0.31818181818180374,0.06666666666666668
ORACLE,11,0.8265800865800865,0.8265800865800865,0.03173612391424632,0.03173612391424631,0.8189437229437229,0.7815151515151515,0.8363636363636363,1.3043279601135884,1.7165508948331099,,0.0,0.22727272727271697,0.047619047619047644
ORACLE,12,0.8282251082251082,0.8282251082251082,0.026702227714511823,0.026702227714511813,0.8220721500721502,0.7923376623376623,0.8382251082251082,1.3012111438446223,1.712497413079611,,0.0,0.31818181818180374,0.06666666666666668
ORACLE,13,0.8297835497835497,0.8297835497835497,0.022484175306352727,0.022484175306352716,0.8246666666666667,0.792987012987013,0.8383549783549784,1.4251823331179525,1.7071908129379652,,0.0,0.18181818181817358,0.03809523809523812
ORACLE,14,0.8307359307359308,0.8307359307359308,0.021484011828853945,0.021484011828853938,0.8260692640692641,0.7996103896103897,0.8380952380952381,1.3530998077033871,1.7020237567788685,,0.0,0.22727272727271697,0.04761904761904762
ORACLE,15,0.8292640692640693,0.8292640692640693,0.01723384789952097,0.017233847899520965,0.8257604617604618,0.7970129870129871,0.8372294372294372,1.4285216571610377,1.6912382820564196,,0.0,0.31818181818180374,0.0666666666666667
ORACLE,16,0.8291774891774891,0.8291774891774891,0.017296923833725577,0.01729692383372557,0.8261616161616162,0.806060606060606,0.8370995670995671,1.3690587102380185,1.6955158247578719,,0.014705882352940961,0.27272727272726033,0.05714285714285713
ORACLE,17,0.8294372294372294,0.8294372294372294,0.014326477672745875,0.014326477672745874,0.8264761904761906,0.8078354978354978,0.8374025974025974,1.4760118852189308,1.7070873271488387,,0.014705882352940961,0.4090909090908905,0.08571428571428576
ORACLE,18,0.830995670995671,0.830995670995671,0.013663551537671919,0.013663551537671917,0.8280721500721502,0.81004329004329,0.8361904761904762,1.416542481384717,1.6898005479589533,,0.04411764705882289,0.27272727272726033,0.057142857142857176
ORACLE,19,0.8334199134199134,0.8334199134199134,0.013250187010920934,0.013250187010920931,0.8304357864357864,0.8133333333333334,0.8383549783549784,1.4022317512852316,1.6880760212411583,,0.0,0.22727272727271697,0.047619047619047616
ORACLE,20,0.8341991341991342,0.8341991341991342,0.01310924459409995,0.013109244594099945,0.8309148629148629,0.8136796536796537,0.8386147186147186,1.401914909687857,1.6999805401160246,,0.0,0.22727272727271697,0.0476190476190476
ORACLE,21,0.8345887445887445,0.8345887445887445,0.012411890812254495,0.012411890812254493,0.8317864357864357,0.8167532467532468,0.8403030303030303,1.4027499180515812,1.6909257560079851,,0.0,0.22727272727271697,0.04761904761904766
ORACLE,22,0.8345454545454546,0.8345454545454546,0.010329348864559563,0.010329348864559561,0.8318961038961039,0.815974025974026,0.8401298701298702,1.4364233407006546,1.6985329486676553,,0.0,0.27272727272726033,0.05714285714285717
ORACLE,23,0.833939393939394,0.833939393939394,0.009942923259217069,0.009942923259217067,0.8310735930735933,0.8157575757575758,0.8367965367965368,1.3786989127477878,1.6988721212664666,,0.0,0.27272727272726033,0.05714285714285714
ORACLE,24,0.8333333333333334,0.8333333333333334,0.007743557566639901,0.007743557566639899,0.8311428571428572,0.8184848484848485,0.8386147186147186,1.441101662300527,1.7007692868692168,,0.014705882352940961,0.4090909090908905,0.08571428571428576
ORACLE,25,0.8329004329004329,0.8329004329004329,0.008067022189943429,0.008067022189943426,0.8311399711399713,0.8197835497835498,0.8372294372294372,1.3931697571502009,1.7059812136162305,,0.014705882352940961,0.22727272727271697,0.04761904761904761
ORACLE,26,0.8334199134199134,0.8334199134199134,0.008331761621628953,0.00833176162162895,0.8311284271284272,0.8194372294372294,0.8362770562770563,1.404495097408668,1.7050502928135232,,0.0,0.27272727272726033,0.05714285714285715
ORACLE,27,0.8326406926406926,0.8326406926406926,0.008015742937222726,0.008015742937222724,0.8308282828282827,0.818961038961039,0.8362770562770563,1.4163269133083476,1.7092222642683486,,0.0,0.31818181818180374,0.06666666666666667
ORACLE,28,0.8327705627705627,0.8327705627705627,0.00945838814780848,0.009458388147808479,0.8308253968253968,0.818051948051948,0.8361471861471862,1.386536895667382,1.7061440400146126,,0.029411764705881922,0.09090909090908679,0.019047619047619046
ORACLE,29,0.8332034632034632,0.8332034632034632,0.00738023875634819,0.007380238756348189,0.8316565656565656,0.8193939393939393,0.8387445887445888,1.4329864551623175,1.7068816806963767,,0.029411764705881922,0.31818181818180374,0.06666666666666671
ORACLE,30,0.8341558441558442,0.8341558441558442,0.00612956342943235,0.006129563429432349,0.8323809523809523,0.8210822510822511,0.8374025974025974,1.4498748792256446,1.696917246457034,,0.0,0.36363636363634716,0.07619047619047625
ORACLE,31,0.8336363636363636,0.8336363636363636,0.005373277549775658,0.005373277549775658,0.8323405483405484,0.822034632034632,0.8372727272727273,1.4440231446897254,1.7113287415167913,,0.0,0.45454545454543394,0.09523809523809523
ORACLE,32,0.8335064935064935,0.8335064935064935,0.005485024517973522,0.005485024517973522,0.8321818181818182,0.821038961038961,0.8363203463203464,1.431604096850391,1.7069639259133027,,0.0,0.31818181818180374,0.06666666666666668
ORACLE,33,0.8331601731601732,0.8331601731601732,0.0047119956463149695,0.004711995646314969,0.8318066378066378,0.823030303030303,0.8357575757575758,1.4282024115709788,1.7075549376275942,,0.0,0.45454545454543394,0.09523809523809526
ORACLE,34,0.8332467532467532,0.8332467532467532,0.005409150818907396,0.005409150818907395,0.8321962481962483,0.8237662337662338,0.8365367965367966,1.4039515417141073,1.6985890847036056,,0.014705882352940961,0.18181818181817358,0.03809523809523811
ORACLE,35,0.833030303030303,0.833030303030303,0.005081033319939053,0.005081033319939052,0.8324906204906205,0.8247186147186147,0.8366666666666667,1.4307800456491093,1.7056919747811188,,0.014705882352940961,0.27272727272726033,0.057142857142857134
ORACLE,36,0.8333333333333334,0.8333333333333334,0.004728373606950085,0.004728373606950082,0.8327647907647908,0.8238961038961039,0.8380952380952381,1.4294013762365112,1.7033332899385996,,0.0,0.36363636363634716,0.07619047619047618
ORACLE,37,0.8332900432900433,0.8332900432900433,0.004311810416393558,0.004311810416393557,0.832917748917749,0.8254978354978355,0.8378354978354978,1.439081490480348,1.712322300976238,,0.0,0.31818181818180374,0.06666666666666668
ORACLE,38,0.8337662337662337,0.8337662337662337,0.004235786750909358,0.0042357867509093565,0.8333477633477635,0.8264935064935065,0.838917748917749,1.435564501205038,1.7110903518409564,,0.014705882352940961,0.36363636363634716,0.07619047619047617
ORACLE,39,0.8340692640692641,0.8340692640692641,0.004298374037882136,0.004298374037882135,0.8332034632034631,0.8257142857142857,0.8386580086580087,1.4327053264155034,1.7081538358165707,,0.029411764705881922,0.36363636363634716,0.0761904761904762
ORACLE,40,0.8333766233766233,0.8333766233766233,0.004487165568425518,0.004487165568425517,0.8331832611832611,0.8264502164502164,0.839047619047619,1.4562467456832797,1.70143820200322,,0.04411764705882289,0.22727272727271697,0.047619047619047644
ORACLE,41,0.8347619047619048,0.8347619047619048,0.004689487858715137,0.0046894878587151355,0.8341010101010101,0.8272294372294372,0.8399567099567099,1.426305409662951,1.7009163084497523,,0.014705882352940961,0.18181818181817358,0.03809523809523811
ORACLE,42,0.835021645021645,0.835021645021645,0.0049915456766587065,0.004991545676658704,0.8348831168831168,0.8261471861471862,0.8401731601731601,1.4339400854057303,1.696230769190696,,0.014705882352940961,0.045454545454543395,0.009523809523809535
ORACLE,43,0.8356277056277056,0.8356277056277056,0.00463561257023849,0.004635612570238489,0.8353506493506494,0.827012987012987,0.8403030303030303,1.4373866572622738,1.7017644799862301,,0.014705882352940961,0.13636363636363016,0.028571428571428577
ORACLE,44,0.8364069264069264,0.8364069264069264,0.004051436532836557,0.004051436532836557,0.8355642135642135,0.8294372294372294,0.8414718614718615,1.4321318499919233,1.6968215867627847,,0.0,0.27272727272726033,0.057142857142857176
ORACLE,45,0.8365800865800865,0.8365800865800865,0.003857456736177072,0.00385745673617707,0.8357604617604618,0.8284415584415584,0.8391774891774891,1.414015037427598,1.6942804624415684,,0.014705882352940961,0.27272727272726033,0.05714285714285716
ORACLE,46,0.8363636363636363,0.8363636363636363,0.0040328049185445565,0.004032804918544555,0.8359797979797979,0.8274458874458874,0.8414285714285714,1.4067452929391333,1.6932896912278395,,0.014705882352940961,0.18181818181817358,0.038095238095238085
ORACLE,47,0.8364069264069264,0.8364069264069264,0.00337700335686183,0.003377003356861828,0.835919191919192,0.8282251082251082,0.8402164502164502,1.4268086251339116,1.6958715483150864,,0.0,0.31818181818180374,0.06666666666666667
ORACLE,48,0.837012987012987,0.837012987012987,0.00381469011297798,0.003814690112977979,0.8366522366522366,0.8302164502164502,0.8408225108225108,1.412464214352993,1.6880637032977441,,0.014705882352940961,0.13636363636363016,0.028571428571428567
ORACLE,49,0.8366233766233766,0.8366233766233766,0.003051276283304939,0.0030512762833049367,0.8364646464646465,0.83,0.8416450216450216,1.4257316121794856,1.6891141973684023,,0.0,0.31818181818180374,0.06666666666666667
ORACLE,50,0.8367965367965368,0.8367965367965368,0.002392666086866873,0.002392666086866873,0.8366608946608945,0.831038961038961,0.8397835497835497,1.472271234630611,1.6887223106336768,,0.0,0.4090909090908905,0.08571428571428576
ORACLE,51,0.8369696969696969,0.8369696969696969,0.002296354997727109,0.0022963549977271084,0.8362424242424243,0.8308658008658009,0.8392207792207792,1.43952659831527,1.696243374421306,,0.014705882352940961,0.4999999999999773,0.10476190476190478
ORACLE,52,0.8367965367965368,0.8367965367965368,0.002935322834798902,0.0029353228347989008,0.8364963924963925,0.8294372294372294,0.8392640692640693,1.4232402194360738,1.6923512606849942,,0.0,0.045454545454543395,0.009523809523809533
ORACLE,53,0.8372727272727273,0.8372727272727273,0.002926941244895157,0.0029269412448951555,0.8368802308802309,0.8297402597402598,0.8406060606060606,1.4519757392184982,1.6921830954756427,,0.014705882352940961,0.22727272727271697,0.047619047619047644
ORACLE,54,0.8375757575757575,0.8375757575757575,0.002627319861907014,0.0026273198619070123,0.8368225108225108,0.8301298701298702,0.8413419913419914,1.4480775268074146,1.6963074232259023,,0.0,0.31818181818180374,0.06666666666666667
ORACLE,55,0.8377056277056277,0.8377056277056277,0.0022198338109818746,0.0022198338109818737,0.8371688311688313,0.8314718614718615,0.8401298701298702,1.44549698264132,1.6925009995882259,,0.0,0.4090909090908905,0.08571428571428573
ORACLE,56,0.8374891774891775,0.8374891774891775,0.0026140622595809695,0.0026140622595809686,0.8373708513708513,0.8310822510822511,0.8405627705627705,1.4282690250771513,1.6905013405868936,,0.0,0.13636363636363016,0.02857142857142858
ORACLE,57,0.8384415584415584,0.8384415584415584,0.0026597987194750907,0.0026597987194750894,0.8374574314574313,0.8315584415584416,0.8406493506493506,1.4196312055829412,1.6984896722615863,,0.0,0.27272727272726033,0.057142857142857134
ORACLE,58,0.8377489177489178,0.8377489177489178,0.0019547297548760884,0.0019547297548760875,0.8374112554112555,0.8327705627705627,0.8403896103896104,1.4551129233429716,1.6979601468765084,,0.0,0.4999999999999773,0.10476190476190478
ORACLE,59,0.8375757575757575,0.8375757575757575,0.0017704790363857997,0.001770479036385799,0.8372034632034632,0.8313419913419914,0.83991341991342,1.4633728694092947,1.7008031145954225,,0.0,0.36363636363634716,0.0761904761904762
ORACLE,60,0.8367532467532468,0.8367532467532468,0.0018745640333147195,0.0018745640333147186,0.8368196248196249,0.8314718614718615,0.8412554112554113,1.4543421109335708,1.7016894158310985,,0.0,0.36363636363634716,0.0761904761904762
ORACLE,61,0.8361904761904762,0.8361904761904762,0.0016990414796263546,0.001699041479626354,0.8366666666666667,0.8309090909090909,0.8391774891774891,1.4491043110799218,1.696831594377974,,0.0,0.45454545454543394,0.09523809523809526
ORACLE,62,0.8367099567099567,0.8367099567099567,0.0018432694962819,0.001843269496281899,0.8368831168831169,0.8304761904761905,0.8398701298701299,1.4468589661969034,1.6992202577751956,,0.0,0.22727272727271697,0.04761904761904762
ORACLE,63,0.8366666666666667,0.8366666666666667,0.0019303093266822482,0.0019303093266822475,0.8367907647907648,0.8305194805194805,0.8401731601731601,1.4416054884014886,1.7044976459907915,,0.0,0.31818181818180374,0.06666666666666668
ORACLE,64,0.8365800865800865,0.8365800865800865,0.0017410616387906817,0.0017410616387906806,0.836779220779221,0.8313852813852813,0.8395238095238096,1.4569954413222492,1.6988153467486156,,0.0,0.36363636363634716,0.0761904761904762
ORACLE,65,0.836926406926407,0.836926406926407,0.001581099426434276,0.0015810994264342758,0.8367849927849929,0.832034632034632,0.8387878787878787,1.4615378523395561,1.6975705938246344,,0.0,0.36363636363634716,0.07619047619047621
ORACLE,66,0.8364935064935065,0.8364935064935065,0.0016974445082432517,0.001697444508243251,0.8365714285714285,0.8309090909090909,0.8389610389610389,1.452861055236374,1.7009126468963103,,0.014705882352940961,0.45454545454543394,0.09523809523809525
ORACLE,67,0.8367965367965368,0.8367965367965368,0.0015174962544417753,0.0015174962544417744,0.837044733044733,0.8324675324675325,0.8399567099567099,1.4529111091446616,1.6962188262160092,,0.014705882352940961,0.4090909090908905,0.08571428571428574
ORACLE,68,0.837012987012987,0.837012987012987,0.0015608924454897047,0.001560892445489704,0.8369985569985569,0.8326839826839827,0.8396103896103896,1.4403223271473777,1.6967954699345413,,0.0,0.27272727272726033,0.05714285714285715
ORACLE,69,0.8367965367965368,0.8367965367965368,0.0014794769952400104,0.0014794769952400097,0.8365974025974025,0.8327705627705627,0.8385281385281386,1.4474506154779314,1.7010857252941904,,0.014705882352940961,0.31818181818180374,0.06666666666666667
ORACLE,70,0.8364935064935065,0.8364935064935065,0.0015942328404965514,0.001594232840496551,0.8369177489177488,0.8317748917748917,0.839004329004329,1.452915058357797,1.6964569917293544,,0.014705882352940961,0.22727272727271697,0.047619047619047644
ORACLE,71,0.8372727272727273,0.8372727272727273,0.0016756218230801903,0.00167562182308019,0.8372756132756133,0.8326839826839827,0.8396103896103896,1.4542386151218136,1.6945885086360948,,0.014705882352940961,0.18181818181817358,0.03809523809523812
ORACLE,72,0.8374025974025974,0.8374025974025974,0.0015386372257873153,0.0015386372257873149,0.8375440115440115,0.833939393939394,0.8400865800865801,1.4527722701939156,1.6948563036045237,,0.014705882352940961,0.36363636363634716,0.07619047619047621
ORACLE,73,0.8372294372294372,0.8372294372294372,0.0016044041050890811,0.0016044041050890805,0.8376738816738817,0.8332900432900433,0.8403463203463204,1.4428977908906182,1.694928112883846,,0.014705882352940961,0.27272727272726033,0.05714285714285715
ORACLE,74,0.8374458874458874,0.8374458874458874,0.001391668137426634,0.0013916681374266332,0.8375266955266957,0.8325541125541126,0.8404329004329004,1.4497302895201178,1.6982282488842881,,0.014705882352940961,0.36363636363634716,0.0761904761904762
ORACLE,75,0.8374025974025974,0.8374025974025974,0.0014462138748844071,0.001446213874884407,0.8377229437229439,0.8331601731601732,0.8401731601731601,1.4643033888656496,1.6945350895967217,,0.029411764705881922,0.22727272727271697,0.04761904761904764
ORACLE,76,0.8373593073593074,0.8373593073593074,0.0012290756942363375,0.001229075694236337,0.8376103896103896,0.8334199134199134,0.8397835497835497,1.4595961344454342,1.6990084055265684,,0.029411764705881922,0.45454545454543394,0.09523809523809529
ORACLE,77,0.8377489177489178,0.8377489177489178,0.0013701519738087418,0.0013701519738087416,0.838,0.8338528138528138,0.8406060606060606,1.463172547435989,1.6946371796648332,,0.029411764705881922,0.13636363636363016,0.028571428571428574
ORACLE,78,0.837922077922078,0.837922077922078,0.0012116457266409981,0.001211645726640998,0.8380865800865801,0.8340692640692641,0.8404761904761905,1.461219128924403,1.6968179692535081,,0.0,0.4090909090908905,0.08571428571428572
ORACLE,79,0.8377922077922078,0.8377922077922078,0.001343127948235232,0.0013431279482352318,0.838069264069264,0.8338528138528138,0.8397835497835497,1.4592523594625835,1.7022229920070522,,0.014705882352940961,0.22727272727271697,0.04761904761904762
ORACLE,80,0.8377489177489178,0.8377489177489178,0.0011649966396258332,0.0011649966396258325,0.8381500721500722,0.8345021645021645,0.8400865800865801,1.470225258877741,1.7026637449956818,,0.014705882352940961,0.4090909090908905,0.08571428571428573
ORACLE,81,0.8377489177489178,0.8377489177489178,0.001187224978188792,0.0011872249781887916,0.8378961038961041,0.8332900432900433,0.8402597402597403,1.4685133516807196,1.7019210181834927,,0.0,0.36363636363634716,0.07619047619047623
ORACLE,82,0.8378354978354978,0.8378354978354978,0.001197356508163624,0.0011973565081636235,0.8379624819624818,0.8336796536796537,0.84,1.454158770545792,1.7017913065767223,,0.0,0.36363636363634716,0.07619047619047617
ORACLE,83,0.8380952380952381,0.8380952380952381,0.0011292754836439954,0.0011292754836439952,0.8381067821067821,0.8344155844155844,0.8401298701298702,1.4602986469924568,1.7002472004442803,,0.014705882352940961,0.31818181818180374,0.06666666666666668
ORACLE,84,0.8381818181818181,0.8381818181818181,0.0013187672032540913,0.0013187672032540908,0.8381673881673882,0.8348484848484848,0.8406493506493506,1.4491482762976573,1.7004511897705814,,0.014705882352940961,0.22727272727271697,0.04761904761904762
ORACLE,85,0.8382683982683983,0.8382683982683983,0.001095791793860508,0.0010957917938605075,0.8381212121212122,0.8350649350649351,0.8402597402597403,1.458192335855988,1.69808304568147,,0.0,0.36363636363634716,0.07619047619047621
ORACLE,86,0.8383116883116883,0.8383116883116883,0.0011036182913149264,0.001103618291314926,0.8379682539682539,0.8346320346320346,0.8396969696969697,1.460570863654238,1.7048777333439826,,0.014705882352940961,0.27272727272726033,0.057142857142857134
ORACLE,87,0.8385281385281386,0.8385281385281386,0.0012347532565180931,0.0012347532565180931,0.837979797979798,0.8338095238095238,0.8403463203463204,1.451159544272748,1.6995252833771324,,0.0,0.18181818181817358,0.0380952380952381
ORACLE,88,0.8382251082251082,0.8382251082251082,0.0010837059232597656,0.0010837059232597654,0.837997113997114,0.8341125541125541,0.8401298701298702,1.4567050352570123,1.701542809635679,,0.0,0.31818181818180374,0.06666666666666668
ORACLE,89,0.8387445887445888,0.8387445887445888,0.0011320216589359798,0.0011320216589359791,0.83815873015873,0.8344588744588745,0.84,1.4512041951169994,1.6974270206873374,,0.0,0.22727272727271697,0.047619047619047616
ORACLE,90,0.8384415584415584,0.8384415584415584,0.0011240601543715846,0.0011240601543715837,0.837994227994228,0.8341991341991342,0.8396536796536797,1.43379394564849,1.7006505260708533,,0.029411764705881922,0.5454545454545207,0.11428571428571427
ORACLE,91,0.8386147186147186,0.8386147186147186,0.001016629230341423,0.0010166292303414224,0.8379971139971141,0.8341991341991342,0.8401731601731601,1.4527081822934647,1.6974083010550551,,0.0,0.22727272727271697,0.04761904761904761
ORACLE,92,0.8381385281385282,0.8381385281385282,0.0010629407658094413,0.0010629407658094409,0.8379047619047619,0.8331168831168831,0.8404761904761905,1.458891362299152,1.696429867050382,,0.014705882352940961,0.27272727272726033,0.057142857142857176
ORACLE,93,0.8383549783549784,0.8383549783549784,0.0008851946022257378,0.0008851946022257373,0.8378932178932179,0.8345887445887445,0.8401298701298702,1.468837783714575,1.7005246381712682,,0.014705882352940961,0.4090909090908905,0.08571428571428574
ORACLE,94,0.8378354978354978,0.8378354978354978,0.00092699157116904,0.0009269915711690396,0.8376132756132757,0.8341125541125541,0.8401731601731601,1.462224752016646,1.7002403895029465,,0.029411764705881922,0.36363636363634716,0.07619047619047617
ORACLE,95,0.8376190476190476,0.8376190476190476,0.0008508122786926299,0.0008508122786926298,0.8375007215007215,0.8338961038961039,0.8393073593073593,1.4622288338459795,1.6983081687465218,,0.0,0.36363636363634716,0.0761904761904762
ORACLE,96,0.838008658008658,0.838008658008658,0.0008901230350766967,0.0008901230350766965,0.8376507936507936,0.8344155844155844,0.8395670995670995,1.4528277134983592,1.6977157940394734,,0.0,0.27272727272726033,0.05714285714285716
ORACLE,97,0.8378354978354978,0.8378354978354978,0.0008773215722467742,0.0008773215722467738,0.8376623376623377,0.8343722943722943,0.8397835497835497,1.4681550133335806,1.7013353710959715,,0.014705882352940961,0.27272727272726033,0.05714285714285716
ORACLE,98,0.8379653679653679,0.8379653679653679,0.0008707310803128011,0.0008707310803128007,0.8378816738816739,0.8345454545454546,0.8393073593073593,1.4559232816868641,1.7021822087968863,,0.0,0.31818181818180374,0.06666666666666667
ORACLE,99,0.8381818181818181,0.8381818181818181,0.0007504094088807047,0.0007504094088807045,0.8380490620490622,0.8348484848484848,0.8396969696969697,1.4639565159202101,1.6997988926310024,,0.0,0.27272727272726033,0.05714285714285717
ORACLE,100,0.8383116883116883,0.8383116883116883,0.0007307476671079379,0.0007307476671079377,0.837982683982684,0.835021645021645,0.8396536796536797,1.4645993798765349,1.7040710333720848,,0.014705882352940961,0.36363636363634716,0.0761904761904762
ORACLE,101,0.8379653679653679,0.8379653679653679,0.0006942186451834408,0.0006942186451834407,0.8377344877344879,0.8346320346320346,0.8392640692640693,1.4733917976409265,1.7022863050461723,,0.014705882352940961,0.36363636363634716,0.07619047619047623
ORACLE,102,0.8380952380952381,0.8380952380952381,0.0006885919891716549,0.0006885919891716548,0.8376883116883117,0.8345021645021645,0.8393939393939394,1.4668624893359898,1.705282675285777,,0.0,0.4090909090908905,0.08571428571428572
ORACLE,103,0.838008658008658,0.838008658008658,0.0007757405265901125,0.0007757405265901123,0.8378210678210679,0.8351515151515152,0.8391774891774891,1.4677901656762398,1.702692045207008,,0.0,0.22727272727271697,0.04761904761904762
ORACLE,104,0.8382251082251082,0.8382251082251082,0.0007266791471110459,0.0007266791471110456,0.838011544011544,0.8355411255411256,0.8393506493506494,1.465171272869425,1.6999989416541994,,0.0,0.27272727272726033,0.057142857142857176
ORACLE,105,0.838051948051948,0.838051948051948,0.0007300482295542023,0.0007300482295542022,0.8380865800865801,0.835021645021645,0.8402597402597403,1.4633570683922739,1.6990149119981948,,0.0,0.27272727272726033,0.057142857142857176
ORACLE,106,0.8383982683982684,0.8383982683982684,0.0008260416594963228,0.0008260416594963225,0.8382279942279942,0.8345021645021645,0.83991341991342,1.4544173811475136,1.696974622474206,,0.029411764705881922,0.31818181818180374,0.06666666666666668
ORACLE,107,0.8383116883116883,0.8383116883116883,0.0007560428358411018,0.0007560428358411015,0.8381818181818181,0.8343290043290044,0.8395238095238096,1.46225154130899,1.7001042237692063,,0.0,0.36363636363634716,0.0761904761904762
ORACLE,108,0.8381818181818181,0.8381818181818181,0.0007556015167753343,0.0007556015167753342,0.8385108225108225,0.8361471861471862,0.8406493506493506,1.4546752830399898,1.6972627584059794,,0.0,0.27272727272726033,0.05714285714285717
ORACLE,109,0.8382251082251082,0.8382251082251082,0.000705452491448152,0.000705452491448152,0.8383722943722945,0.8354978354978355,0.84004329004329,1.4627361880490346,1.6979084446563641,,0.0,0.27272727272726033,0.05714285714285716
ORACLE,110,0.8383549783549784,0.8383549783549784,0.0007909300418157191,0.000790930041815719,0.8385079365079365,0.8353246753246754,0.8402164502164502,1.4556233101878506,1.7006772027013115,,0.0,0.27272727272726033,0.057142857142857134
ORACLE,111,0.8385714285714285,0.8385714285714285,0.000733635724578353,0.0007336357245783526,0.8385339105339104,0.8363636363636363,0.8403030303030303,1.452508343101123,1.6983783168881765,,0.014705882352940961,0.45454545454543394,0.09523809523809523
ORACLE,112,0.8379653679653679,0.8379653679653679,0.0006814824104999857,0.0006814824104999855,0.8382366522366523,0.8356709956709957,0.84,1.4579046872482189,1.703117017806136,,0.0,0.4090909090908905,0.08571428571428573
ORACLE,113,0.837922077922078,0.837922077922078,0.0007207175999157378,0.0007207175999157377,0.8381414141414142,0.8356277056277056,0.8398701298701299,1.4612665670352096,1.7021144123620486,,0.0,0.22727272727271697,0.047619047619047616
ORACLE,114,0.838008658008658,0.838008658008658,0.0006271931957765123,0.000627193195776512,0.8380375180375181,0.8356277056277056,0.84004329004329,1.4741731547914136,1.7014826672295145,,0.014705882352940961,0.4090909090908905,0.08571428571428574
ORACLE,115,0.838008658008658,0.838008658008658,0.0007183136243902493,0.0007183136243902492,0.8379538239538239,0.8353246753246754,0.8398268398268398,1.4630239522459596,1.6993153457090446,,0.029411764705881922,0.18181818181817358,0.0380952380952381
ORACLE,116,0.837922077922078,0.837922077922078,0.0005530978005042455,0.0005530978005042454,0.8379769119769119,0.8355844155844155,0.8395238095238096,1.476151124598931,1.699761826132059,,0.0,0.36363636363634716,0.0761904761904762
ORACLE,117,0.837922077922078,0.837922077922078,0.0006604652805693942,0.0006604652805693937,0.837933621933622,0.8354545454545454,0.8398701298701299,1.4644713441636288,1.7011352765145265,,0.0,0.13636363636363016,0.028571428571428553
ORACLE,118,0.837922077922078,0.837922077922078,0.0006700504036231326,0.0006700504036231324,0.8379278499278499,0.8351948051948052,0.8400865800865801,1.4662126076660504,1.6992205264847546,,0.029411764705881922,0.22727272727271697,0.047619047619047644
ORACLE,119,0.838051948051948,0.838051948051948,0.000602361548017701,0.0006023615480177008,0.8381529581529582,0.8356709956709957,0.84004329004329,1.468188171636453,1.6954166063308247,,0.014705882352940961,0.31818181818180374,0.06666666666666668
ORACLE,120,0.8381385281385282,0.8381385281385282,0.0005560757269658187,0.0005560757269658185,0.8382712842712843,0.8362770562770563,0.83991341991342,1.469258291900871,1.6959825891592606,,0.014705882352940961,0.36363636363634716,0.07619047619047623
ORACLE,121,0.837922077922078,0.837922077922078,0.0005697234037896225,0.0005697234037896224,0.8382366522366522,0.8363203463203464,0.8404761904761905,1.4706931829887566,1.6957055583320026,,0.014705882352940961,0.31818181818180374,0.06666666666666668
ORACLE,122,0.838051948051948,0.838051948051948,0.00046623386713619643,0.0004662338671361964,0.8381673881673881,0.8362337662337662,0.8393073593073593,1.480320254921042,1.6988325452794053,,0.0,0.4999999999999773,0.10476190476190478
ORACLE,123,0.8380952380952381,0.8380952380952381,0.0004865039618654899,0.00048650396186548987,0.8381875901875903,0.8369696969696969,0.8399567099567099,1.4739057849510904,1.697469008557326,,0.0,0.36363636363634716,0.07619047619047623
ORACLE,124,0.8382251082251082,0.8382251082251082,0.0005814329745809691,0.0005814329745809689,0.8382886002886003,0.8371428571428572,0.8399567099567099,1.4664408455348592,1.6979649018878848,,0.029411764705881922,0.27272727272726033,0.05714285714285712
ORACLE,125,0.838008658008658,0.838008658008658,0.0006817599628383378,0.0006817599628383376,0.8383578643578643,0.8368398268398268,0.8398701298701299,1.4628556248045854,1.6991766929458145,,0.04411764705882289,0.22727272727271697,0.047619047619047616
ORACLE,126,0.837922077922078,0.837922077922078,0.0006292357532527808,0.0006292357532527806,0.8382568542568544,0.8367965367965368,0.8394372294372294,1.458302734168056,1.7014418897123502,,0.0,0.36363636363634716,0.0761904761904762
ORACLE,127,0.8383116883116883,0.8383116883116883,0.0006336816282520009,0.0006336816282520004,0.8384415584415584,0.8367532467532468,0.8395238095238096,1.455322836856887,1.6989402371862836,,0.0,0.13636363636363016,0.028571428571428595
ORACLE,128,0.8379653679653679,0.8379653679653679,0.0004816621521611178,0.0004816621521611176,0.838155844155844,0.8367965367965368,0.839047619047619,1.4662156904548673,1.7034762504260557,,0.0,0.4999999999999773,0.10476190476190478
ORACLE,129,0.838008658008658,0.838008658008658,0.000473766757910016,0.0004737667579100158,0.838077922077922,0.8368398268398268,0.8393506493506494,1.4690023083125727,1.699418339168607,,0.014705882352940961,0.36363636363634716,0.07619047619047624
ORACLE,130,0.8383982683982684,0.8383982683982684,0.0005109893157871311,0.0005109893157871309,0.8382828282828282,0.8368831168831169,0.83991341991342,1.4639759186353507,1.701745053551205,,0.0,0.31818181818180374,0.06666666666666665
ORACLE,131,0.8387012987012987,0.8387012987012987,0.000556062157705794,0.0005560621577057937,0.8385165945165947,0.8367965367965368,0.8396969696969697,1.4690905521947506,1.7021454213416467,,0.014705882352940961,0.22727272727271697,0.04761904761904762
ORACLE,132,0.8386580086580087,0.8386580086580087,0.0005004897374425275,0.0005004897374425273,0.8383001443001442,0.8360606060606061,0.8392640692640693,1.4713643723491228,1.7016322641096715,,0.0,0.4090909090908905,0.08571428571428572
ORACLE,133,0.8385714285714285,0.8385714285714285,0.0005788969577447717,0.0005788969577447713,0.8386378066378067,0.8371428571428572,0.8398268398268398,1.4648192854595006,1.70005766445282,,0.029411764705881922,0.13636363636363016,0.028571428571428567
ORACLE,134,0.8388311688311688,0.8388311688311688,0.0005560425947682463,0.0005560425947682461,0.8386435786435787,0.8365800865800865,0.8398701298701299,1.4693697288558165,1.6989004777633354,,0.0,0.13636363636363016,0.028571428571428602
ORACLE,135,0.8385714285714285,0.8385714285714285,0.0005966260323489328,0.0005966260323489325,0.8386782106782106,0.8365800865800865,0.84004329004329,1.4624236873516239,1.6976102035174405,,0.0,0.13636363636363016,0.028571428571428574
ORACLE,136,0.8385281385281386,0.8385281385281386,0.0005407068544608245,0.0005407068544608243,0.8384877344877345,0.8365800865800865,0.8395238095238096,1.4679595856469794,1.7000261117176079,,0.0,0.22727272727271697,0.0476190476190476
ORACLE,137,0.8387878787878787,0.8387878787878787,0.000512036995929257,0.0005120369959292567,0.8386666666666667,0.8367099567099567,0.8397402597402598,1.4612005390282015,1.6987819739930932,,0.029411764705881922,0.4090909090908905,0.08571428571428574
ORACLE,138,0.8387445887445888,0.8387445887445888,0.000497094425217045,0.0004970944252170447,0.8385974025974027,0.8373160173160173,0.8393939393939394,1.4664284401333674,1.6984364559188658,,0.029411764705881922,0.27272727272726033,0.05714285714285717
ORACLE,139,0.8388311688311688,0.8388311688311688,0.0004751246618804828,0.00047512466188048255,0.8386464646464645,0.8372727272727273,0.8399567099567099,1.462190367859261,1.7007316642657757,,0.014705882352940961,0.36363636363634716,0.0761904761904762
ORACLE,140,0.8387445887445888,0.8387445887445888,0.0005249987467025286,0.0005249987467025284,0.8386378066378065,0.8367532467532468,0.8398701298701299,1.4592997055258294,1.7030615830219362,,0.04411764705882289,0.31818181818180374,0.06666666666666665
ORACLE,141,0.8388744588744589,0.8388744588744589,0.0005271310070143298,0.0005271310070143296,0.8387878787878787,0.837056277056277,0.8396536796536797,1.4592730412415986,1.6994960947752724,,0.014705882352940961,0.27272727272726033,0.05714285714285714
ORACLE,142,0.839004329004329,0.839004329004329,0.0004574233910112251,0.0004574233910112249,0.8388802308802309,0.8375324675324676,0.8397835497835497,1.4669096705955125,1.6984861263212911,,0.0,0.22727272727271697,0.04761904761904764
ORACLE,143,0.8392640692640693,0.8392640692640693,0.0004170113076583845,0.0004170113076583844,0.8389668109668109,0.8374025974025974,0.8402597402597403,1.4771422283849256,1.6977000546303693,,0.0,0.27272727272726033,0.057142857142857176
ORACLE,144,0.8391774891774891,0.8391774891774891,0.00043415793447313885,0.00043415793447313875,0.838995670995671,0.8377056277056277,0.8404329004329004,1.4666186016931149,1.697795049883882,,0.0,0.18181818181817358,0.03809523809523811
ORACLE,145,0.8391341991341992,0.8391341991341992,0.0004037998171884783,0.0004037998171884781,0.8389523809523809,0.8375324675324676,0.8403463203463204,1.4702771613181904,1.6999719313408725,,0.014705882352940961,0.27272727272726033,0.05714285714285715
ORACLE,146,0.8391774891774891,0.8391774891774891,0.00040900828095092077,0.0004090082809509206,0.8388196248196248,0.8370995670995671,0.8400865800865801,1.4725460589783503,1.7007671339243537,,0.014705882352940961,0.4090909090908905,0.08571428571428572
ORACLE,147,0.838917748917749,0.838917748917749,0.0004345192181138674,0.0004345192181138671,0.8388744588744589,0.8371428571428572,0.8398701298701299,1.4674727462296853,1.6988412854036916,,0.014705882352940961,0.31818181818180374,0.06666666666666668
ORACLE,148,0.839004329004329,0.839004329004329,0.00044057012541616914,0.000440570125416169,0.8389206349206351,0.8370995670995671,0.84,1.463682727343282,1.7006534286485762,,0.014705882352940961,0.27272727272726033,0.05714285714285715
ORACLE,149,0.8388744588744589,0.8388744588744589,0.0003596699118737649,0.0003596699118737647,0.8388658008658009,0.8372727272727273,0.8402164502164502,1.476346269228077,1.6982465226282502,,0.04411764705882289,0.36363636363634716,0.07619047619047623
ORACLE,150,0.8387878787878787,0.8387878787878787,0.0003973062462639089,0.0003973062462639088,0.8389264069264069,0.8370995670995671,0.8402597402597403,1.4744254798644458,1.6975076724801756,,0.0,0.22727272727271697,0.04761904761904763
ORACLE,151,0.8391341991341992,0.8391341991341992,0.00040647886446944936,0.0004064788644694492,0.8389812409812412,0.8367532467532468,0.8402597402597403,1.467784492694546,1.7001446275775802,,0.014705882352940961,0.22727272727271697,0.047619047619047616
ORACLE,152,0.8391774891774891,0.8391774891774891,0.0004012791439262102,0.0004012791439262101,0.8390735930735931,0.8373593073593074,0.8402164502164502,1.4732097304467262,1.6978477599691693,,0.0,0.18181818181817358,0.03809523809523811
ORACLE,153,0.8393939393939394,0.8393939393939394,0.00044447563443545535,0.0004444756344354553,0.8390735930735931,0.8374025974025974,0.8404761904761905,1.46714229611333,1.7001506467998142,,0.029411764705881922,0.27272727272726033,0.057142857142857155
ORACLE,154,0.8390909090909091,0.8390909090909091,0.0003649523347485698,0.00036495233474856967,0.8390735930735931,0.8374458874458874,0.8402597402597403,1.4788310091701047,1.700614879053586,,0.0,0.31818181818180374,0.06666666666666668
ORACLE,155,0.8388311688311688,0.8388311688311688,0.0003378545495324989,0.0003378545495324988,0.8387763347763347,0.8371428571428572,0.8401298701298702,1.4754961096137715,1.7025673897059492,,0.0,0.45454545454543394,0.09523809523809523
ORACLE,156,0.8387878787878787,0.8387878787878787,0.00033366805766998924,0.0003336680576699892,0.8386031746031747,0.8368398268398268,0.8399567099567099,1.4767146280079517,1.6995254059764637,,0.0,0.31818181818180374,0.0666666666666667
ORACLE,157,0.8388311688311688,0.8388311688311688,0.00030890543206740626,0.0003089054320674061,0.8387388167388166,0.8372294372294372,0.8401731601731601,1.4784666343873925,1.6982416394367292,,0.014705882352940961,0.36363636363634716,0.07619047619047621
ORACLE,158,0.8387878787878787,0.8387878787878787,0.0003108221138089324,0.00031082211380893237,0.8388340548340548,0.8375324675324676,0.8398268398268398,1.477580724911228,1.699606399165539,,0.0,0.36363636363634716,0.07619047619047621
ORACLE,159,0.838917748917749,0.838917748917749,0.0003052279415236773,0.00030522794152367726,0.8387590187590187,0.8369696969696969,0.8395670995670995,1.4753796736113935,1.7007135801569881,,0.0,0.4090909090908905,0.08571428571428572
ORACLE,160,0.8388744588744589,0.8388744588744589,0.00027838294242785703,0.0002783829424278569,0.838822510822511,0.8369696969696969,0.8398268398268398,1.4835486676834804,1.7013322814604486,,0.0,0.36363636363634716,0.07619047619047623
ORACLE,161,0.8387012987012987,0.8387012987012987,0.00028145644486703077,0.00028145644486703066,0.8387907647907648,0.8371428571428572,0.8396969696969697,1.47395929377132,1.702653589778778,,0.0,0.5454545454545207,0.11428571428571427
ORACLE,162,0.838917748917749,0.838917748917749,0.0002849938043877729,0.0002849938043877728,0.8386522366522366,0.837012987012987,0.84,1.4764523914129069,1.703671115368511,,0.0,0.4090909090908905,0.0857142857142857
ORACLE,163,0.8387012987012987,0.8387012987012987,0.00032585935828268283,0.00032585935828268267,0.8388542568542569,0.8372294372294372,0.8402597402597403,1.475998354210935,1.7019560307296506,,0.014705882352940961,0.27272727272726033,0.05714285714285715
ORACLE,164,0.838917748917749,0.838917748917749,0.00037339922462713477,0.00037339922462713455,0.839001443001443,0.8375757575757575,0.8402164502164502,1.4698246653814002,1.6990881646545073,,0.014705882352940961,0.22727272727271697,0.04761904761904761
ORACLE,165,0.8392207792207792,0.8392207792207792,0.0003183965365190894,0.0003183965365190892,0.8391832611832611,0.8377056277056277,0.8402164502164502,1.4811065636041498,1.6978728342581288,,0.0,0.31818181818180374,0.06666666666666668
ORACLE,166,0.839004329004329,0.839004329004329,0.00032104431988583666,0.00032104431988583655,0.8389870129870131,0.8372294372294372,0.8401731601731601,1.4788410043830282,1.6996233837410584,,0.0,0.27272727272726033,0.05714285714285716
ORACLE,167,0.839047619047619,0.839047619047619,0.0003175800911134429,0.0003175800911134428,0.838981240981241,0.8377056277056277,0.8404329004329004,1.4838853107749235,1.6979854736956,,0.0,0.22727272727271697,0.04761904761904763
ORACLE,168,0.8388744588744589,0.8388744588744589,0.00033064249263206814,0.00033064249263206803,0.838906204906205,0.8375324675324676,0.8403463203463204,1.4794425098873738,1.7019036219733996,,0.029411764705881922,0.27272727272726033,0.057142857142857134
ORACLE,169,0.838917748917749,0.838917748917749,0.0002934474558967083,0.0002934474558967083,0.8388340548340548,0.8373593073593074,0.8403463203463204,1.4853948767175293,1.6997687173718092,,0.014705882352940961,0.27272727272726033,0.057142857142857155
ORACLE,170,0.8388311688311688,0.8388311688311688,0.000311001107943001,0.0003110011079430009,0.8389956709956711,0.8375757575757575,0.8405627705627705,1.4757479190458584,1.6984969751899117,,0.014705882352940961,0.27272727272726033,0.05714285714285715
ORACLE,171,0.838917748917749,0.838917748917749,0.0003438964730353599,0.0003438964730353597,0.838935064935065,0.8369696969696969,0.8404329004329004,1.4710123612206152,1.6979422161592868,,0.0,0.22727272727271697,0.047619047619047616
ORACLE,172,0.8389610389610389,0.8389610389610389,0.00030096994629348395,0.0003009699462934838,0.8389985569985571,0.8365800865800865,0.8401298701298702,1.481460499194121,1.6994784314940328,,0.0,0.31818181818180374,0.06666666666666671
ORACLE,173,0.838917748917749,0.838917748917749,0.00031537406800217615,0.00031537406800217593,0.838998556998557,0.8373593073593074,0.8401731601731601,1.4842340295859058,1.7018322412352438,,0.0,0.31818181818180374,0.06666666666666665
ORACLE,174,0.839047619047619,0.839047619047619,0.00033346552169571123,0.0003334655216957111,0.838989898989899,0.8375757575757575,0.83991341991342,1.4794853865649662,1.7007821148040034,,0.0,0.18181818181817358,0.038095238095238085
ORACLE,175,0.8389610389610389,0.8389610389610389,0.0002680078528131517,0.00026800785281315165,0.839088023088023,0.8373160173160173,0.84004329004329,1.4852311053857121,1.699137006381152,,0.0,0.36363636363634716,0.07619047619047624
ORACLE,176,0.8391774891774891,0.8391774891774891,0.0003020455633119308,0.00030204556331193066,0.8390274170274169,0.8369696969696969,0.8401298701298702,1.4727269618717145,1.6998334478071566,,0.029411764705881922,0.27272727272726033,0.0571428571428571
ORACLE,177,0.8391774891774891,0.8391774891774891,0.0002742946995622211,0.00027429469956222104,0.8390822510822511,0.8373593073593074,0.8401731601731601,1.4779227866198608,1.698429201988123,,0.0,0.31818181818180374,0.06666666666666667
ORACLE,178,0.8389610389610389,0.8389610389610389,0.0003351444906068705,0.0003351444906068705,0.8391399711399712,0.8365800865800865,0.8403896103896104,1.4797824150319387,1.6976900606574703,,0.04411764705882289,0.09090909090908679,0.01904761904761907
ORACLE,179,0.8391774891774891,0.8391774891774891,0.000319230313532563,0.0003192303135325629,0.8390505050505049,0.8371861471861471,0.8402597402597403,1.4775182562118356,1.6998204830525645,,0.0,0.31818181818180374,0.06666666666666665
ORACLE,180,0.8391341991341992,0.8391341991341992,0.0003016878494545257,0.0003016878494545255,0.8391082251082251,0.8372294372294372,0.8404329004329004,1.4793275965861268,1.700245177654168,,0.0,0.18181818181817358,0.0380952380952381
ORACLE,181,0.839004329004329,0.839004329004329,0.00025056897510772563,0.0002505689751077255,0.838914862914863,0.8374458874458874,0.83991341991342,1.48430603754944,1.7017623973991622,,0.029411764705881922,0.5454545454545207,0.11428571428571432
ORACLE,182,0.839004329004329,0.839004329004329,0.00026647106892108184,0.00026647106892108174,0.839059163059163,0.8375757575757575,0.83991341991342,1.477258433101475,1.698998162308936,,0.0,0.27272727272726033,0.057142857142857134
ORACLE,183,0.8391774891774891,0.8391774891774891,0.00026478653876563213,0.0002647865387656321,0.8391976911976913,0.8376190476190476,0.8401731601731601,1.4796582563726794,1.6998175144433076,,0.014705882352940961,0.36363636363634716,0.0761904761904762
ORACLE,184,0.839047619047619,0.839047619047619,0.00024849172516698434,0.0002484917251669843,0.8390793650793652,0.8373160173160173,0.8402597402597403,1.4815803058142627,1.7001344385417085,,0.014705882352940961,0.36363636363634716,0.0761904761904762
ORACLE,185,0.8394805194805195,0.8394805194805195,0.00024616298136635213,0.0002461629813663521,0.8391399711399712,0.8373593073593074,0.8404761904761905,1.4867754081141773,1.6988457520048406,,0.0,0.27272727272726033,0.05714285714285717
ORACLE,186,0.8393506493506494,0.8393506493506494,0.00022313226486372296,0.00022313226486372282,0.8390649350649351,0.8377056277056277,0.8403030303030303,1.4833965905561683,1.700718166631112,,0.0,0.45454545454543394,0.09523809523809526
ORACLE,187,0.839047619047619,0.839047619047619,0.0002357305810149037,0.0002357305810149036,0.8390909090909091,0.8377489177489178,0.8398268398268398,1.4775807848606888,1.699038479594418,,0.0,0.31818181818180374,0.06666666666666668
ORACLE,188,0.8391341991341992,0.8391341991341992,0.0002624638657051752,0.000262463865705175,0.839027417027417,0.8379653679653679,0.8398268398268398,1.4807483532924388,1.6985462463835628,,0.014705882352940961,0.27272727272726033,0.057142857142857176
ORACLE,189,0.8390909090909091,0.8390909090909091,0.00023352436196694368,0.00023352436196694365,0.8390533910533912,0.8381818181818181,0.8400865800865801,1.4855100333929006,1.699693500289926,,0.0,0.31818181818180374,0.06666666666666668
ORACLE,190,0.8390909090909091,0.8390909090909091,0.0002743778112101647,0.0002743778112101646,0.8391572871572871,0.8381385281385282,0.8403463203463204,1.4783532981016578,1.698086014873432,,0.0,0.13636363636363016,0.02857142857142856
ORACLE,191,0.8393073593073593,0.8393073593073593,0.0002794826750184529,0.00027948267501845276,0.8392582972582973,0.8380952380952381,0.8404329004329004,1.4759793024520915,1.698169477579072,,0.014705882352940961,0.18181818181817358,0.0380952380952381
ORACLE,192,0.8392207792207792,0.8392207792207792,0.00024660660862179913,0.0002466066086217991,0.8392063492063492,0.8382251082251082,0.8401731601731601,1.4842935350669497,1.698023872976834,,0.0,0.27272727272726033,0.05714285714285714
ORACLE,193,0.8393073593073593,0.8393073593073593,0.0002796462386974099,0.00027964623869740975,0.8393217893217891,0.8382251082251082,0.8403463203463204,1.4774737113009877,1.6993941989020154,,0.0,0.18181818181817358,0.038095238095238085
ORACLE,194,0.839004329004329,0.839004329004329,0.00028041463981252825,0.0002804146398125281,0.8391890331890332,0.838051948051948,0.8402164502164502,1.4733463997848422,1.6986738975087805,,0.029411764705881922,0.4090909090908905,0.08571428571428572
ORACLE,195,0.8391774891774891,0.8391774891774891,0.0002539748021896873,0.00025397480218968725,0.8391428571428571,0.8378354978354978,0.8401298701298702,1.476908952629311,1.6980736317109781,,0.014705882352940961,0.22727272727271697,0.047619047619047644
ORACLE,196,0.8391341991341992,0.8391341991341992,0.000246644718854269,0.0002466447188542689,0.8392813852813852,0.8379653679653679,0.8400865800865801,1.4849360483646163,1.699769030405978,,0.0,0.22727272727271697,0.04761904761904762
ORACLE,197,0.8393939393939394,0.8393939393939394,0.0002659745214678916,0.0002659745214678915,0.8392005772005772,0.8377056277056277,0.8405627705627705,1.4781565294394754,1.7012650019475137,,0.0,0.27272727272726033,0.057142857142857106
ORACLE,198,0.8392207792207792,0.8392207792207792,0.00025416087129941545,0.00025416087129941534,0.8392582972582974,0.8377489177489178,0.8401298701298702,1.4805505857410903,1.6989791192772097,,0.0,0.31818181818180374,0.06666666666666668
ORACLE,199,0.8391774891774891,0.8391774891774891,0.00023190249000323618,0.00023190249000323607,0.8391486291486292,0.8380952380952381,0.8401731601731601,1.475770921240282,1.699685978931827,,0.014705882352940961,0.36363636363634716,0.07619047619047617
IOS,0,0.7364935064935065,0.7364935064935065,0.08036150137481748,0.08036150137481747,0.573015873015873,0.19090909090909092,0.705021645021645,1.9925614227015895,2.288384905450035,,,,
IOS,1,0.7754545454545455,0.7754545454545455,0.11127943967843612,0.11127943967843605,0.6683751803751804,0.2905627705627706,0.7767532467532468,1.8088910605990034,2.2261165353221104,,,,
IOS,2,0.7888311688311689,0.7888311688311689,0.12100863604843906,0.12100863604843895,0.7152063492063493,0.40766233766233767,0.8055411255411256,1.730015472975015,2.1353555603906513,,,,
IOS,3,0.7930303030303031,0.7930303030303031,0.11222811640549253,0.11222811640549248,0.7435238095238096,0.5056709956709957,0.8124242424242424,1.668887764540027,2.0262189722178303,,,,
IOS,4,0.8051948051948052,0.8051948051948052,0.09926689970763267,0.09926689970763262,0.7665281385281387,0.5823809523809523,0.8217748917748918,1.6472563719872246,1.9624308359111153,,,,
IOS,5,0.8083116883116883,0.8083116883116883,0.08208988748207732,0.08208988748207725,0.7841385281385281,0.6565367965367965,0.8238095238095238,1.618744653081989,1.896337123030689,,,,
IOS,6,0.8107792207792208,0.8107792207792208,0.07083163825954789,0.07083163825954786,0.7920173160173161,0.6916450216450216,0.8271428571428572,1.5939777760044795,1.819240576398827,,,,
IOS,7,0.8129004329004329,0.8129004329004329,0.058052066281259466,0.058052066281259446,0.7990995670995672,0.7236796536796537,0.8261904761904761,1.5790426114307043,1.785580868374296,,,,
IOS,8,0.8141558441558442,0.8141558441558442,0.049689649203768116,0.049689649203768095,0.8024357864357865,0.7335497835497835,0.8301298701298702,1.5607884980278508,1.7534888463476472,,,,
IOS,9,0.8174025974025974,0.8174025974025974,0.04521980718014085,0.04521980718014083,0.8059999999999999,0.7479653679653679,0.8304761904761905,1.551800857965616,1.7303970384967617,,,,
IOS,10,0.8161904761904762,0.8161904761904762,0.04238781791474155,0.04238781791474154,0.8055786435786435,0.7553246753246753,0.82995670995671,1.53481255445206,1.7163622749359504,,,,
IOS,11,0.8165800865800866,0.8165800865800866,0.0406423607633679,0.04064236076336789,0.8066435786435786,0.76008658008658,0.8312554112554112,1.5205069348309164,1.712584260422541,,,,
IOS,12,0.8172727272727273,0.8172727272727273,0.03606380473635226,0.03606380473635225,0.8093506493506495,0.7641991341991342,0.8327272727272728,1.5092696577825295,1.7069764063789887,,,,
IOS,13,0.8172294372294372,0.8172294372294372,0.033647957320053726,0.033647957320053726,0.8103896103896104,0.7673160173160173,0.8325541125541126,1.5052369274950812,1.707050673267033,,,,
IOS,14,0.8167099567099567,0.8167099567099567,0.03259772129535035,0.032597721295350345,0.8104271284271284,0.7646320346320347,0.8344155844155844,1.50156237407819,1.706979642329292,,,,
IOS,15,0.8166233766233766,0.8166233766233766,0.028897989244494868,0.028897989244494864,0.8117431457431457,0.7673160173160173,0.8348051948051948,1.4970445944304451,1.7053039620033466,,,,
IOS,16,0.8181385281385282,0.8181385281385282,0.027021809761529972,0.027021809761529972,0.8126868686868688,0.770952380952381,0.8344155844155844,1.4932447109255933,1.7041011821725416,,,,
IOS,17,0.8205627705627706,0.8205627705627706,0.024881917963853143,0.024881917963853147,0.8152987012987013,0.7742857142857142,0.835930735930736,1.4901756864715416,1.6973703773714912,,,,
IOS,18,0.8201298701298702,0.8201298701298702,0.022899307665268317,0.022899307665268313,0.8154978354978355,0.7793939393939394,0.8353246753246754,1.4870325003727742,1.6990702741572015,,,,
IOS,19,0.8198268398268398,0.8198268398268398,0.02108078263518448,0.02108078263518447,0.8162510822510822,0.7818614718614718,0.8327705627705627,1.486765268497673,1.7006153940039206,,,,
IOS,20,0.8207792207792208,0.8207792207792208,0.019598881786823324,0.019598881786823313,0.817108225108225,0.7881385281385281,0.8328138528138528,1.488651516008111,1.6966251580715976,,,,
IOS,21,0.8201731601731602,0.8201731601731602,0.018399345000616636,0.018399345000616636,0.8164704184704183,0.7904329004329005,0.8356709956709957,1.4841197914024,1.6963707889972495,,,,
IOS,22,0.819004329004329,0.819004329004329,0.01703014622375284,0.017030146223752835,0.8159797979797979,0.7931601731601732,0.8327272727272728,1.4844590723415418,1.6994327615989187,,,,
IOS,23,0.8183116883116883,0.8183116883116883,0.01621322274112104,0.016213222741121035,0.8154920634920636,0.791038961038961,0.8335930735930736,1.4840651133274811,1.7040673662033923,,,,
IOS,24,0.8174025974025974,0.8174025974025974,0.015356294496708278,0.015356294496708278,0.8146695526695527,0.7929004329004329,0.831948051948052,1.4839776163943688,1.7036321243389891,,,,
IOS,25,0.814935064935065,0.814935064935065,0.014723828841548192,0.014723828841548194,0.8122712842712844,0.7933766233766234,0.8307792207792207,1.4780613499167208,1.7280960444420541,,,,
IOS,26,0.8128571428571428,0.8128571428571428,0.014165429505045738,0.014165429505045738,0.8107647907647909,0.7933333333333333,0.8278787878787879,1.4805247946016078,1.7219344806859629,,,,
IOS,27,0.8089177489177489,0.8089177489177489,0.012841568966557582,0.012841568966557583,0.8074025974025972,0.7935497835497836,0.8246753246753247,1.4734177585813946,1.7343220604872958,,,,
IOS,28,0.8063636363636364,0.8063636363636364,0.011299840223060412,0.011299840223060412,0.8055238095238095,0.793073593073593,0.8237229437229437,1.4788030204907276,1.745481667275032,,,,
IOS,29,0.8053679653679654,0.8053679653679654,0.009801320828078601,0.009801320828078604,0.8043290043290043,0.7922077922077922,0.8219047619047619,1.4764849754960827,1.7500200920553561,,,,
IOS,30,0.805064935064935,0.805064935064935,0.009028791882261475,0.009028791882261477,0.8036334776334777,0.791082251082251,0.8182251082251082,1.474138357524263,1.740853664232242,,,,
IOS,31,0.8034199134199134,0.8034199134199134,0.008446264788530212,0.00844626478853021,0.8024069264069265,0.7907359307359307,0.8145887445887446,1.4724842170233783,1.7418053764497694,,,,
IOS,32,0.8037662337662338,0.8037662337662338,0.00861822013961144,0.008618220139611436,0.8024098124098125,0.7908225108225109,0.8141558441558442,1.4715128093699263,1.740298696957161,,,,
IOS,33,0.8034199134199134,0.8034199134199134,0.00832652844275772,0.00832652844275772,0.8021125541125542,0.7893073593073593,0.8126406926406926,1.4712375966494198,1.7373777812953006,,,,
IOS,34,0.8021645021645022,0.8021645021645022,0.007828279372696088,0.007828279372696086,0.801203463203463,0.7874025974025974,0.8119047619047619,1.4710600032548875,1.7388652470164798,,,,
IOS,35,0.8012987012987013,0.8012987012987013,0.006994449493243715,0.006994449493243714,0.8005367965367965,0.787012987012987,0.8104761904761905,1.4698059236954757,1.7399041724803015,,,,
IOS,36,0.8008658008658008,0.8008658008658008,0.006355764093216538,0.006355764093216537,0.7993650793650794,0.7867532467532468,0.8111255411255411,1.4677806342616384,1.7525457831464961,,,,
IOS,37,0.799047619047619,0.799047619047619,0.006540026583427938,0.006540026583427936,0.7975613275613276,0.7848917748917749,0.8088744588744589,1.4665144814406623,1.7650303386324346,,,,
IOS,38,0.7980086580086581,0.7980086580086581,0.006200113312758357,0.006200113312758355,0.7966580086580087,0.7838095238095238,0.8069264069264069,1.4679907026298957,1.7680349335831091,,,,
IOS,39,0.7980086580086581,0.7980086580086581,0.0060776634689351655,0.006077663468935164,0.7971313131313131,0.785064935064935,0.8063203463203463,1.4676123000031687,1.7679137313905195,,,,
IOS,40,0.7970129870129871,0.7970129870129871,0.006188978611908434,0.006188978611908435,0.796176046176046,0.7842424242424243,0.8075757575757576,1.4659262849396033,1.7682752384043168,,,,
IOS,41,0.7963203463203463,0.7963203463203463,0.0056843702593183,0.005684370259318298,0.7953939393939394,0.782987012987013,0.806017316017316,1.4643292066018718,1.7687132652783832,,,,
IOS,42,0.7954978354978355,0.7954978354978355,0.005569459796439569,0.005569459796439568,0.7942106782106781,0.7824242424242425,0.8051948051948052,1.4634955299670505,1.7705658939356095,,,,
IOS,43,0.7945454545454546,0.7945454545454546,0.005486364168419342,0.0054863641684193415,0.7941962481962482,0.7834199134199135,0.8041125541125541,1.4613216215507707,1.7688125204898446,,,,
IOS,44,0.7934632034632034,0.7934632034632034,0.005318263331540951,0.005318263331540949,0.7929177489177488,0.7842857142857143,0.8037229437229437,1.4594642353280758,1.7705894343060415,,,,
IOS,45,0.7934199134199135,0.7934199134199135,0.005347499731233012,0.005347499731233013,0.7925598845598845,0.7823809523809524,0.8022943722943723,1.4589922395203279,1.771988226757132,,,,
IOS,46,0.7937229437229437,0.7937229437229437,0.005403985873723967,0.0054039858737239665,0.7930101010101009,0.7824242424242425,0.8033333333333333,1.4585835594513894,1.7734266576498905,,,,
IOS,47,0.7934632034632034,0.7934632034632034,0.005552441198406992,0.005552441198406991,0.7927272727272728,0.7816883116883117,0.8028138528138529,1.456498760012199,1.7741068797263007,,,,
IOS,48,0.7935497835497836,0.7935497835497836,0.005300940365861595,0.005300940365861594,0.7918816738816739,0.7809090909090909,0.8032034632034633,1.4566141230512366,1.774406359244931,,,,
IOS,49,0.7922077922077922,0.7922077922077922,0.005254849072356646,0.005254849072356644,0.7915151515151516,0.7806926406926407,0.8042424242424242,1.4532614631902718,1.7760314243778914,,,,
IOS,50,0.791082251082251,0.791082251082251,0.0048428467891861275,0.0048428467891861275,0.7905310245310244,0.7794805194805194,0.802987012987013,1.4538524078984063,1.777649089555256,,,,
IOS,51,0.79,0.79,0.004828519039631505,0.0048285190396315045,0.7895497835497837,0.7773593073593074,0.8017748917748918,1.4526881734195831,1.778631583460315,,,,
IOS,52,0.7890909090909091,0.7890909090909091,0.004715608293249232,0.004715608293249233,0.788911976911977,0.7775757575757576,0.801038961038961,1.451412189703978,1.7788797650883408,,,,
IOS,53,0.7887878787878788,0.7887878787878788,0.004544996598720362,0.0045449965987203605,0.7877691197691197,0.7764935064935065,0.8009090909090909,1.451108142622173,1.7779165767489187,,,,
IOS,54,0.7877922077922078,0.7877922077922078,0.004465349430322421,0.0044653494303224205,0.7868600288600288,0.7761038961038961,0.8002164502164503,1.4493895624323538,1.781665043521496,,,,
IOS,55,0.787056277056277,0.787056277056277,0.004312927103645365,0.004312927103645366,0.785933621933622,0.7753246753246753,0.7985714285714286,1.448831111585965,1.7814138335258112,,,,
IOS,56,0.7861904761904762,0.7861904761904762,0.004194726324995899,0.0041947263249958976,0.7852323232323233,0.775064935064935,0.7981385281385281,1.4485987179487114,1.7844604109025615,,,,
IOS,57,0.7856709956709956,0.7856709956709956,0.0039505442669921145,0.0039505442669921145,0.7845945165945167,0.7742857142857142,0.7963636363636364,1.4473996588928237,1.78600708942424,,,,
IOS,58,0.7850216450216451,0.7850216450216451,0.003989235898105128,0.003989235898105127,0.7837489177489178,0.7732467532467533,0.7945454545454546,1.447359605271482,1.7847490554629437,,,,
IOS,59,0.7845454545454545,0.7845454545454545,0.0038575257689571025,0.003857525768957103,0.7835468975468978,0.7730303030303031,0.7943722943722944,1.4499716681709496,1.784893115488076,,,,
IOS,60,0.7838528138528138,0.7838528138528138,0.0037951170627613263,0.003795117062761326,0.7829494949494951,0.7715584415584416,0.7948917748917749,1.4476283120723779,1.7858510358010933,,,,
IOS,61,0.7823376623376623,0.7823376623376623,0.003719503699862872,0.0037195036998628724,0.781939393939394,0.7711688311688312,0.7950216450216451,1.4461178203761225,1.7879137106313836,,,,
IOS,62,0.7812987012987013,0.7812987012987013,0.003567016105852366,0.0035670161058523665,0.781004329004329,0.7722943722943723,0.7931168831168831,1.4458998152623033,1.7874288394826112,,,,
IOS,63,0.7807792207792208,0.7807792207792208,0.003380650559660663,0.0033806505596606627,0.7806724386724386,0.7714718614718614,0.7925541125541126,1.448151724115049,1.790337811392201,,,,
IOS,64,0.7804329004329005,0.7804329004329005,0.0033735633861172623,0.003373563386117262,0.7798672438672439,0.7711255411255411,0.7921645021645022,1.446072399739426,1.7906523145748827,,,,
IOS,65,0.7797835497835498,0.7797835497835498,0.0032479722700884425,0.003247972270088442,0.7795584415584418,0.7711255411255411,0.7925108225108225,1.4450592916602716,1.793017948626559,,,,
IOS,66,0.7790476190476191,0.7790476190476191,0.0031407647427192553,0.0031407647427192545,0.7785743145743145,0.7709090909090909,0.7898268398268399,1.4441491146919259,1.7937149258852645,,,,
IOS,67,0.7785714285714286,0.7785714285714286,0.003169863627265741,0.0031698636272657404,0.778066378066378,0.7704761904761904,0.7896103896103897,1.4431344034078533,1.7958767908264082,,,,
IOS,68,0.7776623376623376,0.7776623376623376,0.0031138731744804957,0.0031138731744804957,0.7773708513708513,0.7702597402597403,0.788051948051948,1.4430293681800488,1.796089872664378,,,,
IOS,69,0.7768398268398269,0.7768398268398269,0.0030467990035936967,0.003046799003593696,0.776816738816739,0.7692640692640693,0.7871428571428571,1.442220352966001,1.7957202440028563,,,,
IOS,70,0.7762337662337663,0.7762337662337663,0.002778117117940523,0.0027781171179405225,0.775890331890332,0.7677922077922078,0.7858874458874459,1.442220180752511,1.7987758057608354,,,,
IOS,71,0.7756709956709956,0.7756709956709956,0.002798970146686818,0.0027989701466868172,0.7753391053391053,0.7671861471861472,0.7853246753246753,1.4419469619370124,1.7976125279602397,,,,
IOS,72,0.775064935064935,0.775064935064935,0.0029017458440594277,0.0029017458440594264,0.7747157287157287,0.7665367965367965,0.7844155844155845,1.4411562502077766,1.7994358561523054,,,,
IOS,73,0.7757575757575758,0.7757575757575758,0.0026954169144229926,0.0026954169144229917,0.774917748917749,0.7670995670995671,0.7837229437229437,1.4410485762585312,1.801198705524536,,,,
IOS,74,0.7745887445887446,0.7745887445887446,0.002758486790123103,0.002758486790123102,0.773945165945166,0.7659307359307359,0.7841991341991342,1.4404627735243518,1.801028096820513,,,,
IOS,75,0.7741991341991342,0.7741991341991342,0.0027390196394432662,0.0027390196394432654,0.7739595959595961,0.7659307359307359,0.7848484848484848,1.439669745837013,1.8005854480984251,,,,
IOS,76,0.7734632034632034,0.7734632034632034,0.002606637394169674,0.0026066373941696737,0.7733708513708515,0.7649350649350649,0.7828571428571428,1.4395962746727309,1.8018782553345793,,,,
IOS,77,0.7730303030303031,0.7730303030303031,0.0025218023914805932,0.002521802391480593,0.7725714285714285,0.7651515151515151,0.781948051948052,1.4392112092504368,1.8030107445393178,,,,
IOS,78,0.7721212121212121,0.7721212121212121,0.0025631302627925146,0.002563130262792514,0.772092352092352,0.7637229437229437,0.781948051948052,1.4390897968270993,1.803927969802562,,,,
IOS,79,0.7712987012987013,0.7712987012987013,0.002525332152907118,0.002525332152907118,0.7710591630591631,0.7638961038961039,0.7803896103896104,1.438873793697787,1.8044179628068253,,,,
IOS,80,0.7706926406926407,0.7706926406926407,0.002475192443261516,0.0024751924432615154,0.7703088023088024,0.7634632034632035,0.7803463203463203,1.4389863924214596,1.8043609831981529,,,,
IOS,81,0.7707359307359307,0.7707359307359307,0.002492549388609212,0.0024925493886092114,0.76997113997114,0.7623376623376623,0.7797835497835498,1.4383435602467163,1.8052823376678078,,,,
IOS,82,0.7698268398268399,0.7698268398268399,0.0025589026323920953,0.0025589026323920945,0.7695930735930737,0.7621645021645022,0.7794805194805194,1.4383408524268766,1.807765138892164,,,,
IOS,83,0.7694805194805194,0.7694805194805194,0.002494908364027259,0.002494908364027259,0.7690360750360751,0.7613852813852814,0.7787878787878788,1.4378963678173917,1.807616146297386,,,,
IOS,84,0.7691341991341991,0.7691341991341991,0.0023524762390183234,0.0023524762390183234,0.7687388167388167,0.7609523809523809,0.7781818181818182,1.4380043975548875,1.808574063077379,,,,
IOS,85,0.7687878787878788,0.7687878787878788,0.0023308834745816714,0.002330883474581671,0.7686955266955269,0.7617316017316017,0.7777489177489177,1.4377798588200337,1.8085019006293888,,,,
IOS,86,0.7683116883116883,0.7683116883116883,0.0022482279883042485,0.0022482279883042485,0.7685021645021646,0.7622510822510823,0.7771861471861472,1.4375030527292874,1.809476133609835,,,,
IOS,87,0.7682251082251083,0.7682251082251083,0.002216983926947253,0.0022169839269472525,0.7681010101010102,0.7624675324675325,0.7765800865800866,1.438017552053488,1.810518132596716,,,,
IOS,88,0.7680519480519481,0.7680519480519481,0.002262117600256155,0.002262117600256154,0.7675642135642134,0.7619047619047619,0.7767965367965368,1.4374519349350185,1.8098521496489333,,,,
IOS,89,0.7678787878787878,0.7678787878787878,0.0021756488474484474,0.002175648847448447,0.7669062049062048,0.7603896103896104,0.7747619047619048,1.437096246074609,1.80887061644155,,,,
IOS,90,0.7665800865800866,0.7665800865800866,0.0020760101611778706,0.00207601016117787,0.7661500721500722,0.7602164502164502,0.7741558441558442,1.4364166600453117,1.8128267763049344,,,,
IOS,91,0.7667965367965368,0.7667965367965368,0.002025241997141002,0.0020252419971410014,0.76595670995671,0.7599567099567099,0.7735497835497835,1.4361391100961527,1.8120332157393808,,,,
IOS,92,0.7663203463203463,0.7663203463203463,0.0020147357145581376,0.002014735714558137,0.7657806637806637,0.7592207792207792,0.7740259740259741,1.4353455792415726,1.8122543194039777,,,,
IOS,93,0.7663203463203463,0.7663203463203463,0.0018837857340409784,0.001883785734040978,0.7654487734487733,0.7598268398268399,0.7730303030303031,1.4359146820571642,1.8132329355225127,,,,
IOS,94,0.766017316017316,0.766017316017316,0.0018473744735820613,0.001847374473582061,0.7650707070707071,0.76008658008658,0.7728138528138528,1.4353068349451246,1.8133201302122428,,,,
IOS,95,0.7653679653679654,0.7653679653679654,0.0017791657352683521,0.001779165735268352,0.7647763347763347,0.7597835497835498,0.7725541125541125,1.4350006555817596,1.8138622614818884,,,,
IOS,96,0.7649350649350649,0.7649350649350649,0.0018001575311401064,0.0018001575311401064,0.7643001443001444,0.7585714285714286,0.772077922077922,1.4344792446554557,1.8144236128346132,,,,
IOS,97,0.7647619047619048,0.7647619047619048,0.001766514197812577,0.001766514197812577,0.7641702741702742,0.7576623376623377,0.7724675324675324,1.4340741325544581,1.8144526032983102,,,,
IOS,98,0.7642857142857142,0.7642857142857142,0.0016905279785346793,0.0016905279785346793,0.7639076479076479,0.756969696969697,0.7717316017316017,1.4350032032650346,1.8159927748077767,,,,
IOS,99,0.763982683982684,0.763982683982684,0.0016090577867035674,0.0016090577867035672,0.7637864357864359,0.7575757575757576,0.7715584415584416,1.4345512891140562,1.8168154109664323,,,,
IOS,100,0.764025974025974,0.764025974025974,0.0016181860462480607,0.001618186046248061,0.7633939393939394,0.7577489177489177,0.7706926406926407,1.434004550273921,1.8161497199161007,,,,
IOS,101,0.7635930735930736,0.7635930735930736,0.0015984614647140255,0.0015984614647140255,0.7631544011544011,0.7575757575757576,0.7707359307359307,1.4339317981091115,1.8174404685726688,,,,
IOS,102,0.7627705627705628,0.7627705627705628,0.0015807577554302565,0.0015807577554302569,0.7624819624819623,0.7568398268398269,0.7702164502164502,1.4332742377325771,1.8180903996760776,,,,
IOS,103,0.7620779220779221,0.7620779220779221,0.0016709169853451834,0.001670916985345183,0.7621298701298701,0.7561471861471861,0.7708225108225109,1.4315518938359921,1.819215996564902,,,,
IOS,104,0.7612121212121212,0.7612121212121212,0.0016331275194403612,0.001633127519440361,0.7614603174603175,0.7557575757575757,0.7697835497835498,1.4316680080568038,1.819959183648352,,,,
IOS,105,0.7606060606060606,0.7606060606060606,0.0016368243691849574,0.0016368243691849574,0.7609235209235209,0.754978354978355,0.7693506493506493,1.431312736386228,1.819682003298181,,,,
IOS,106,0.76008658008658,0.76008658008658,0.001599201947608043,0.0015992019476080426,0.7606753246753247,0.755021645021645,0.7685281385281385,1.430842230418218,1.8209969003680735,,,,
IOS,107,0.7602597402597403,0.7602597402597403,0.001583993621843231,0.001583993621843231,0.7604415584415584,0.7541991341991342,0.7681818181818182,1.430889479543299,1.8208086462917126,,,,
IOS,108,0.7600432900432901,0.7600432900432901,0.0014875061630622802,0.0014875061630622802,0.760008658008658,0.7548051948051948,0.7667532467532467,1.4309383015805284,1.8225433476699138,,,,
IOS,109,0.7599567099567099,0.7599567099567099,0.0013792179776788596,0.0013792179776788594,0.7600490620490619,0.754891774891775,0.7672294372294373,1.4314919713661705,1.8225996681533156,,,,
IOS,110,0.7595238095238095,0.7595238095238095,0.0014141167140807893,0.0014141167140807888,0.7597316017316018,0.7542857142857143,0.7674025974025974,1.4311701910765315,1.8213999858444545,,,,
IOS,111,0.7593939393939394,0.7593939393939394,0.0014131085252439798,0.0014131085252439798,0.7596709956709956,0.7538961038961038,0.7677056277056277,1.4305964112010814,1.8209162486370492,,,,
IOS,112,0.7594372294372295,0.7594372294372295,0.001406625882670392,0.001406625882670392,0.7596363636363637,0.7541125541125541,0.7674458874458875,1.4308762799264387,1.8219166242293934,,,,
IOS,113,0.7594805194805195,0.7594805194805195,0.0013568378685329878,0.0013568378685329878,0.7595266955266955,0.7543722943722944,0.7665367965367965,1.4307539298787364,1.8218595610766017,,,,
IOS,114,0.7588311688311689,0.7588311688311689,0.0013530145516541688,0.0013530145516541683,0.7594776334776334,0.7540692640692641,0.7673160173160173,1.4303438624570435,1.8223448802758546,,,,
IOS,115,0.7593939393939394,0.7593939393939394,0.0013011160839199731,0.001301116083919973,0.7594949494949493,0.7543290043290043,0.7666666666666667,1.430960638848322,1.8213752783940225,,,,
IOS,116,0.7592207792207792,0.7592207792207792,0.001255014627636172,0.0012550146276361716,0.7593362193362193,0.7547619047619047,0.7666233766233767,1.4309667355534903,1.8209357710535081,,,,
IOS,117,0.7587445887445887,0.7587445887445887,0.0012804765374969788,0.0012804765374969786,0.7593015873015874,0.7540692640692641,0.7667965367965368,1.4315012801020277,1.8210633802556317,,,,
IOS,118,0.7591774891774892,0.7591774891774892,0.0012935541684542847,0.0012935541684542845,0.7593795093795094,0.7541991341991342,0.766969696969697,1.4312126160728562,1.8224062550364917,,,,
IOS,119,0.7589177489177489,0.7589177489177489,0.0012602819065826135,0.001260281906582613,0.7591572871572869,0.7532900432900433,0.7669264069264069,1.4306598111212476,1.8216618222735397,,,,
IOS,120,0.7583982683982684,0.7583982683982684,0.0012833949295149305,0.00128339492951493,0.7588455988455988,0.7534632034632035,0.7664502164502165,1.4307032501114236,1.8221724859593027,,,,
IOS,121,0.7583982683982684,0.7583982683982684,0.0012924082273380356,0.0012924082273380354,0.7587099567099567,0.7534199134199134,0.7666233766233767,1.4308562184758589,1.8222790713565844,,,,
IOS,122,0.758095238095238,0.758095238095238,0.001271991399297958,0.001271991399297958,0.7582539682539682,0.7528571428571429,0.7654545454545455,1.4305286572821143,1.8232480795347883,,,,
IOS,123,0.7574458874458875,0.7574458874458875,0.001246502232434088,0.0012465022324340883,0.757968253968254,0.7525541125541125,0.7655411255411255,1.4306480626600995,1.8240900843799037,,,,
IOS,124,0.7572294372294373,0.7572294372294373,0.0012161547881625132,0.0012161547881625128,0.7575324675324675,0.7523809523809524,0.7648484848484849,1.4304680695864675,1.8243458657847873,,,,
IOS,125,0.756969696969697,0.756969696969697,0.001176057639912225,0.0011760576399122247,0.7573708513708513,0.7524242424242424,0.7641558441558441,1.4301247765201197,1.8241120610565418,,,,
IOS,126,0.7566666666666667,0.7566666666666667,0.00115386777563218,0.0011538677756321796,0.7567821067821067,0.7513419913419913,0.7638528138528139,1.4298008948397114,1.8251312626126253,,,,
IOS,127,0.7563203463203463,0.7563203463203463,0.0010790594740803414,0.0010790594740803412,0.7563751803751803,0.7517748917748918,0.7635064935064935,1.430058130554446,1.8256180116184078,,,,
IOS,128,0.756017316017316,0.756017316017316,0.00107257004364077,0.0010725700436407697,0.7563722943722944,0.7516450216450217,0.7631601731601731,1.4299638318691248,1.8261010080207103,,,,
IOS,129,0.7558441558441559,0.7558441558441559,0.0010799649435054026,0.0010799649435054026,0.755948051948052,0.7510822510822511,0.7629004329004329,1.429597854179978,1.8275172763726646,,,,
IOS,130,0.7554545454545455,0.7554545454545455,0.001062063559589271,0.0010620635595892708,0.7555844155844157,0.7507359307359307,0.7630735930735931,1.4294474399055006,1.826049631635623,,,,
IOS,131,0.7550649350649351,0.7550649350649351,0.000981488823065589,0.0009814888230655888,0.7553160173160172,0.7509090909090909,0.7615584415584415,1.4292639006278522,1.8274314185835965,,,,
IOS,132,0.7548484848484849,0.7548484848484849,0.0010168369942252173,0.001016836994225217,0.7551313131313132,0.7501298701298701,0.7621212121212121,1.4292837519226858,1.8275082216057976,,,,
IOS,133,0.7549350649350649,0.7549350649350649,0.0009813613034222787,0.0009813613034222784,0.7553593073593075,0.7502164502164502,0.7616883116883116,1.4289434297796406,1.827864687039656,,,,
IOS,134,0.7545887445887446,0.7545887445887446,0.0009784480451345914,0.0009784480451345912,0.7548513708513708,0.7493073593073593,0.7616450216450217,1.428692389912486,1.8298299826030993,,,,
IOS,135,0.7547619047619047,0.7547619047619047,0.0009319312726493879,0.0009319312726493875,0.7549206349206349,0.7501298701298701,0.7614718614718615,1.429892579546207,1.829124793056027,,,,
IOS,136,0.7548484848484849,0.7548484848484849,0.0009608558385177031,0.000960855838517703,0.7549292929292929,0.7496536796536797,0.7614285714285715,1.4284610879016708,1.8295568602340049,,,,
IOS,137,0.7548484848484849,0.7548484848484849,0.0009829435113887562,0.0009829435113887564,0.7547561327561328,0.7497402597402597,0.7616883116883116,1.4283363546048358,1.829844573033716,,,,
IOS,138,0.754891774891775,0.754891774891775,0.0009622882057539063,0.0009622882057539059,0.7546378066378067,0.7499567099567099,0.7612121212121212,1.4288580452037414,1.8293770220135155,,,,
IOS,139,0.7552813852813853,0.7552813852813853,0.0009749327705030736,0.0009749327705030736,0.7547590187590189,0.7507359307359307,0.7612121212121212,1.4282611403111152,1.8285180283211495,,,,
IOS,140,0.7550649350649351,0.7550649350649351,0.0009790821385100346,0.0009790821385100344,0.7544588744588744,0.75,0.7609523809523809,1.4281798204165543,1.8285537679987431,,,,
IOS,141,0.7545887445887446,0.7545887445887446,0.0009528463664135402,0.0009528463664135397,0.754152958152958,0.7491774891774892,0.7603896103896104,1.4276466282994393,1.8287914291939096,,,,
IOS,142,0.7541558441558441,0.7541558441558441,0.0009215904514419663,0.0009215904514419662,0.7539740259740261,0.7490476190476191,0.76008658008658,1.4278641286183724,1.8289747139138155,,,,
IOS,143,0.7541125541125541,0.7541125541125541,0.0009350432735958272,0.0009350432735958272,0.7537460317460317,0.7491341991341991,0.7605194805194805,1.4274693561004814,1.8293307962092662,,,,
IOS,144,0.7538528138528139,0.7538528138528139,0.0009149436381358345,0.0009149436381358344,0.7536854256854257,0.7490476190476191,0.76,1.4277865287652403,1.8297620592439499,,,,
IOS,145,0.7534199134199134,0.7534199134199134,0.0009151725903558865,0.0009151725903558863,0.7533217893217893,0.7489177489177489,0.7595670995670996,1.4278186342837116,1.8295656443294634,,,,
IOS,146,0.7531601731601731,0.7531601731601731,0.0008806195681618108,0.0008806195681618106,0.7531601731601733,0.7485281385281385,0.7596103896103896,1.4278018948463393,1.829317555172198,,,,
IOS,147,0.7532900432900433,0.7532900432900433,0.0008272584168409077,0.0008272584168409078,0.7530418470418472,0.7481385281385281,0.759090909090909,1.4283215710233432,1.830156212198153,,,,
IOS,148,0.7535930735930736,0.7535930735930736,0.0007990569928256682,0.0007990569928256682,0.7531053391053392,0.7483982683982684,0.7587878787878788,1.4280323135182103,1.8301337633945611,,,,
IOS,149,0.7535497835497835,0.7535497835497835,0.0007947845654657032,0.000794784565465703,0.7529812409812409,0.7486147186147186,0.7589177489177489,1.4279598147149777,1.83079150106044,,,,
IOS,150,0.7534199134199134,0.7534199134199134,0.0007740291622637222,0.0007740291622637222,0.7528398268398269,0.7481818181818182,0.7587012987012987,1.4275604147963223,1.8304165055920905,,,,
IOS,151,0.753030303030303,0.753030303030303,0.000748938607958203,0.000748938607958203,0.7524848484848484,0.7482683982683983,0.7582251082251082,1.4279037857771368,1.8305852880554228,,,,
IOS,152,0.7528138528138528,0.7528138528138528,0.0007455708064664168,0.0007455708064664166,0.7525772005772005,0.7483549783549783,0.7587878787878788,1.4281264072160385,1.8304316607699076,,,,
IOS,153,0.7524675324675325,0.7524675324675325,0.0007383196835449153,0.0007383196835449152,0.7521500721500722,0.748008658008658,0.7580519480519481,1.4276292410159481,1.8308001390095083,,,,
IOS,154,0.7525974025974026,0.7525974025974026,0.000721774013807367,0.0007217740138073669,0.7521962481962483,0.7476623376623377,0.758008658008658,1.427416807500254,1.831130359717904,,,,
IOS,155,0.7525108225108225,0.7525108225108225,0.000695538053718024,0.0006955380537180238,0.751979797979798,0.7477056277056277,0.7579220779220779,1.4271471939149243,1.8314312008580107,,,,
IOS,156,0.751991341991342,0.751991341991342,0.0007156852005076428,0.0007156852005076428,0.7516075036075036,0.7475324675324675,0.7574025974025974,1.4266432173353567,1.8321171300662957,,,,
IOS,157,0.7519047619047619,0.7519047619047619,0.000693886451020063,0.0006938864510200629,0.7514545454545455,0.7477489177489177,0.7571861471861472,1.426323230512647,1.831756811141755,,,,
IOS,158,0.7518181818181818,0.7518181818181818,0.0007197658513124179,0.0007197658513124178,0.7514689754689754,0.7472727272727273,0.757099567099567,1.4262485081244742,1.8329551402539945,,,,
IOS,159,0.7516450216450217,0.7516450216450217,0.0007231287667453924,0.0007231287667453923,0.7512727272727274,0.746969696969697,0.757099567099567,1.4260780754911908,1.8335232656831635,,,,
IOS,160,0.7513419913419913,0.7513419913419913,0.0007022250393578104,0.0007022250393578103,0.7512525252525253,0.7468831168831169,0.7572294372294373,1.4260550217007972,1.8332697372986333,,,,
IOS,161,0.7512987012987012,0.7512987012987012,0.0007015659129265585,0.0007015659129265584,0.7512121212121212,0.7473593073593073,0.7569264069264069,1.4257851505583032,1.8340466642379099,,,,
IOS,162,0.7517316017316017,0.7517316017316017,0.0006510239766084729,0.0006510239766084728,0.751099567099567,0.7471861471861472,0.7562337662337663,1.4258756961491756,1.8333649773530203,,,,
IOS,163,0.7510389610389611,0.7510389610389611,0.0006764768100360373,0.0006764768100360371,0.7509552669552668,0.7463636363636363,0.7567965367965368,1.4253650916773128,1.833543520591054,,,,
IOS,164,0.7509523809523809,0.7509523809523809,0.0006875346986811318,0.0006875346986811319,0.7508253968253968,0.7465800865800866,0.7567965367965368,1.4255568290350753,1.833719465602959,,,,
IOS,165,0.7511688311688312,0.7511688311688312,0.000668968488721109,0.000668968488721109,0.7508860028860028,0.7464935064935065,0.7569264069264069,1.425477306483335,1.8339116225975107,,,,
IOS,166,0.7507359307359307,0.7507359307359307,0.0006774222447107868,0.0006774222447107867,0.7506695526695527,0.7464935064935065,0.7565367965367965,1.4254568224914912,1.8340803620879427,,,,
IOS,167,0.7507792207792208,0.7507792207792208,0.0006615307829948701,0.0006615307829948699,0.7505165945165946,0.7463636363636363,0.7563636363636363,1.425779144439342,1.8339316464332933,,,,
IOS,168,0.7503896103896104,0.7503896103896104,0.0006489135453773011,0.0006489135453773011,0.7501760461760462,0.7458874458874459,0.7563203463203463,1.4254375817375164,1.8333868361171248,,,,
IOS,169,0.7500865800865801,0.7500865800865801,0.0006636849783815102,0.00066368497838151,0.750164502164502,0.7456277056277056,0.756017316017316,1.4249923341068842,1.8342467853596278,,,,
IOS,170,0.75,0.75,0.0006353310157172661,0.0006353310157172661,0.7503088023088023,0.7461471861471861,0.7562770562770563,1.424969262571026,1.8344296982058668,,,,
IOS,171,0.7498701298701299,0.7498701298701299,0.000621714290637085,0.0006217142906370851,0.7502626262626263,0.7463203463203463,0.7561038961038961,1.425321921808145,1.8349311229151724,,,,
IOS,172,0.7498701298701299,0.7498701298701299,0.0006082135260246483,0.0006082135260246481,0.7502886002886003,0.7467099567099567,0.756017316017316,1.4251660445556906,1.8345979520618145,,,,
IOS,173,0.7497402597402597,0.7497402597402597,0.0005951344937302476,0.0005951344937302475,0.749968253968254,0.7461471861471861,0.7553246753246753,1.4251236878359894,1.835355135340821,,,,
IOS,174,0.7496103896103896,0.7496103896103896,0.0005931736440770697,0.0005931736440770697,0.7498470418470419,0.746017316017316,0.7553679653679654,1.4253821781131086,1.8355337091046182,,,,
IOS,175,0.7499567099567099,0.7499567099567099,0.0005858816837657686,0.0005858816837657683,0.7498614718614718,0.7461471861471861,0.7551082251082251,1.4251678965649188,1.834996483640488,,,,
IOS,176,0.7498268398268398,0.7498268398268398,0.0005919858378479284,0.0005919858378479284,0.7499163059163059,0.7464502164502165,0.7551948051948052,1.425261254389281,1.8343893844254127,,,,
IOS,177,0.7496103896103896,0.7496103896103896,0.0005871033527369003,0.0005871033527369001,0.7497056277056278,0.7451948051948052,0.7545887445887446,1.4253761766361632,1.8340777830059787,,,,
IOS,178,0.7497402597402597,0.7497402597402597,0.0005822490149504527,0.0005822490149504525,0.7497287157287159,0.7461038961038962,0.755021645021645,1.4253889880500161,1.8344690873762048,,,,
IOS,179,0.7501298701298701,0.7501298701298701,0.0005631428092954272,0.0005631428092954271,0.7497979797979799,0.7465800865800866,0.7545887445887446,1.4254967119199895,1.8341386541196523,,,,
IOS,180,0.7491774891774892,0.7491774891774892,0.0005132677161550572,0.0005132677161550571,0.7493477633477633,0.7458874458874459,0.754891774891775,1.425160928093283,1.8346873983630851,,,,
IOS,181,0.7493939393939394,0.7493939393939394,0.00044397549986378496,0.0004439754998637848,0.7493910533910534,0.7458008658008658,0.7542424242424243,1.4249053180621065,1.834414662259694,,,,
IOS,182,0.7495670995670995,0.7495670995670995,0.0004331854629134826,0.00043318546291348255,0.7493448773448773,0.7454545454545455,0.7538961038961038,1.4246344425329045,1.8346070734323823,,,,
IOS,183,0.7492640692640693,0.7492640692640693,0.00041967300544911644,0.00041967300544911633,0.7492582972582973,0.7452380952380953,0.7536363636363637,1.4244237810252065,1.8355670708596028,,,,
IOS,184,0.7493939393939394,0.7493939393939394,0.00042623116881765187,0.00042623116881765176,0.7493881673881673,0.7453679653679653,0.7535497835497835,1.424057970967762,1.8354860391744403,,,,
IOS,185,0.749004329004329,0.749004329004329,0.0003942552704827321,0.0003942552704827321,0.7491111111111111,0.7458008658008658,0.7538095238095238,1.4242806484350454,1.8349134472903073,,,,
IOS,186,0.7490909090909091,0.7490909090909091,0.0004106930060230468,0.0004106930060230467,0.7492813852813853,0.7453679653679653,0.7541558441558441,1.4239169354172632,1.8315577624490986,,,,
IOS,187,0.7492640692640693,0.7492640692640693,0.0004580679924182219,0.0004580679924182218,0.7491370851370852,0.744978354978355,0.7542857142857143,1.4235210210958336,1.8343573747588597,,,,
IOS,188,0.7492207792207792,0.7492207792207792,0.0004636468340832333,0.0004636468340832334,0.749131313131313,0.7454112554112554,0.7535497835497835,1.423754572808982,1.834478872367573,,,,
IOS,189,0.7491774891774892,0.7491774891774892,0.00047624658232170555,0.0004762465823217055,0.7491111111111111,0.7453246753246753,0.7538961038961038,1.4235854841574929,1.835063584482826,,,,
IOS,190,0.7491341991341991,0.7491341991341991,0.0004696720862599082,0.0004696720862599082,0.749018759018759,0.7453246753246753,0.7537662337662338,1.423364821755556,1.8351403149213654,,,,
IOS,191,0.7489610389610389,0.7489610389610389,0.0004691205049008523,0.00046912050490085226,0.7486551226551227,0.7447619047619047,0.7535930735930736,1.4236827188471088,1.8355024635369657,,,,
IOS,192,0.7488744588744589,0.7488744588744589,0.00048078145394338175,0.0004807814539433818,0.7487099567099567,0.744978354978355,0.7532900432900433,1.4237537982013804,1.8358826283484875,,,,
IOS,193,0.7489177489177489,0.7489177489177489,0.0004874333192355782,0.00048743331923557814,0.7486118326118326,0.745021645021645,0.7535930735930736,1.423862862431598,1.8366195995662324,,,,
IOS,194,0.7489610389610389,0.7489610389610389,0.0004888018480492211,0.0004888018480492211,0.7486666666666666,0.7445887445887446,0.7535930735930736,1.423699893224711,1.8363711962810538,,,,
IOS,195,0.7488311688311688,0.7488311688311688,0.00048256908044652907,0.000482569080446529,0.7486262626262626,0.745108225108225,0.7533766233766234,1.423710650582673,1.836467692957838,,,,
IOS,196,0.7487012987012988,0.7487012987012988,0.0004900808614155956,0.0004900808614155955,0.7484617604617604,0.7445021645021646,0.7533766233766234,1.4234691958893106,1.8366023911817686,,,,
IOS,197,0.749004329004329,0.749004329004329,0.00047959230850747416,0.0004795923085074741,0.7483982683982685,0.7445454545454545,0.7531601731601731,1.423672623268056,1.836660161363673,,,,
IOS,198,0.7487012987012988,0.7487012987012988,0.00048311025148921956,0.00048311025148921956,0.7482972582972583,0.7446753246753247,0.753030303030303,1.4235383317356969,1.8368277038909904,,,,
IOS,199,0.7484848484848485,0.7484848484848485,0.00045777464901294927,0.00045777464901294927,0.748063492063492,0.7446320346320346,0.7528138528138528,1.4234646285560328,1.8366087228899988,,,,
SCC,0,0.7655411255411255,0.7655411255411255,0.21310756810561102,0.21310756810561096,0.41850216450216454,0.29753246753246754,0.5113852813852814,1.468376112045282,2.0516842629069867,,,,
SCC,1,0.7887445887445887,0.7887445887445887,0.35773915832563824,0.3577391583256382,0.49126118326118323,0.3387878787878788,0.5954545454545455,1.2115106472621051,1.9178627026565007,,,,
SCC,2,0.8035064935064935,0.8035064935064935,0.4237211151461427,0.42372111514614275,0.5460606060606061,0.3751515151515151,0.6616017316017316,1.126903912211043,1.8357719532890855,,,,
SCC,3,0.8089177489177489,0.8089177489177489,0.43469175619708994,0.4346917561970897,0.592961038961039,0.4279220779220779,0.7048917748917749,1.0828366946334531,1.781623682661101,,,,
SCC,4,0.817012987012987,0.817012987012987,0.41613788530350343,0.41613788530350326,0.6301702741702743,0.47255411255411256,0.7371428571428571,1.0676519562545885,1.7354552117776787,,,,
SCC,5,0.8201731601731602,0.8201731601731602,0.3790601481647096,0.37906014816470945,0.6678730158730158,0.5345021645021645,0.7734199134199135,1.0615108626123004,1.698229453336305,,,,
SCC,6,0.8234632034632035,0.8234632034632035,0.34260183964970226,0.34260183964970226,0.6961096681096681,0.5746753246753247,0.7944588744588744,1.059224754871343,1.679767147567397,,,,
SCC,7,0.824025974025974,0.824025974025974,0.29031925176188556,0.29031925176188544,0.722170274170274,0.6311255411255411,0.8109090909090909,1.0824758601350966,1.6772886882170281,,,,
SCC,8,0.8244155844155844,0.8244155844155844,0.24662937888292033,0.24662937888292027,0.7427532467532468,0.6686580086580086,0.8257142857142857,1.099266883093863,1.684605040782889,,,,
SCC,9,0.8266233766233766,0.8266233766233766,0.20420725961852534,0.20420725961852523,0.7628658008658008,0.7050649350649351,0.8335497835497836,1.113641157556747,1.682828930034507,,,,
SCC,10,0.8248484848484848,0.8248484848484848,0.1681515314417906,0.1681515314417905,0.77597113997114,0.7206926406926407,0.8392640692640693,1.1357294885752047,1.6848126224611373,,,,
SCC,11,0.8236363636363636,0.8236363636363636,0.1316139782198605,0.1316139782198605,0.7874574314574314,0.7360606060606061,0.8437229437229438,1.1801547713713894,1.6977508047347154,,,,
SCC,12,0.8245887445887445,0.8245887445887445,0.10164966793731037,0.10164966793731035,0.7976652236652236,0.7530735930735931,0.8477489177489177,1.202263282194266,1.7074383536691653,,,,
SCC,13,0.8229004329004329,0.8229004329004329,0.07748417525535392,0.0774841752553539,0.8034862914862914,0.7599567099567099,0.8496103896103896,1.2404445991288828,1.7211756747889326,,,,
SCC,14,0.8216450216450216,0.8216450216450216,0.059665862796145566,0.05966586279614554,0.807145743145743,0.7645887445887446,0.8480952380952381,1.2719148325423808,1.7284328430427658,,,,
SCC,15,0.8203030303030303,0.8203030303030303,0.043156737314315984,0.04315673731431596,0.8101298701298701,0.7743290043290043,0.847922077922078,1.308071503798911,1.7406437022166887,,,,
SCC,16,0.8183549783549784,0.8183549783549784,0.029817971268530724,0.02981797126853072,0.8116652236652235,0.7786580086580086,0.840952380952381,1.356666196597563,1.741883140176981,,,,
SCC,17,0.8177056277056277,0.8177056277056277,0.020319514472539966,0.020319514472539962,0.8140288600288602,0.7828571428571428,0.8367965367965368,1.386564389376677,1.7428251092921216,,,,
SCC,18,0.8151948051948052,0.8151948051948052,0.013951368080961904,0.013951368080961903,0.8125050505050506,0.7891341991341991,0.8285714285714286,1.4175728484629535,1.7544458046044598,,,,
SCC,19,0.8129004329004329,0.8129004329004329,0.010360266779968824,0.01036026677996882,0.8113102453102452,0.7913419913419913,0.8266233766233766,1.447392484869086,1.7586491005040163,,,,
SCC,20,0.8127705627705628,0.8127705627705628,0.007488358108375321,0.007488358108375318,0.8113564213564214,0.7937662337662338,0.8224675324675325,1.485722456173374,1.7563956102450644,,,,
SCC,21,0.8122943722943723,0.8122943722943723,0.0061889756243638004,0.006188975624363797,0.8106493506493507,0.793939393939394,0.8236363636363636,1.5121908849399517,1.7580796703159376,,,,
SCC,22,0.8102597402597402,0.8102597402597402,0.005187025020660302,0.005187025020660302,0.8085367965367968,0.7938095238095239,0.8193506493506494,1.5142039551900701,1.7615768388909667,,,,
SCC,23,0.8074891774891775,0.8074891774891775,0.004626947796683252,0.004626947796683251,0.8066118326118327,0.7908225108225109,0.8187445887445888,1.511204764177838,1.7648068163083193,,,,
SCC,24,0.8065800865800866,0.8065800865800866,0.004203689995034806,0.004203689995034806,0.8056450216450217,0.7916883116883117,0.8172727272727273,1.5074477978945864,1.7644579844022448,,,,
SCC,25,0.8054545454545454,0.8054545454545454,0.004048445201941668,0.004048445201941669,0.8048051948051946,0.7916883116883117,0.8164935064935065,1.5050797100331246,1.7664075148236835,,,,
SCC,26,0.8032900432900433,0.8032900432900433,0.0037169888572524956,0.0037169888572524943,0.8033766233766233,0.7896969696969697,0.8135064935064935,1.5013619313969275,1.7664707099141181,,,,
SCC,27,0.8026839826839827,0.8026839826839827,0.003439582729379797,0.0034395827293797958,0.8019538239538239,0.7897402597402597,0.8116883116883117,1.4992790138685883,1.765190704898198,,,,
SCC,28,0.8015151515151515,0.8015151515151515,0.0031411492177821528,0.003141149217782152,0.8008196248196248,0.7893073593073593,0.8111255411255411,1.4972742545194349,1.7675382910012987,,,,
SCC,29,0.80004329004329,0.80004329004329,0.002980716580789245,0.002980716580789244,0.7994430014430013,0.7875757575757576,0.8086147186147186,1.4963061190714404,1.7702434501408881,,,,
SCC,30,0.7994805194805195,0.7994805194805195,0.0028886097174883755,0.0028886097174883755,0.7987041847041847,0.7873160173160173,0.8080952380952381,1.4903529032236884,1.7719303162329245,,,,
SCC,31,0.7978354978354978,0.7978354978354978,0.0027170031315575296,0.0027170031315575296,0.7973881673881673,0.7867532467532468,0.8064069264069265,1.4896345999745533,1.7725314668998382,,,,
SCC,32,0.7981385281385281,0.7981385281385281,0.0027392501116897806,0.0027392501116897793,0.7974199134199134,0.7873160173160173,0.8056277056277056,1.486580862192574,1.7714611992879008,,,,
SCC,33,0.7976623376623376,0.7976623376623376,0.002556245847468219,0.0025562458474682184,0.7973621933621934,0.7856277056277057,0.8065800865800866,1.486114040344269,1.7717077506570114,,,,
SCC,34,0.7962770562770562,0.7962770562770562,0.0024732540024458515,0.0024732540024458515,0.7958297258297259,0.7843722943722944,0.8046320346320346,1.483826025117487,1.773367374218728,,,,
SCC,35,0.7952813852813853,0.7952813852813853,0.0022344814348016087,0.0022344814348016083,0.7950360750360751,0.7846753246753246,0.802943722943723,1.4833111690130365,1.7737017591255975,,,,
SCC,36,0.7948484848484848,0.7948484848484848,0.002157299024178788,0.002157299024178787,0.7945887445887447,0.7842857142857143,0.8025108225108225,1.481781669186762,1.7732948718650572,,,,
SCC,37,0.7941125541125541,0.7941125541125541,0.0020956947839297878,0.0020956947839297878,0.7936132756132758,0.7831601731601732,0.8018614718614718,1.4812216877255995,1.7755835920499359,,,,
SCC,38,0.7936363636363636,0.7936363636363636,0.00197784475480543,0.00197784475480543,0.7932121212121211,0.7826406926406927,0.8012987012987013,1.483359988030523,1.7742262951472196,,,,
SCC,39,0.793073593073593,0.793073593073593,0.001948416240826707,0.0019484162408267068,0.7927849927849927,0.7834632034632034,0.8005194805194805,1.4822380706298368,1.7748962395306578,,,,
SCC,40,0.7924242424242425,0.7924242424242425,0.0018257229873402184,0.001825722987340218,0.7925252525252525,0.782987012987013,0.8000865800865801,1.4802451695836636,1.7760336766994103,,,,
SCC,41,0.7923376623376623,0.7923376623376623,0.0017704764887233873,0.0017704764887233864,0.7920577200577201,0.7816450216450217,0.80004329004329,1.478875331378555,1.7765638984240364,,,,
SCC,42,0.7928138528138529,0.7928138528138529,0.0017558528135077887,0.0017558528135077885,0.792011544011544,0.7809090909090909,0.8004329004329004,1.4792460513260595,1.7767598149241426,,,,
SCC,43,0.793073593073593,0.793073593073593,0.0016658255826718016,0.0016658255826718011,0.7923665223665223,0.7829004329004329,0.7993073593073593,1.4778638724528739,1.7749186872176226,,,,
SCC,44,0.7918181818181819,0.7918181818181819,0.0015584911787441358,0.001558491178744135,0.7914343434343434,0.7828138528138529,0.7982251082251082,1.4759536222925658,1.7755129673721117,,,,
SCC,45,0.7916883116883117,0.7916883116883117,0.0015480209462248782,0.0015480209462248777,0.7911746031746033,0.7822077922077922,0.797965367965368,1.4771858449877064,1.776387114716287,,,,
SCC,46,0.7916883116883117,0.7916883116883117,0.0014583132980636653,0.001458313298063665,0.7910966810966811,0.782077922077922,0.7980086580086581,1.4764071750721044,1.7773868042109011,,,,
SCC,47,0.7905627705627706,0.7905627705627706,0.0014233258922605682,0.0014233258922605682,0.7904502164502163,0.7822077922077922,0.7972727272727272,1.475345731428677,1.777112074308187,,,,
SCC,48,0.7906926406926407,0.7906926406926407,0.0013378191104926277,0.0013378191104926275,0.7902077922077925,0.7806060606060606,0.7976190476190477,1.475436261703688,1.7772769412296887,,,,
SCC,49,0.7905627705627706,0.7905627705627706,0.0012909511270211029,0.0012909511270211029,0.7901443001443001,0.781082251082251,0.797965367965368,1.4731295975532979,1.7780025124294006,,,,
SCC,50,0.7904329004329005,0.7904329004329005,0.0012484341410960024,0.0012484341410960024,0.7895988455988454,0.7801298701298701,0.797056277056277,1.474055371772319,1.779989968658748,,,,
SCC,51,0.7895670995670996,0.7895670995670996,0.0012449878887273436,0.0012449878887273432,0.7891053391053391,0.7788744588744588,0.7966666666666666,1.4719934593385897,1.779670991244498,,,,
SCC,52,0.7897402597402597,0.7897402597402597,0.0011817711521290937,0.0011817711521290937,0.7891341991341992,0.77995670995671,0.7956277056277056,1.4712904468661232,1.779293767242401,,,,
SCC,53,0.7892640692640692,0.7892640692640692,0.0011556112513121082,0.001155611251312108,0.7886349206349207,0.7803030303030303,0.7958874458874459,1.470856757616047,1.778215397577136,,,,
SCC,54,0.7883549783549784,0.7883549783549784,0.0010833158777755227,0.0010833158777755227,0.7883636363636365,0.7803463203463203,0.7947619047619048,1.4700740935008774,1.7808514605832344,,,,
SCC,55,0.7881818181818182,0.7881818181818182,0.0010244329593350897,0.0010244329593350897,0.7881760461760461,0.7803896103896104,0.7946753246753246,1.4692616244447594,1.7800170794570425,,,,
SCC,56,0.7875324675324675,0.7875324675324675,0.001013063710262252,0.001013063710262252,0.7871515151515154,0.779004329004329,0.7925974025974026,1.46912517418944,1.781736860558627,,,,
SCC,57,0.7874025974025974,0.7874025974025974,0.0009380776942317229,0.0009380776942317228,0.7866695526695526,0.7793073593073593,0.7925108225108225,1.4688396875353746,1.7826212541850266,,,,
SCC,58,0.7866666666666666,0.7866666666666666,0.000927199989797666,0.000927199989797666,0.7863174603174604,0.778961038961039,0.791991341991342,1.4697087418453676,1.7813777978179912,,,,
SCC,59,0.786060606060606,0.786060606060606,0.0009104123106113647,0.0009104123106113648,0.7860057720057722,0.7792640692640692,0.7912554112554112,1.4697329536967367,1.7818464588967309,,,,
SCC,60,0.7859307359307359,0.7859307359307359,0.0008779564539621884,0.0008779564539621882,0.78598556998557,0.7786147186147186,0.7914285714285715,1.4687345174304371,1.783008271603022,,,,
SCC,61,0.7858441558441558,0.7858441558441558,0.000883711806191057,0.0008837118061910569,0.7857835497835499,0.7784415584415585,0.791038961038961,1.4680260278119572,1.7840905056729441,,,,
SCC,62,0.7851082251082251,0.7851082251082251,0.0008415062614463892,0.0008415062614463891,0.7850649350649352,0.7782251082251083,0.7915151515151515,1.4685643473189138,1.784230546997279,,,,
SCC,63,0.7852380952380953,0.7852380952380953,0.0008425731257533082,0.0008425731257533082,0.7851630591630592,0.7777056277056277,0.791082251082251,1.4683655895629015,1.7852479370397059,,,,
SCC,64,0.7851515151515152,0.7851515151515152,0.0008228338251270911,0.000822833825127091,0.7848484848484848,0.7773160173160173,0.7908225108225109,1.4677413863781335,1.7862877366874346,,,,
SCC,65,0.7852813852813852,0.7852813852813852,0.0007918962750991709,0.0007918962750991709,0.785131313131313,0.7774025974025974,0.7908225108225109,1.4675891247037818,1.7867740932127394,,,,
SCC,66,0.7852380952380953,0.7852380952380953,0.0007632287860249273,0.0007632287860249271,0.784958152958153,0.7781818181818182,0.7904329004329005,1.467164204636792,1.7866451531718759,,,,
SCC,67,0.7849350649350649,0.7849350649350649,0.0007630534832289506,0.0007630534832289505,0.784972582972583,0.7775324675324675,0.78995670995671,1.466716385209877,1.7875640546722795,,,,
SCC,68,0.7850216450216451,0.7850216450216451,0.0007052655731943845,0.0007052655731943843,0.7846868686868687,0.7783549783549784,0.7896103896103897,1.4665019593438628,1.7881494205284212,,,,
SCC,69,0.7847619047619048,0.7847619047619048,0.0006812675218240745,0.0006812675218240743,0.7849062049062049,0.7782683982683982,0.7903030303030303,1.4665925767126846,1.7866128557285528,,,,
SCC,70,0.7845454545454545,0.7845454545454545,0.0006776498626929277,0.0006776498626929275,0.7845916305916306,0.7773593073593074,0.7891341991341991,1.4666276564467577,1.7894067491502572,,,,
SCC,71,0.7842857142857143,0.7842857142857143,0.0006594714799832252,0.0006594714799832251,0.7843145743145743,0.7774025974025974,0.7891341991341991,1.4665646708944347,1.787361244600227,,,,
SCC,72,0.7842857142857143,0.7842857142857143,0.0006389759832231107,0.0006389759832231106,0.7842683982683983,0.7780519480519481,0.7892207792207793,1.4658795166097176,1.7885328378239078,,,,
SCC,73,0.7844155844155845,0.7844155844155845,0.0006332821765652318,0.0006332821765652316,0.7838903318903317,0.7778787878787878,0.7886147186147187,1.466541164012392,1.7892896801286633,,,,
SCC,74,0.7842424242424243,0.7842424242424243,0.0006387644795380568,0.0006387644795380566,0.7839538239538241,0.7767099567099567,0.7891341991341991,1.4660015232099661,1.7894201067093518,,,,
SCC,75,0.7845021645021645,0.7845021645021645,0.0006233576399009838,0.0006233576399009839,0.7842914862914864,0.7773160173160173,0.7892207792207793,1.465677150387549,1.7892049661149945,,,,
SCC,76,0.7844155844155845,0.7844155844155845,0.0005803081731656652,0.000580308173165665,0.7841760461760461,0.7778787878787878,0.789004329004329,1.465302481325019,1.7902677836465193,,,,
SCC,77,0.784069264069264,0.784069264069264,0.0005649696407417147,0.0005649696407417146,0.7841587301587302,0.7781818181818182,0.7885714285714286,1.4652697761509081,1.7905344914946388,,,,
SCC,78,0.7836363636363637,0.7836363636363637,0.0005624969555904709,0.0005624969555904708,0.7839220779220779,0.7772727272727272,0.7888311688311689,1.4652797380449147,1.790538650862855,,,,
SCC,79,0.7834199134199135,0.7834199134199135,0.0005651058106133783,0.0005651058106133783,0.7835728715728715,0.7770995670995671,0.7887012987012987,1.464683503663276,1.7908512510637606,,,,
SCC,80,0.7834632034632034,0.7834632034632034,0.0005452678316884848,0.0005452678316884846,0.7838066378066377,0.7774025974025974,0.7883982683982684,1.465593733475412,1.7901414981127106,,,,
SCC,81,0.7836363636363637,0.7836363636363637,0.0005430602240861373,0.0005430602240861372,0.7837373737373738,0.7780952380952381,0.7883982683982684,1.4655314674586435,1.790698155463247,,,,
SCC,82,0.7836363636363637,0.7836363636363637,0.0005382860112217287,0.0005382860112217287,0.7835468975468973,0.7773160173160173,0.7882683982683982,1.4658673330343714,1.7915842957758927,,,,
SCC,83,0.7836796536796536,0.7836796536796536,0.0005176238042126409,0.0005176238042126405,0.7834660894660893,0.7775757575757576,0.788051948051948,1.4657261053874107,1.7914593580328413,,,,
SCC,84,0.7835064935064935,0.7835064935064935,0.0004909490958558236,0.0004909490958558235,0.7833477633477632,0.7778787878787878,0.7884848484848485,1.4659082343243177,1.7912880371727071,,,,
SCC,85,0.7834632034632034,0.7834632034632034,0.00048579377469491194,0.0004857937746949119,0.7836421356421357,0.7780519480519481,0.7880952380952381,1.4654585482837885,1.7912474515737982,,,,
SCC,86,0.7838961038961039,0.7838961038961039,0.00045970673604312976,0.0004597067360431297,0.7837806637806638,0.7781385281385281,0.7885281385281385,1.4657194114815786,1.7909598425155462,,,,
SCC,87,0.7833766233766234,0.7833766233766234,0.00046301769646891816,0.00046301769646891805,0.7836277056277056,0.7780519480519481,0.7877922077922078,1.4659888424509417,1.7915177981934778,,,,
SCC,88,0.7835064935064935,0.7835064935064935,0.0004638686371536303,0.0004638686371536302,0.7836190476190475,0.7775324675324675,0.787965367965368,1.4655913569382688,1.7909094818010873,,,,
SCC,89,0.7833333333333333,0.7833333333333333,0.00043800540202254144,0.0004380054020225413,0.783004329004329,0.7773593073593074,0.7871861471861472,1.4654668197175051,1.7896433098651692,,,,
SCC,90,0.7825974025974026,0.7825974025974026,0.0004332020532539174,0.0004332020532539172,0.7823982683982683,0.7765367965367965,0.7868398268398269,1.4651200140817222,1.7924332917303005,,,,
SCC,91,0.7828571428571428,0.7828571428571428,0.0004235712200694026,0.0004235712200694025,0.7825281385281385,0.7767099567099567,0.7864502164502164,1.4650389243296649,1.7920611318718078,,,,
SCC,92,0.7829437229437229,0.7829437229437229,0.00041758724824150924,0.00041758724824150913,0.7826810966810966,0.777012987012987,0.7868398268398269,1.4646886375419064,1.7920565428866473,,,,
SCC,93,0.7828571428571428,0.7828571428571428,0.00038644408238139896,0.00038644408238139885,0.7826493506493506,0.7781818181818182,0.7873593073593074,1.4655112656312974,1.7923302652949258,,,,
SCC,94,0.7826406926406927,0.7826406926406927,0.00039316448659998735,0.0003931644865999873,0.7828513708513708,0.7784848484848484,0.7867532467532468,1.4649630357509174,1.7910039570141827,,,,
SCC,95,0.7830303030303031,0.7830303030303031,0.0003847222437639924,0.0003847222437639923,0.7827965367965368,0.7786147186147186,0.7872294372294373,1.4650336505743748,1.7917281571699115,,,,
SCC,96,0.7828138528138529,0.7828138528138529,0.0003855239866755512,0.00038552398667555097,0.7828167388167387,0.7777489177489177,0.7867532467532468,1.4644483683736875,1.7917194078755,,,,
SCC,97,0.7830303030303031,0.7830303030303031,0.0003816626463886951,0.0003816626463886951,0.782900432900433,0.777965367965368,0.7865800865800866,1.464367915697213,1.7916429153428188,,,,
SCC,98,0.7828571428571428,0.7828571428571428,0.0003733690266149811,0.000373369026614981,0.7826406926406926,0.7777489177489177,0.786060606060606,1.4650127206744354,1.7923631574561425,,,,
SCC,99,0.7831168831168831,0.7831168831168831,0.00035784116957797267,0.00035784116957797256,0.7826926406926408,0.7782683982683982,0.7860173160173161,1.4643752574769402,1.79284451267453,,,,
SCC,100,0.7832900432900433,0.7832900432900433,0.0003508671848976243,0.0003508671848976243,0.7828802308802308,0.7785281385281385,0.7861471861471861,1.4641155138163586,1.7919934064651208,,,,
SCC,101,0.7829437229437229,0.7829437229437229,0.0003384339248062245,0.00033843392480622446,0.7827532467532468,0.7785281385281385,0.7862337662337663,1.464073754210247,1.7923355849127023,,,,
SCC,102,0.7824675324675324,0.7824675324675324,0.0003271986597577231,0.0003271986597577231,0.7825223665223665,0.7783549783549784,0.7861038961038961,1.4636816738029954,1.7928937458746836,,,,
SCC,103,0.7826839826839826,0.7826839826839826,0.00034155794380538073,0.00034155794380538084,0.7825829725829725,0.7782251082251083,0.7859307359307359,1.462730725260287,1.7931989066398866,,,,
SCC,104,0.7823376623376623,0.7823376623376623,0.00032542785450578334,0.00032542785450578323,0.7823405483405482,0.7786580086580086,0.7854112554112554,1.4628015899178073,1.7929436666213143,,,,
SCC,105,0.7823809523809524,0.7823809523809524,0.0003380624450333644,0.00033806244503336436,0.7823896103896104,0.7781385281385281,0.7857142857142857,1.4624993404722184,1.7929055465133206,,,,
SCC,106,0.7827272727272727,0.7827272727272727,0.00033016630686523153,0.0003301663068652315,0.7823116883116884,0.7788311688311689,0.7849350649350649,1.4621336337164133,1.7932305653278695,,,,
SCC,107,0.7826406926406927,0.7826406926406927,0.0003221186153230506,0.0003221186153230506,0.7824040404040403,0.7781385281385281,0.7858441558441558,1.4624465199292342,1.7929132840374453,,,,
SCC,108,0.7820346320346321,0.7820346320346321,0.00032223684496569734,0.00032223684496569723,0.7821962481962481,0.7782683982683982,0.7852380952380953,1.462155756162939,1.7939292455021232,,,,
SCC,109,0.7824242424242425,0.7824242424242425,0.00029997445704430296,0.00029997445704430296,0.7822914862914863,0.7784848484848484,0.7851515151515152,1.4628313623847389,1.7937914134876531,,,,
SCC,110,0.7825974025974026,0.7825974025974026,0.0002977219213288724,0.00029772192132887233,0.7823434343434345,0.7774891774891775,0.7852380952380953,1.4629595241330844,1.7929077274185512,,,,
SCC,111,0.7829004329004329,0.7829004329004329,0.00029178323142075094,0.0002917832314207509,0.7825483405483405,0.7783116883116883,0.7854545454545454,1.4624518881312505,1.7924066045064155,,,,
SCC,112,0.7827705627705628,0.7827705627705628,0.00028863309255338656,0.00028863309255338656,0.7824502164502164,0.7783982683982684,0.7855844155844156,1.4629378095393986,1.7924834354016161,,,,
SCC,113,0.7827705627705628,0.7827705627705628,0.00027480218220437923,0.00027480218220437923,0.7824559884559884,0.7787878787878788,0.7850216450216451,1.462582864388062,1.7930003566108876,,,,
SCC,114,0.7824675324675324,0.7824675324675324,0.0002791794501298694,0.00027917945012986936,0.7824444444444444,0.7783982683982684,0.7851515151515152,1.4628388409018744,1.792913205835827,,,,
SCC,115,0.7826839826839826,0.7826839826839826,0.00027408538873754105,0.0002740853887375411,0.7825772005772006,0.7788311688311689,0.7854545454545454,1.4634142818272862,1.791837660665377,,,,
SCC,116,0.7828138528138529,0.7828138528138529,0.0002597912566197143,0.00025979125661971424,0.7826810966810966,0.7794805194805194,0.7851515151515152,1.4633462847426006,1.7912115195274518,,,,
SCC,117,0.7831601731601732,0.7831601731601732,0.0002643273430428628,0.0002643273430428628,0.7830966810966813,0.7795238095238095,0.7857575757575758,1.464064477494993,1.7910666495958645,,,,
SCC,118,0.782987012987013,0.782987012987013,0.0002668614095266159,0.00026686140952661587,0.7829783549783549,0.7799134199134199,0.7856277056277057,1.4640862422575078,1.7917256714789114,,,,
SCC,119,0.7831168831168831,0.7831168831168831,0.0002534997749258485,0.0002534997749258484,0.7829870129870129,0.7797402597402597,0.7854978354978355,1.4638486212918114,1.7910667491458905,,,,
SCC,120,0.7827705627705628,0.7827705627705628,0.00025541038012450915,0.0002554103801245091,0.783064935064935,0.7792207792207793,0.7858008658008658,1.463939092707545,1.791098588873976,,,,
SCC,121,0.7828571428571428,0.7828571428571428,0.00025619793427986127,0.00025619793427986116,0.7831572871572872,0.7796536796536796,0.7856709956709956,1.4640816485110215,1.79037738021799,,,,
SCC,122,0.7828138528138529,0.7828138528138529,0.00025051889736509497,0.0002505188973650949,0.783064935064935,0.7797402597402597,0.7857142857142857,1.4639963506144626,1.7913165087758236,,,,
SCC,123,0.7830303030303031,0.7830303030303031,0.0002465751345049923,0.0002465751345049922,0.783007215007215,0.7800432900432901,0.7853246753246753,1.4643322689411074,1.792050556064108,,,,
SCC,124,0.782987012987013,0.782987012987013,0.00024355594780909416,0.0002435559478090941,0.7830389610389612,0.77995670995671,0.7855411255411255,1.4644947097498693,1.7919955131255205,,,,
SCC,125,0.7827705627705628,0.7827705627705628,0.00023678684758937502,0.00023678684758937497,0.7827878787878787,0.7801731601731602,0.7851082251082251,1.4642682543320698,1.7911076527258347,,,,
SCC,126,0.7822510822510822,0.7822510822510822,0.00022873858241700683,0.00022873858241700674,0.7825916305916305,0.7793939393939394,0.7849350649350649,1.4642787215454216,1.7915299783816623,,,,
SCC,127,0.7823376623376623,0.7823376623376623,0.00021607769419636243,0.00021607769419636233,0.7824531024531024,0.78,0.784978354978355,1.464182917231736,1.7917930638336053,,,,
SCC,128,0.7823809523809524,0.7823809523809524,0.00021921121278500928,0.0002192112127850093,0.7827792207792207,0.7799134199134199,0.7850216450216451,1.4641738108812459,1.7921176634167013,,,,
SCC,129,0.7819047619047619,0.7819047619047619,0.00021458118722174582,0.00021458118722174582,0.7823809523809524,0.7795670995670996,0.7846320346320347,1.4636371631111467,1.7925628635275166,,,,
SCC,130,0.7821212121212121,0.7821212121212121,0.0002118038796570093,0.0002118038796570093,0.7824069264069264,0.7792640692640692,0.7848917748917749,1.4638999617301007,1.791803508341372,,,,
SCC,131,0.781991341991342,0.781991341991342,0.00020391487632799972,0.0002039148763279997,0.7822510822510823,0.7793939393939394,0.7848051948051948,1.4635695002793958,1.792516572340616,,,,
SCC,132,0.7820346320346321,0.7820346320346321,0.00021258077586024636,0.0002125807758602463,0.7821414141414142,0.7787445887445887,0.7845454545454545,1.4638929863300145,1.7925946638954429,,,,
SCC,133,0.7823376623376623,0.7823376623376623,0.00019918713532519972,0.00019918713532519967,0.7822886002886003,0.7792207792207793,0.7843290043290043,1.4638361045576271,1.7924545892029211,,,,
SCC,134,0.7820346320346321,0.7820346320346321,0.00020766360558435975,0.0002076636055843597,0.782051948051948,0.7787878787878788,0.7845454545454545,1.4633985880937912,1.793814537988619,,,,
SCC,135,0.7821212121212121,0.7821212121212121,0.00019775884314005904,0.000197758843140059,0.7821818181818183,0.7791341991341991,0.7847186147186147,1.4636433169901553,1.7933019131285424,,,,
SCC,136,0.781948051948052,0.781948051948052,0.0002082448173664557,0.00020824481736645567,0.7821298701298701,0.7794372294372295,0.7844155844155845,1.4633152384091554,1.793349815346793,,,,
SCC,137,0.7821212121212121,0.7821212121212121,0.00020705125444188833,0.00020705125444188827,0.7823751803751803,0.7792640692640692,0.7851515151515152,1.4633819797926386,1.7932322915065484,,,,
SCC,138,0.7822510822510822,0.7822510822510822,0.00019817604738141752,0.00019817604738141744,0.7822308802308802,0.7792207792207793,0.7843722943722944,1.4635988172445253,1.7930406401816665,,,,
SCC,139,0.7822943722943723,0.7822943722943723,0.00019842624585102094,0.00019842624585102088,0.7823434343434343,0.7798268398268399,0.7848484848484848,1.4632143818776797,1.7929335495928154,,,,
SCC,140,0.7824675324675324,0.7824675324675324,0.00019757144649249227,0.00019757144649249224,0.7823607503607503,0.7793073593073593,0.7845454545454545,1.4631556176668836,1.7925035082961343,,,,
SCC,141,0.7819047619047619,0.7819047619047619,0.0001874679439375567,0.00018746794393755667,0.7820548340548339,0.7793073593073593,0.7839393939393939,1.4630893282239947,1.7925290989492484,,,,
SCC,142,0.7817316017316017,0.7817316017316017,0.0001803964609214821,0.00018039646092148206,0.781924963924964,0.7792207792207793,0.7840259740259741,1.4630804378411528,1.7927582735232428,,,,
SCC,143,0.7821645021645022,0.7821645021645022,0.00018069031129719435,0.0001806903112971943,0.782060606060606,0.7794372294372295,0.7841991341991342,1.4626963375153021,1.7926980085296633,,,,
SCC,144,0.7822510822510822,0.7822510822510822,0.00017965733416970648,0.0001796573341697064,0.7821962481962483,0.7791341991341991,0.7844588744588744,1.4634309825014342,1.7928631752969473,,,,
SCC,145,0.7821645021645022,0.7821645021645022,0.00017849702789806408,0.00017849702789806408,0.782063492063492,0.7795670995670996,0.7842857142857143,1.4636242805875566,1.7923958976270473,,,,
SCC,146,0.7821645021645022,0.7821645021645022,0.00017697351293451604,0.00017697351293451596,0.781962481962482,0.7793073593073593,0.7843290043290043,1.4634893630288603,1.7922470072083188,,,,
SCC,147,0.7819047619047619,0.7819047619047619,0.0001680760466066323,0.0001680760466066323,0.782034632034632,0.7795670995670996,0.7841125541125541,1.4635688260763058,1.792493931772563,,,,
SCC,148,0.7822077922077922,0.7822077922077922,0.00016627220997618352,0.00016627220997618352,0.7821789321789322,0.7801298701298701,0.7842857142857143,1.4636009528695273,1.7922633997083333,,,,
SCC,149,0.7824242424242425,0.7824242424242425,0.00016716155641620324,0.00016716155641620327,0.7822279942279943,0.7802164502164503,0.7843290043290043,1.463816258437708,1.7927095781988411,,,,
SCC,150,0.7823809523809524,0.7823809523809524,0.0001645659987987703,0.00016456599879877026,0.7824329004329006,0.7805194805194805,0.7839393939393939,1.463591006117993,1.7923857879148901,,,,
SCC,151,0.7824242424242425,0.7824242424242425,0.00015804633724644294,0.00015804633724644291,0.7822510822510823,0.7804329004329005,0.783982683982684,1.4638393171124229,1.7925420781518215,,,,
SCC,152,0.7825541125541126,0.7825541125541126,0.00015923426683225704,0.00015923426683225704,0.7825079365079367,0.7801731601731602,0.7842857142857143,1.4640915106356505,1.7917990201069265,,,,
SCC,153,0.7822943722943723,0.7822943722943723,0.0001560675123352724,0.00015606751233527235,0.7823145743145742,0.7803030303030303,0.783982683982684,1.4638116353742936,1.7919832590975753,,,,
SCC,154,0.7821212121212121,0.7821212121212121,0.00014857000075099532,0.00014857000075099532,0.7823347763347763,0.77995670995671,0.7844155844155845,1.4638600811604074,1.7922853943294241,,,,
SCC,155,0.7822510822510822,0.7822510822510822,0.00014655305674268453,0.00014655305674268453,0.7823405483405483,0.77995670995671,0.7842857142857143,1.463510207269318,1.792274231779217,,,,
SCC,156,0.7820346320346321,0.7820346320346321,0.0001484413045205761,0.00014844130452057604,0.7822049062049062,0.7796103896103896,0.7840259740259741,1.4631127298496902,1.7927952073866236,,,,
SCC,157,0.781948051948052,0.781948051948052,0.0001410473601877373,0.00014104736018773727,0.78205772005772,0.7796969696969697,0.7839393939393939,1.4629319309159459,1.792435056934534,,,,
SCC,158,0.7821212121212121,0.7821212121212121,0.000147842985850016,0.00014784298585001596,0.7822337662337662,0.78,0.7843722943722944,1.4630217790607083,1.7926616035930953,,,,
SCC,159,0.782077922077922,0.782077922077922,0.0001459943426096256,0.0001459943426096256,0.7821616161616163,0.7796103896103896,0.7838095238095238,1.4630135244539224,1.792950309251549,,,,
SCC,160,0.7822077922077922,0.7822077922077922,0.0001408857603832407,0.00014088576038324068,0.7821385281385281,0.7794805194805194,0.7841125541125541,1.4629435237986925,1.792624379685656,,,,
SCC,161,0.7822943722943723,0.7822943722943723,0.00014379205844827393,0.0001437920584482739,0.7822424242424242,0.77995670995671,0.784069264069264,1.462709683155447,1.7932510126669647,,,,
SCC,162,0.7823809523809524,0.7823809523809524,0.00013771697474045493,0.0001377169747404549,0.7822279942279943,0.78,0.7842857142857143,1.4627450449903812,1.7928580588305338,,,,
SCC,163,0.7824242424242425,0.7824242424242425,0.00014172788919295063,0.00014172788919295063,0.7821443001443,0.7790909090909091,0.7845021645021645,1.4623582071884802,1.7926226713211872,,,,
SCC,164,0.7821212121212121,0.7821212121212121,0.00013825440590585833,0.0001382544059058583,0.7822568542568542,0.7794372294372295,0.7841125541125541,1.4627436916885508,1.7928262374782056,,,,
SCC,165,0.782077922077922,0.782077922077922,0.0001431417198429981,0.00014314171984299807,0.7821933621933623,0.7792207792207793,0.7840259740259741,1.4631042982052431,1.793155983270677,,,,
SCC,166,0.7818614718614718,0.7818614718614718,0.00013836433554353797,0.000138364335543538,0.7820894660894662,0.7800432900432901,0.7841991341991342,1.4627534725260918,1.792849675625916,,,,
SCC,167,0.7819047619047619,0.7819047619047619,0.0001298105347217828,0.00012981053472178278,0.7819740259740261,0.7795238095238095,0.7838095238095238,1.463442352348471,1.792663063430608,,,,
SCC,168,0.781948051948052,0.781948051948052,0.00012747400534707037,0.00012747400534707034,0.7820923520923521,0.7799134199134199,0.783982683982684,1.4631033203832038,1.7923166772555619,,,,
SCC,169,0.7816450216450217,0.7816450216450217,0.0001310202951617497,0.00013102029516174967,0.781979797979798,0.7794372294372295,0.784069264069264,1.4626890776689376,1.792691145222883,,,,
SCC,170,0.782077922077922,0.782077922077922,0.0001270778706899785,0.0001270778706899785,0.7821414141414142,0.78,0.783982683982684,1.4628134582793422,1.7926290924508694,,,,
SCC,171,0.7818614718614718,0.7818614718614718,0.0001268697531496748,0.00012686975314967475,0.7820000000000001,0.78,0.7838528138528138,1.4632973618850489,1.792988569061938,,,,
SCC,172,0.781948051948052,0.781948051948052,0.00012437795023534536,0.00012437795023534536,0.782040404040404,0.7803030303030303,0.7840259740259741,1.462948095296387,1.792875498232404,,,,
SCC,173,0.7816450216450217,0.7816450216450217,0.0001279960275380585,0.00012799602753805846,0.7820086580086579,0.7797402597402597,0.7837662337662338,1.4627605871411538,1.7932151308440536,,,,
SCC,174,0.781991341991342,0.781991341991342,0.00012785385891821852,0.0001278538589182185,0.782046176046176,0.7795670995670996,0.784069264069264,1.4627190655605697,1.7933337464568033,,,,
SCC,175,0.7818614718614718,0.7818614718614718,0.00012603831898247116,0.00012603831898247116,0.781878787878788,0.7798701298701298,0.7836363636363637,1.4627966596248703,1.7934498888676749,,,,
SCC,176,0.7820346320346321,0.7820346320346321,0.00012289022165927078,0.00012289022165927078,0.7818412698412698,0.7796536796536796,0.7836363636363637,1.4627795037046414,1.7927435373155778,,,,
SCC,177,0.782077922077922,0.782077922077922,0.00011988108708943436,0.00011988108708943436,0.7819942279942279,0.7794372294372295,0.7836796536796536,1.462924271499989,1.792534324518402,,,,
SCC,178,0.7820346320346321,0.7820346320346321,0.0001181774323266302,0.00011817743232663015,0.7820173160173162,0.7796969696969697,0.783982683982684,1.4625109327599868,1.7925701434881816,,,,
SCC,179,0.7823376623376623,0.7823376623376623,0.00011554029581467326,0.00011554029581467325,0.7822481962481963,0.77995670995671,0.784069264069264,1.4628709132157007,1.7926182267490611,,,,
SCC,180,0.7822510822510822,0.7822510822510822,0.00011932960682379916,0.00011932960682379916,0.7821818181818183,0.7797835497835498,0.784069264069264,1.4629093400488031,1.7927712576108648,,,,
SCC,181,0.7821645021645022,0.7821645021645022,0.00010964047992397999,0.00010964047992397998,0.7821240981240981,0.7796536796536796,0.7838961038961039,1.4628155963162888,1.7924253409862945,,,,
SCC,182,0.7822510822510822,0.7822510822510822,0.00011677814849572595,0.00011677814849572595,0.782023088023088,0.7793506493506493,0.7837229437229437,1.4627599920314536,1.7926080705044112,,,,
SCC,183,0.7822077922077922,0.7822077922077922,0.0001134099760218971,0.00011340997602189709,0.7819451659451659,0.7793073593073593,0.7839393939393939,1.462455158352675,1.7932557314127706,,,,
SCC,184,0.7820346320346321,0.7820346320346321,0.00011484028802887482,0.0001148402880288748,0.781893217893218,0.7787878787878788,0.7838528138528138,1.4622778842334299,1.7931732529824866,,,,
SCC,185,0.781948051948052,0.781948051948052,0.00010661959401484276,0.00010661959401484273,0.7819047619047619,0.7795238095238095,0.7837229437229437,1.4624599526909101,1.7929310582301312,,,,
SCC,186,0.781991341991342,0.781991341991342,0.00010979747756681791,0.00010979747756681791,0.7818268398268398,0.7793073593073593,0.7835930735930736,1.4622973431703348,1.7932279074355368,,,,
SCC,187,0.782077922077922,0.782077922077922,0.00011169732115126492,0.00011169732115126491,0.7818499278499277,0.7790476190476191,0.7835930735930736,1.4622804614751692,1.7929531609683667,,,,
SCC,188,0.7821212121212121,0.7821212121212121,0.00010350643642914689,0.00010350643642914684,0.7818614718614718,0.7796103896103896,0.7834632034632034,1.4625918837275964,1.7926933858996483,,,,
SCC,189,0.7818614718614718,0.7818614718614718,0.00010542570324962587,0.00010542570324962584,0.7818008658008658,0.7793506493506493,0.7835064935064935,1.462574071997195,1.792872754120412,,,,
SCC,190,0.781991341991342,0.781991341991342,0.00010089556302147236,0.00010089556302147236,0.7817546897546896,0.7796536796536796,0.7835497835497836,1.4623715096229941,1.792800768372935,,,,
SCC,191,0.7817316017316017,0.7817316017316017,0.00010371187109370739,0.00010371187109370736,0.7817950937950936,0.7797835497835498,0.7834632034632034,1.4626067729251033,1.7928782380749333,,,,
SCC,192,0.781991341991342,0.781991341991342,0.00010371053369160416,0.00010371053369160413,0.7818932178932179,0.7797835497835498,0.7837229437229437,1.4627832872500561,1.793188887128313,,,,
SCC,193,0.7821645021645022,0.7821645021645022,0.00010079470434064849,0.00010079470434064847,0.7821125541125542,0.7797402597402597,0.7838528138528138,1.4630414582045228,1.7934821959303868,,,,
SCC,194,0.7823376623376623,0.7823376623376623,0.0001026468504228106,0.00010264685042281057,0.7820865800865799,0.78,0.7842424242424243,1.4628437874202234,1.7932302229236017,,,,
SCC,195,0.7822510822510822,0.7822510822510822,0.00010044735701410027,0.00010044735701410024,0.7820952380952382,0.7803896103896104,0.7838095238095238,1.4629308211051604,1.7929218191625078,,,,
SCC,196,0.7821645021645022,0.7821645021645022,9.938202396003334e-05,9.938202396003332e-05,0.782054834054834,0.7799134199134199,0.7838528138528138,1.4629888673564233,1.7932731803960098,,,,
SCC,197,0.7824242424242425,0.7824242424242425,9.644954306850199e-05,9.644954306850198e-05,0.7824126984126983,0.7801731601731602,0.7841991341991342,1.4631545654702667,1.7929102680006725,,,,
SCC,198,0.7825108225108225,0.7825108225108225,9.805900247824598e-05,9.805900247824595e-05,0.7823838383838385,0.7802164502164503,0.784069264069264,1.4631108021944954,1.7929686069605928,,,,
SCC,199,0.7825974025974026,0.7825974025974026,9.246022122008479e-05,9.246022122008476e-05,0.7824819624819626,0.7801731601731602,0.7842424242424243,1.4632063097098291,1.79282151308951,,,,
TriMean,0,0.7402164502164502,0.7402164502164502,0.05744961255081395,0.05744961255081393,0.5162049062049061,0.3283982683982684,0.6707359307359307,1.9249323775262097,2.1519558796246936,,,,
TriMean,1,0.7587878787878788,0.7587878787878788,0.07622858858751932,0.07622858858751932,0.6164646464646464,0.4022943722943723,0.7512987012987012,1.7991537704226714,2.0856080130804537,,,,
TriMean,2,0.7656709956709957,0.7656709956709957,0.07780197603465508,0.07780197603465505,0.6727907647907649,0.5112554112554113,0.784978354978355,1.7818737644472618,2.022759179495721,,,,
TriMean,3,0.7637662337662338,0.7637662337662338,0.07346976888403764,0.07346976888403763,0.7037431457431457,0.5628138528138528,0.8011255411255411,1.7295790032669824,1.9788082477509943,,,,
TriMean,4,0.7692640692640693,0.7692640692640693,0.0670658159350738,0.06706581593507377,0.7221760461760461,0.5948051948051948,0.8076623376623376,1.709371587564669,1.9510078778648174,,,,
TriMean,5,0.7675324675324675,0.7675324675324675,0.058110651441690336,0.058110651441690316,0.7349985569985571,0.621904761904762,0.814978354978355,1.6711084607199864,1.9249852917185932,,,,
TriMean,6,0.7704329004329005,0.7704329004329005,0.053416386859460194,0.05341638685946019,0.74189898989899,0.6314718614718615,0.8136796536796537,1.653257629300061,1.9092942343905888,,,,
TriMean,7,0.766017316017316,0.766017316017316,0.04516424439706775,0.04516424439706774,0.7465656565656565,0.6438095238095238,0.8177056277056277,1.646448469292326,1.899503471774603,,,,
TriMean,8,0.7631168831168831,0.7631168831168831,0.0408148195216173,0.04081481952161729,0.7467936507936507,0.6501298701298701,0.817012987012987,1.6329127001045094,1.895920557676746,,,,
TriMean,9,0.765021645021645,0.765021645021645,0.03695663256716589,0.03695663256716588,0.7516017316017315,0.6658874458874459,0.8168398268398268,1.6210954449789725,1.8792803345949813,,,,
TriMean,10,0.7616450216450217,0.7616450216450217,0.033406277999668096,0.033406277999668096,0.7494978354978354,0.672034632034632,0.8162770562770563,1.6086702374809283,1.8708854484154582,,,,
TriMean,11,0.7598268398268399,0.7598268398268399,0.0297144452443001,0.029714445244300093,0.7495844155844156,0.6738095238095239,0.81004329004329,1.6142264044552348,1.8717363211235727,,,,
TriMean,12,0.7611255411255411,0.7611255411255411,0.026320117097039533,0.02632011709703953,0.7521702741702742,0.6835930735930736,0.8064069264069265,1.6005824454912594,1.8625075975671148,,,,
TriMean,13,0.7595238095238095,0.7595238095238095,0.024025711599731138,0.024025711599731134,0.7517373737373737,0.6864069264069264,0.8068398268398268,1.591631763478162,1.8601232059142019,,,,
TriMean,14,0.7575757575757576,0.7575757575757576,0.022371810709458612,0.02237181070945861,0.7514603174603175,0.6873593073593074,0.8032034632034633,1.5817587900665038,1.8547534308689035,,,,
TriMean,15,0.7564935064935064,0.7564935064935064,0.020520065052389767,0.020520065052389767,0.7509639249639251,0.6924242424242424,0.8037662337662338,1.572011912863791,1.8541730261304497,,,,
TriMean,16,0.7546320346320347,0.7546320346320347,0.018789993716675054,0.018789993716675054,0.7507474747474746,0.6951082251082251,0.8000865800865801,1.5628037788471092,1.8467132556706254,,,,
TriMean,17,0.7574025974025974,0.7574025974025974,0.01683632035714851,0.016836320357148507,0.753896103896104,0.6996103896103896,0.7975757575757576,1.552958757920105,1.8375955484776345,,,,
TriMean,18,0.7560606060606061,0.7560606060606061,0.015220964961005681,0.015220964961005678,0.7531803751803753,0.7064069264069264,0.791948051948052,1.547710693226433,1.8394307898133175,,,,
TriMean,19,0.7551515151515151,0.7551515151515151,0.014153000154509848,0.014153000154509847,0.7523116883116882,0.703939393939394,0.7933766233766234,1.5345209255059293,1.8389114388739274,,,,
TriMean,20,0.7550649350649351,0.7550649350649351,0.012651592077801914,0.01265159207780191,0.7526551226551226,0.7102597402597403,0.7883982683982684,1.5310007396009657,1.8327917036939223,,,,
TriMean,21,0.7546753246753247,0.7546753246753247,0.01197068305576827,0.011970683055768266,0.7523405483405483,0.711038961038961,0.7886580086580086,1.5245225579199233,1.8309387815988547,,,,
TriMean,22,0.7521645021645021,0.7521645021645021,0.010796562165788823,0.010796562165788823,0.7504502164502165,0.714025974025974,0.7877056277056277,1.519438403657644,1.8330935886027275,,,,
TriMean,23,0.7503896103896104,0.7503896103896104,0.0101272579407864,0.010127257940786399,0.7495180375180375,0.7124675324675325,0.7854978354978355,1.5156073694024785,1.8320218185221462,,,,
TriMean,24,0.7507792207792208,0.7507792207792208,0.00932883595734294,0.00932883595734294,0.7502193362193362,0.7153679653679653,0.7854112554112554,1.5102666405864373,1.8294656949600228,,,,
TriMean,25,0.7517316017316017,0.7517316017316017,0.00919398936282426,0.00919398936282426,0.7506897546897549,0.7158874458874459,0.780995670995671,1.5069037577383961,1.8288273775277057,,,,
TriMean,26,0.7500432900432901,0.7500432900432901,0.00877492297166349,0.008774922971663488,0.749991341991342,0.7167532467532467,0.7808225108225109,1.502381171035795,1.8275113512265877,,,,
TriMean,27,0.7509090909090909,0.7509090909090909,0.008218263491620663,0.008218263491620663,0.7497113997113999,0.7183116883116883,0.7798268398268399,1.5015184875564138,1.8254513560084524,,,,
TriMean,28,0.7498701298701299,0.7498701298701299,0.007649242675395114,0.007649242675395111,0.7494689754689755,0.7200865800865801,0.779004329004329,1.497585270924001,1.8273535728763548,,,,
TriMean,29,0.75,0.75,0.0072104865191084284,0.007210486519108426,0.7488917748917749,0.7217316017316018,0.777012987012987,1.4944838587918055,1.8296468710552696,,,,
TriMean,30,0.7493506493506493,0.7493506493506493,0.006859799812085543,0.00685979981208554,0.7489725829725828,0.7240692640692641,0.7766233766233767,1.48882301537171,1.8315357166372612,,,,
TriMean,31,0.7487445887445887,0.7487445887445887,0.006611246863824142,0.006611246863824139,0.748017316017316,0.7225974025974026,0.7725974025974026,1.485282840549052,1.8296784011371583,,,,
TriMean,32,0.7482251082251082,0.7482251082251082,0.006497966355606692,0.006497966355606689,0.7476248196248195,0.7222077922077922,0.7729437229437229,1.4814998029852493,1.8295296044293308,,,,
TriMean,33,0.7498268398268398,0.7498268398268398,0.005864285013560876,0.005864285013560875,0.7488975468975468,0.7241991341991342,0.7742857142857142,1.4796170198397665,1.8280746502918495,,,,
TriMean,34,0.7488311688311688,0.7488311688311688,0.005537451720684368,0.005537451720684367,0.7484444444444445,0.7255411255411255,0.7724675324675324,1.4763669148517726,1.8288425989352814,,,,
TriMean,35,0.7488311688311688,0.7488311688311688,0.00512783458095303,0.00512783458095303,0.7483261183261182,0.7246753246753247,0.7703463203463203,1.4748928042842921,1.8282893571106256,,,,
TriMean,36,0.7495670995670995,0.7495670995670995,0.004849357110269981,0.004849357110269981,0.7492438672438674,0.7268398268398268,0.7697835497835498,1.4720629612830674,1.8255018984682443,,,,
TriMean,37,0.749004329004329,0.749004329004329,0.004731218903499276,0.004731218903499273,0.7484675324675324,0.7255411255411255,0.7687012987012987,1.4710060966742997,1.8258471765226594,,,,
TriMean,38,0.7490909090909091,0.7490909090909091,0.004436265389142409,0.004436265389142409,0.7487676767676767,0.7287445887445887,0.7693939393939394,1.4727036496070725,1.8251569976249535,,,,
TriMean,39,0.7498701298701299,0.7498701298701299,0.004393115629694868,0.004393115629694866,0.7486060606060606,0.7293939393939394,0.7686580086580087,1.4719634161032185,1.8259675827075075,,,,
TriMean,40,0.7490476190476191,0.7490476190476191,0.004152076228409386,0.004152076228409385,0.7484242424242424,0.7282251082251082,0.7704761904761904,1.4694718788707624,1.825019705850638,,,,
TriMean,41,0.7488311688311688,0.7488311688311688,0.004022762411497717,0.004022762411497716,0.7478585858585859,0.7271428571428571,0.7697402597402597,1.467124896444516,1.826589971846928,,,,
TriMean,42,0.7492640692640693,0.7492640692640693,0.003945117503802401,0.003945117503802401,0.7489956709956709,0.7276623376623377,0.7696969696969697,1.4675688996721858,1.8257931422372426,,,,
TriMean,43,0.7500432900432901,0.7500432900432901,0.0038094431148942396,0.003809443114894239,0.7495844155844156,0.73,0.769004329004329,1.4654621797813427,1.8210289927990833,,,,
TriMean,44,0.7493073593073593,0.7493073593073593,0.0035331739195949585,0.003533173919594957,0.7487445887445886,0.7315151515151516,0.765021645021645,1.462399662728457,1.8211285129534047,,,,
TriMean,45,0.75,0.75,0.0034967153006881706,0.0034967153006881697,0.7491428571428572,0.7302164502164502,0.7655411255411255,1.4623259423966566,1.820898018336846,,,,
TriMean,46,0.7501298701298701,0.7501298701298701,0.003277716064429173,0.003277716064429171,0.7501240981240981,0.7328571428571429,0.7645021645021645,1.4609474874667314,1.8206752907957386,,,,
TriMean,47,0.7499567099567099,0.7499567099567099,0.00322899607545792,0.003228996075457919,0.750034632034632,0.7323809523809524,0.7643722943722944,1.4600650599099207,1.819993560161821,,,,
TriMean,48,0.7510389610389611,0.7510389610389611,0.0029857917372565867,0.002985791737256586,0.7504617604617605,0.7334199134199134,0.7664502164502165,1.4596040894968956,1.8173478772309264,,,,
TriMean,49,0.7506926406926407,0.7506926406926407,0.002886036666139321,0.00288603666613932,0.7505945165945166,0.732987012987013,0.7661904761904762,1.4572280246243885,1.8189970730411806,,,,
TriMean,50,0.7499567099567099,0.7499567099567099,0.002816015888541452,0.0028160158885414508,0.7505108225108225,0.7343722943722943,0.7664069264069264,1.456880579516091,1.8196438091858538,,,,
TriMean,51,0.7501298701298701,0.7501298701298701,0.0028260185845188435,0.002826018584518843,0.7503347763347764,0.7332900432900433,0.7669264069264069,1.4557280430564712,1.819775793812439,,,,
TriMean,52,0.7511255411255411,0.7511255411255411,0.002693272112260895,0.0026932721122608946,0.7512265512265512,0.7353246753246753,0.7654112554112554,1.4547053287429599,1.8184686951929374,,,,
TriMean,53,0.750995670995671,0.750995670995671,0.002619516830722786,0.0026195168307227854,0.7508773448773449,0.7351515151515151,0.7656709956709957,1.4539647055238039,1.8176579204787546,,,,
TriMean,54,0.7510822510822511,0.7510822510822511,0.0024968843048597342,0.002496884304859734,0.7511111111111112,0.7358874458874459,0.7656277056277057,1.452578388617404,1.8192304967674682,,,,
TriMean,55,0.7516017316017316,0.7516017316017316,0.0024084299565531307,0.0024084299565531302,0.7514170274170274,0.7360606060606061,0.7682683982683983,1.4506232237966905,1.817390137432739,,,,
TriMean,56,0.7509523809523809,0.7509523809523809,0.0023548769233695845,0.0023548769233695836,0.7512178932178932,0.7351948051948052,0.7651948051948052,1.4507734466184499,1.8195810478313315,,,,
TriMean,57,0.750995670995671,0.750995670995671,0.002190828016891695,0.0021908280168916948,0.750851370851371,0.735974025974026,0.764978354978355,1.4500658827040898,1.8194962292458814,,,,
TriMean,58,0.7512121212121212,0.7512121212121212,0.0021814522665784893,0.002181452266578489,0.7509408369408368,0.7373160173160174,0.7647619047619048,1.4510987284250019,1.8187717435102857,,,,
TriMean,59,0.7510389610389611,0.7510389610389611,0.0021140106721322543,0.002114010672132254,0.7505714285714284,0.7368831168831169,0.7636796536796536,1.450489854875807,1.8183442972966857,,,,
TriMean,60,0.7503463203463203,0.7503463203463203,0.0020511946001144183,0.002051194600114418,0.7505772005772006,0.7365367965367965,0.7638095238095238,1.449841156766889,1.8193940984607744,,,,
TriMean,61,0.750995670995671,0.750995670995671,0.0020079611208561514,0.0020079611208561514,0.7503780663780664,0.7373593073593073,0.7645454545454545,1.4484947195133469,1.819672773304977,,,,
TriMean,62,0.7503030303030302,0.7503030303030302,0.0019132278770171364,0.0019132278770171364,0.7499220779220779,0.7374891774891775,0.7640692640692641,1.448832123808279,1.8190290933694755,,,,
TriMean,63,0.7501298701298701,0.7501298701298701,0.0018401967746485024,0.0018401967746485017,0.750051948051948,0.7366666666666667,0.7647186147186147,1.4480856642473998,1.8209874929953855,,,,
TriMean,64,0.7496536796536797,0.7496536796536797,0.0017775037416176492,0.0017775037416176485,0.7497287157287158,0.7367965367965368,0.7629004329004329,1.4481727038561834,1.8203342891887522,,,,
TriMean,65,0.7501298701298701,0.7501298701298701,0.0017061309679404708,0.0017061309679404708,0.7501875901875901,0.7385281385281385,0.7629004329004329,1.4470376971554937,1.8201993712225462,,,,
TriMean,66,0.7500865800865801,0.7500865800865801,0.0016784698131368644,0.0016784698131368638,0.7502597402597403,0.7382251082251082,0.7617316017316017,1.44679134978146,1.8207351946645187,,,,
TriMean,67,0.7506493506493507,0.7506493506493507,0.0016975417312049845,0.0016975417312049838,0.7503492063492062,0.7387445887445887,0.7622077922077922,1.4456878481776707,1.8201360863209808,,,,
TriMean,68,0.7505194805194805,0.7505194805194805,0.0016132165611177285,0.0016132165611177278,0.7504588744588746,0.7399567099567099,0.7624242424242424,1.4451072526817534,1.8206461422882312,,,,
TriMean,69,0.7512554112554113,0.7512554112554113,0.0015381209083529506,0.0015381209083529504,0.7507763347763348,0.7400432900432901,0.7629437229437229,1.4453963041205875,1.8194684727645494,,,,
TriMean,70,0.7505194805194805,0.7505194805194805,0.0015034997324128645,0.001503499732412864,0.7505483405483405,0.7392640692640693,0.7620779220779221,1.4454046198757813,1.8196660366403332,,,,
TriMean,71,0.7503896103896104,0.7503896103896104,0.0014789487415512402,0.0014789487415512402,0.7501904761904762,0.7395238095238095,0.7610822510822511,1.4451581382127285,1.8184132551544747,,,,
TriMean,72,0.7504761904761905,0.7504761904761905,0.0014683971353919103,0.0014683971353919101,0.7503174603174603,0.7393073593073594,0.7616450216450217,1.4443946276785515,1.8201346433818908,,,,
TriMean,73,0.7507359307359307,0.7507359307359307,0.0014242195672984495,0.001424219567298449,0.7502510822510823,0.7390909090909091,0.7612121212121212,1.4441513043230703,1.8213917205042822,,,,
TriMean,74,0.7506493506493507,0.7506493506493507,0.0014194869128837586,0.0014194869128837584,0.7502337662337663,0.7390909090909091,0.7615151515151515,1.4433101971878761,1.820216009194795,,,,
TriMean,75,0.7509523809523809,0.7509523809523809,0.0013808213309800484,0.0013808213309800482,0.7507878787878789,0.7392207792207792,0.7610822510822511,1.4431696927887079,1.8197992159210246,,,,
TriMean,76,0.7510389610389611,0.7510389610389611,0.001341450629589262,0.0013414506295892617,0.7511630591630593,0.7400432900432901,0.7612554112554113,1.4428530036588134,1.8218425064850483,,,,
TriMean,77,0.7511255411255411,0.7511255411255411,0.0012925614051796297,0.0012925614051796297,0.7511255411255412,0.7407359307359307,0.7617316017316017,1.4425545093349759,1.8220343097388614,,,,
TriMean,78,0.7512987012987012,0.7512987012987012,0.0012707079512686314,0.0012707079512686312,0.7510158730158729,0.7400865800865801,0.7621645021645022,1.4419013339558067,1.8211567087466807,,,,
TriMean,79,0.7511255411255411,0.7511255411255411,0.0012694819637425992,0.001269481963742599,0.751004329004329,0.740995670995671,0.7620346320346321,1.4413789527153817,1.8210269350108286,,,,
TriMean,80,0.7506926406926407,0.7506926406926407,0.001264350860136231,0.0012643508601362307,0.750987012987013,0.7411255411255411,0.7612554112554113,1.4417469447696343,1.8208609883559415,,,,
TriMean,81,0.7512554112554113,0.7512554112554113,0.0012315212521782656,0.0012315212521782654,0.7512784992784993,0.7415584415584415,0.7616017316017316,1.4423984472609335,1.8205264000593262,,,,
TriMean,82,0.7513852813852814,0.7513852813852814,0.001207437830333459,0.0012074378303334587,0.7512236652236652,0.7401298701298701,0.7618614718614719,1.4419404456714724,1.8217929019559906,,,,
TriMean,83,0.7510389610389611,0.7510389610389611,0.001138189522203993,0.0011381895222039925,0.7512005772005772,0.7416017316017316,0.7616883116883116,1.4416395211356694,1.8207531186661847,,,,
TriMean,84,0.7510389610389611,0.7510389610389611,0.001075915818660146,0.0010759158186601457,0.7512871572871571,0.7421645021645021,0.760995670995671,1.4411417843107128,1.8207969169477667,,,,
TriMean,85,0.7516450216450217,0.7516450216450217,0.0010815703759385667,0.0010815703759385663,0.7518210678210677,0.742900432900433,0.7610389610389611,1.44143114035248,1.819408011691912,,,,
TriMean,86,0.7516450216450217,0.7516450216450217,0.0010288271216907542,0.0010288271216907542,0.7520375180375181,0.7422943722943723,0.7611688311688312,1.4415470466204139,1.8192186333279166,,,,
TriMean,87,0.7519480519480519,0.7519480519480519,0.001016586906361571,0.0010165869063615707,0.7521673881673883,0.7432034632034632,0.7612987012987013,1.4415521273912035,1.8193762107786084,,,,
TriMean,88,0.7518614718614719,0.7518614718614719,0.0010295699420553356,0.0010295699420553351,0.7522337662337661,0.741904761904762,0.7617316017316017,1.4409628596404216,1.8179597198326731,,,,
TriMean,89,0.7516450216450217,0.7516450216450217,0.0010131861547830823,0.001013186154783082,0.7520577200577201,0.7425541125541125,0.7610822510822511,1.4410656828539294,1.8174847804578658,,,,
TriMean,90,0.7510822510822511,0.7510822510822511,0.0009749184964591734,0.0009749184964591732,0.7515930735930737,0.7424675324675325,0.7597402597402597,1.4404999457362386,1.8191138070421535,,,,
TriMean,91,0.7510389610389611,0.7510389610389611,0.0009481009408870399,0.0009481009408870397,0.7517316017316017,0.7432900432900433,0.7600432900432901,1.440406819826971,1.81820400083056,,,,
TriMean,92,0.7515584415584415,0.7515584415584415,0.0009495402425536918,0.0009495402425536916,0.751976911976912,0.7429437229437229,0.7603896103896104,1.439867833090842,1.8181090921015444,,,,
TriMean,93,0.7513419913419913,0.7513419913419913,0.0008734884243104256,0.0008734884243104253,0.7518816738816738,0.743982683982684,0.7598268398268399,1.439842904227562,1.8182841674568029,,,,
TriMean,94,0.7517748917748918,0.7517748917748918,0.000894269601165668,0.0008942696011656679,0.7519422799422799,0.7436796536796537,0.7594805194805195,1.4396020655542967,1.8177250343539575,,,,
TriMean,95,0.7514718614718615,0.7514718614718615,0.000882178456277984,0.0008821784562779838,0.7521847041847043,0.7435497835497835,0.7602597402597403,1.439938965664825,1.817410337510621,,,,
TriMean,96,0.7521212121212121,0.7521212121212121,0.0008764290279236156,0.0008764290279236155,0.7522799422799423,0.7436796536796537,0.7605627705627706,1.438957290324205,1.8173424858681926,,,,
TriMean,97,0.7522077922077922,0.7522077922077922,0.0008704248132752833,0.0008704248132752833,0.7522222222222222,0.7433766233766234,0.76008658008658,1.4390496517405904,1.8172810263332178,,,,
TriMean,98,0.7520779220779221,0.7520779220779221,0.0008489866118163534,0.0008489866118163533,0.7523116883116882,0.7434632034632035,0.7598268398268399,1.4393516243010092,1.8182792588112817,,,,
TriMean,99,0.7525541125541125,0.7525541125541125,0.0008304574184405,0.0008304574184404997,0.7524906204906207,0.742987012987013,0.7603896103896104,1.4390385102277996,1.8186917933046702,,,,
TriMean,100,0.7523376623376623,0.7523376623376623,0.0008127535842854243,0.0008127535842854242,0.7524098124098124,0.7433333333333333,0.7603463203463203,1.4387266209524485,1.8179044201946186,,,,
TriMean,101,0.7522510822510823,0.7522510822510823,0.0007870611723387795,0.0007870611723387792,0.7524415584415586,0.7442857142857143,0.7603463203463203,1.4382011372860588,1.818000869839811,,,,
TriMean,102,0.7518614718614719,0.7518614718614719,0.0007515231541595578,0.0007515231541595579,0.7523001443001444,0.7447186147186147,0.7604761904761905,1.4381726944008248,1.8181927562461346,,,,
TriMean,103,0.7521645021645021,0.7521645021645021,0.0007739366828481598,0.0007739366828481597,0.7524704184704185,0.7441125541125541,0.7612554112554113,1.437072317126542,1.8184170412177865,,,,
TriMean,104,0.7517748917748918,0.7517748917748918,0.0007427885376399117,0.0007427885376399117,0.7520000000000002,0.7438961038961039,0.7596103896103896,1.4370300650879098,1.8194444285543494,,,,
TriMean,105,0.7521212121212121,0.7521212121212121,0.0007503276095651753,0.0007503276095651753,0.751861471861472,0.7434632034632035,0.7593506493506493,1.4371165347196952,1.8189085407438765,,,,
TriMean,106,0.7519480519480519,0.7519480519480519,0.0007233225111692062,0.0007233225111692058,0.7519191919191919,0.7442857142857143,0.7586580086580087,1.4366919748309193,1.8194962701652067,,,,
TriMean,107,0.7521212121212121,0.7521212121212121,0.0007135782725765233,0.000713578272576523,0.7522799422799422,0.7444588744588745,0.7596536796536797,1.4367038985127456,1.819073455471762,,,,
TriMean,108,0.7522943722943723,0.7522943722943723,0.0007119601848268373,0.0007119601848268372,0.7526291486291488,0.7444588744588745,0.7595238095238095,1.4364791041999465,1.819033832785983,,,,
TriMean,109,0.7524242424242424,0.7524242424242424,0.0006633371169566543,0.000663337116956654,0.7528340548340549,0.745108225108225,0.7592640692640693,1.4368645511433422,1.8187381848892124,,,,
TriMean,110,0.7524242424242424,0.7524242424242424,0.0006583741398176514,0.0006583741398176513,0.752917748917749,0.7449350649350649,0.7597402597402597,1.4367776828967058,1.8176345840501178,,,,
TriMean,111,0.7528138528138528,0.7528138528138528,0.0006456832557713127,0.0006456832557713126,0.7532121212121211,0.7456709956709957,0.7602164502164502,1.4364253483963503,1.816819375021969,,,,
TriMean,112,0.7533333333333333,0.7533333333333333,0.0006432881731228678,0.0006432881731228675,0.7536421356421356,0.7458441558441559,0.7608225108225108,1.436313606841598,1.817234694911413,,,,
TriMean,113,0.7533766233766234,0.7533766233766234,0.0006225565483827853,0.0006225565483827853,0.7536421356421356,0.7457142857142857,0.7604329004329005,1.4360975806038354,1.817624419021509,,,,
TriMean,114,0.7534632034632035,0.7534632034632035,0.0006187846350326807,0.0006187846350326806,0.7537546897546896,0.7459307359307359,0.7608225108225108,1.4364511095913646,1.8170314460934782,,,,
TriMean,115,0.754025974025974,0.754025974025974,0.0006156247187464614,0.0006156247187464613,0.7540923520923521,0.7464935064935065,0.7611255411255411,1.4367950962039662,1.8166317826476663,,,,
TriMean,116,0.7541558441558441,0.7541558441558441,0.0005818904888497803,0.0005818904888497802,0.7541414141414143,0.7475757575757576,0.7613419913419913,1.4371180586634664,1.8166391576981191,,,,
TriMean,117,0.7546320346320347,0.7546320346320347,0.0005785071473416148,0.0005785071473416147,0.7546147186147187,0.7475757575757576,0.7612554112554113,1.4373264849861194,1.8149941760728936,,,,
TriMean,118,0.7545021645021645,0.7545021645021645,0.0005818959040680458,0.0005818959040680458,0.7548023088023087,0.7477056277056277,0.7623376623376623,1.4374266598720473,1.8154695967485979,,,,
TriMean,119,0.754978354978355,0.754978354978355,0.0005784736139289281,0.000578473613928928,0.7550620490620491,0.7477056277056277,0.7620779220779221,1.4371404129833831,1.8149083848687948,,,,
TriMean,120,0.755021645021645,0.755021645021645,0.0005658178829138441,0.0005658178829138441,0.7552842712842712,0.7472294372294372,0.7629004329004329,1.4371421936175266,1.8149466874918367,,,,
TriMean,121,0.7550649350649351,0.7550649350649351,0.0005656308800576457,0.0005656308800576456,0.7553823953823954,0.7473593073593073,0.7626839826839826,1.437086598785589,1.8142477960735555,,,,
TriMean,122,0.7549350649350649,0.7549350649350649,0.0005687220787625968,0.0005687220787625967,0.7550707070707071,0.748008658008658,0.7618181818181818,1.4366935904923412,1.8156600131216518,,,,
TriMean,123,0.7546320346320347,0.7546320346320347,0.0005565073468930282,0.000556507346893028,0.7551486291486292,0.7484848484848485,0.7625974025974026,1.4370567025126033,1.816872945658587,,,,
TriMean,124,0.7547619047619047,0.7547619047619047,0.0005513496718961012,0.0005513496718961012,0.755096681096681,0.7481385281385281,0.7621212121212121,1.4368687891257612,1.8158282701048287,,,,
TriMean,125,0.7549350649350649,0.7549350649350649,0.0005362234983951545,0.0005362234983951544,0.755012987012987,0.7487445887445887,0.7616450216450217,1.4366829013148898,1.8150850287955063,,,,
TriMean,126,0.7547619047619047,0.7547619047619047,0.0005246315215169234,0.0005246315215169232,0.7548051948051947,0.748008658008658,0.7612987012987013,1.4364782247165593,1.8155546415082064,,,,
TriMean,127,0.7549350649350649,0.7549350649350649,0.0004948578779986271,0.0004948578779986268,0.7546955266955266,0.7477922077922078,0.7612987012987013,1.4364654516426496,1.8155759854586753,,,,
TriMean,128,0.7547186147186147,0.7547186147186147,0.0004964236299544757,0.0004964236299544756,0.7549610389610389,0.7480519480519481,0.7610389610389611,1.4364520444472286,1.8158410052627891,,,,
TriMean,129,0.7550649350649351,0.7550649350649351,0.0004937089120570696,0.0004937089120570693,0.7551139971139971,0.7487878787878788,0.7613419913419913,1.4359822910949407,1.8166877515566682,,,,
TriMean,130,0.7548484848484849,0.7548484848484849,0.0004947877651028643,0.0004947877651028642,0.7550880230880231,0.7485281385281385,0.7612987012987013,1.4362676855120857,1.8151716551222534,,,,
TriMean,131,0.755021645021645,0.755021645021645,0.00048456852843171256,0.00048456852843171234,0.7550909090909091,0.7487012987012988,0.7612987012987013,1.4358439952418136,1.8161493457631954,,,,
TriMean,132,0.755021645021645,0.755021645021645,0.0004790768088949399,0.0004790768088949398,0.7552409812409813,0.7483549783549783,0.761991341991342,1.4359614296796075,1.8146980638509003,,,,
TriMean,133,0.7551082251082251,0.7551082251082251,0.00045501956358639384,0.0004550195635863937,0.7554256854256853,0.7488744588744589,0.7623809523809524,1.4357299497984073,1.8158100313656607,,,,
TriMean,134,0.7552813852813853,0.7552813852813853,0.0004554420254816414,0.00045544202548164123,0.7553275613275613,0.7489177489177489,0.7613852813852814,1.4358499701786893,1.8171260911810818,,,,
TriMean,135,0.7554112554112554,0.7554112554112554,0.0004448443895259783,0.0004448443895259782,0.7554170274170274,0.7485714285714286,0.7614285714285715,1.4359424921453618,1.8168628697883764,,,,
TriMean,136,0.7553679653679654,0.7553679653679654,0.00045827877835072914,0.00045827877835072893,0.7555555555555554,0.7494372294372295,0.7623376623376623,1.4354935903225123,1.816381513692606,,,,
TriMean,137,0.7557142857142857,0.7557142857142857,0.0004608851256605848,0.00046088512566058476,0.7558874458874458,0.7499134199134199,0.7624242424242424,1.4351688175959436,1.8161881364834593,,,,
TriMean,138,0.7557142857142857,0.7557142857142857,0.00044692672410686285,0.00044692672410686263,0.7556911976911976,0.7493939393939394,0.7626839826839826,1.4354555652071141,1.815134031771903,,,,
TriMean,139,0.756017316017316,0.756017316017316,0.0004417447627825386,0.00044174476278253846,0.7561298701298701,0.7506060606060606,0.7625541125541125,1.435427213191031,1.815198496455474,,,,
TriMean,140,0.7558874458874459,0.7558874458874459,0.00043868035035737055,0.0004386803503573704,0.7562886002886002,0.7505627705627705,0.7618614718614719,1.435247682969567,1.814314442474278,,,,
TriMean,141,0.7558441558441559,0.7558441558441559,0.0004223211994411319,0.0004223211994411317,0.7560346320346322,0.7499567099567099,0.7616883116883116,1.4354337289630659,1.8153291619241185,,,,
TriMean,142,0.7556709956709957,0.7556709956709957,0.00040789487718713587,0.00040789487718713576,0.7559249639249638,0.7502597402597403,0.7616883116883116,1.4353157978111486,1.8161221197317645,,,,
TriMean,143,0.756017316017316,0.756017316017316,0.00040595437999539044,0.00040595437999539044,0.7559567099567098,0.7500432900432901,0.7620779220779221,1.4351733905239121,1.8155657872786162,,,,
TriMean,144,0.7561904761904762,0.7561904761904762,0.00039300945669858037,0.0003930094566985804,0.756063492063492,0.75,0.7622943722943722,1.4350922023130719,1.8151318805528793,,,,
TriMean,145,0.7562770562770563,0.7562770562770563,0.00040023474413097154,0.0004002347441309715,0.7561847041847043,0.7503030303030302,0.7622510822510823,1.435730321338832,1.814773874713041,,,,
TriMean,146,0.755974025974026,0.755974025974026,0.0003878903189960837,0.00038789031899608367,0.75602886002886,0.7503030303030302,0.7619047619047619,1.4353649220161793,1.8145837240419487,,,,
TriMean,147,0.7558874458874459,0.7558874458874459,0.0003694436919181329,0.0003694436919181328,0.7560865800865799,0.7513852813852814,0.7615151515151515,1.435571209166385,1.815530226359574,,,,
TriMean,148,0.7562770562770563,0.7562770562770563,0.0003656371029200837,0.0003656371029200837,0.7563145743145743,0.7510822510822511,0.7619047619047619,1.4354552069121402,1.8147269343759271,,,,
TriMean,149,0.7567099567099567,0.7567099567099567,0.0003617686045577513,0.00036176860455775124,0.7566868686868687,0.7519047619047619,0.7622510822510823,1.4354660725694217,1.8148297376709208,,,,
TriMean,150,0.7568398268398269,0.7568398268398269,0.0003590620755156767,0.00035906207551567677,0.7567503607503607,0.751991341991342,0.7620346320346321,1.4352737741601627,1.8140549346318593,,,,
TriMean,151,0.7565800865800866,0.7565800865800866,0.0003499614227063842,0.0003499614227063841,0.7564790764790764,0.7516017316017316,0.7616017316017316,1.4353180492250255,1.8145197374149546,,,,
TriMean,152,0.7568398268398269,0.7568398268398269,0.0003525158546463128,0.0003525158546463127,0.7567532467532468,0.7517748917748918,0.7622077922077922,1.4352127579344138,1.8138639523870266,,,,
TriMean,153,0.7566233766233766,0.7566233766233766,0.0003439776388919591,0.00034397763889195906,0.7566839826839826,0.7513852813852814,0.7618181818181818,1.4351810158706757,1.8143427434400454,,,,
TriMean,154,0.7568831168831169,0.7568831168831169,0.00033893712181531883,0.0003389371218153188,0.756776334776335,0.7516883116883117,0.7621645021645022,1.4350035999140853,1.8138824794925748,,,,
TriMean,155,0.7571428571428571,0.7571428571428571,0.00034111807747675083,0.0003411180774767507,0.7565945165945166,0.7518181818181818,0.7613852813852814,1.4344916612744019,1.8137846443050774,,,,
TriMean,156,0.7570562770562771,0.7570562770562771,0.00033744298635212994,0.00033744298635212983,0.7565656565656564,0.7515151515151515,0.7612987012987013,1.4344172198753427,1.8142793599003117,,,,
TriMean,157,0.7567532467532467,0.7567532467532467,0.00032793915686915034,0.0003279391568691503,0.7564531024531024,0.7517748917748918,0.7616017316017316,1.4341117985326104,1.8147015755961973,,,,
TriMean,158,0.7567099567099567,0.7567099567099567,0.00033108596028245247,0.00033108596028245236,0.7566868686868686,0.751991341991342,0.7612121212121212,1.4343634247325454,1.8148951537674998,,,,
TriMean,159,0.7567532467532467,0.7567532467532467,0.00032525225261963685,0.0003252522526196368,0.7565829725829726,0.7519047619047619,0.7614718614718615,1.4346341946543801,1.8147431860614631,,,,
TriMean,160,0.7565800865800866,0.7565800865800866,0.00031567624128097066,0.00031567624128097066,0.7566435786435786,0.751991341991342,0.761991341991342,1.4343085512737033,1.8147948011653894,,,,
TriMean,161,0.7566233766233766,0.7566233766233766,0.0003155391535287625,0.00031553915352876245,0.7567647907647908,0.7522077922077922,0.7615151515151515,1.434205240909671,1.8153896900489783,,,,
TriMean,162,0.7568398268398269,0.7568398268398269,0.0003149264728687155,0.0003149264728687154,0.7567012987012987,0.751991341991342,0.7611255411255411,1.434238792184724,1.8146832722996404,,,,
TriMean,163,0.757012987012987,0.757012987012987,0.0003174815373493214,0.00031748153734932133,0.7569264069264069,0.7514718614718615,0.7614718614718615,1.4338258660807648,1.8143000753256269,,,,
TriMean,164,0.7575757575757576,0.7575757575757576,0.00031490064148039084,0.00031490064148039074,0.7572092352092351,0.7522510822510823,0.7617748917748918,1.4341752761803108,1.814432293468947,,,,
TriMean,165,0.7577922077922078,0.7577922077922078,0.00032304112781431007,0.00032304112781431,0.7573795093795095,0.7525974025974026,0.7618614718614719,1.4345640861166618,1.8137062844638705,,,,
TriMean,166,0.7572294372294373,0.7572294372294373,0.00030968270945157516,0.000309682709451575,0.7573044733044733,0.7522943722943723,0.7617748917748918,1.4342667550566808,1.8137433094336142,,,,
TriMean,167,0.7571861471861472,0.7571861471861472,0.00029285933136778393,0.0002928593313677839,0.7573823953823954,0.7525974025974026,0.7614285714285715,1.4346197467164692,1.813124761084584,,,,
TriMean,168,0.7571861471861472,0.7571861471861472,0.0002896071666851985,0.0002896071666851984,0.7573477633477633,0.7523376623376623,0.7612121212121212,1.4342460478212267,1.8131144529879655,,,,
TriMean,169,0.7572727272727273,0.7572727272727273,0.00029286588426865635,0.0002928658842686563,0.7574083694083693,0.7522510822510823,0.7618614718614719,1.4335701276475081,1.8135767532930336,,,,
TriMean,170,0.7578354978354979,0.7578354978354979,0.0002897734850267104,0.00028977348502671037,0.7576161616161615,0.7530735930735931,0.7623376623376623,1.4337701837765429,1.8137613679442997,,,,
TriMean,171,0.7577489177489177,0.7577489177489177,0.0002812929761160057,0.00028129297611600567,0.7577402597402599,0.7533333333333333,0.7620779220779221,1.4342071454530856,1.8135905946404325,,,,
TriMean,172,0.7577922077922078,0.7577922077922078,0.0002790815612152763,0.0002790815612152762,0.7576681096681098,0.7530735930735931,0.7624242424242424,1.434034090924586,1.8137754799840287,,,,
TriMean,173,0.7577922077922078,0.7577922077922078,0.00028414756210723505,0.00028414756210723495,0.7576623376623376,0.7531601731601731,0.7622943722943722,1.4336344930566294,1.8146124579932723,,,,
TriMean,174,0.7577489177489177,0.7577489177489177,0.00028557268310304055,0.00028557268310304044,0.7575526695526698,0.7528138528138528,0.7632467532467533,1.433617492147423,1.8148429127656904,,,,
TriMean,175,0.7576623376623377,0.7576623376623377,0.0002787875514904612,0.00027878755149046117,0.7574747474747476,0.7527272727272727,0.7618181818181818,1.4337021471305131,1.8144545997939114,,,,
TriMean,176,0.7576190476190476,0.7576190476190476,0.0002798665548924063,0.00027986655489240625,0.7575036075036076,0.7523809523809524,0.7626406926406927,1.4337159646159492,1.8139222427897694,,,,
TriMean,177,0.7575324675324675,0.7575324675324675,0.00028142041354854415,0.00028142041354854404,0.757165945165945,0.7523376623376623,0.7616450216450217,1.4336211663340968,1.8138351416434486,,,,
TriMean,178,0.7576623376623377,0.7576623376623377,0.00026802137611318504,0.000268021376113185,0.7572900432900432,0.7528138528138528,0.7616450216450217,1.4333033863614089,1.8138762723540762,,,,
TriMean,179,0.758008658008658,0.758008658008658,0.0002628546003042814,0.0002628546003042814,0.7575959595959596,0.7525974025974026,0.7616450216450217,1.4333962668587203,1.8135188917386647,,,,
TriMean,180,0.7579220779220779,0.7579220779220779,0.0002640793951409352,0.0002640793951409351,0.7576652236652237,0.7528138528138528,0.761991341991342,1.43362107639225,1.8138950125874413,,,,
TriMean,181,0.7579220779220779,0.7579220779220779,0.00025411536821642487,0.00025411536821642476,0.7575007215007215,0.7526406926406927,0.7617316017316017,1.4334307037861282,1.813952965704464,,,,
TriMean,182,0.7572727272727273,0.7572727272727273,0.0002663440773047933,0.0002663440773047933,0.7575151515151515,0.7520346320346321,0.7621645021645022,1.4332316177714426,1.8136287235959117,,,,
TriMean,183,0.7574891774891774,0.7574891774891774,0.00026297824518679836,0.0002629782451867983,0.7574054834054833,0.7523809523809524,0.7618614718614719,1.432932088003035,1.814656671397068,,,,
TriMean,184,0.7573160173160173,0.7573160173160173,0.00026369829185189235,0.00026369829185189224,0.7573506493506493,0.7521212121212121,0.7618181818181818,1.4326451820069068,1.8144663287889744,,,,
TriMean,185,0.7575324675324675,0.7575324675324675,0.0002483851406910513,0.00024838514069105126,0.7575180375180375,0.7524675324675325,0.7623376623376623,1.432887376847424,1.8138638999703283,,,,
TriMean,186,0.7577489177489177,0.7577489177489177,0.00025449167406269165,0.0002544916740626916,0.7575295815295817,0.7523809523809524,0.761991341991342,1.432864627420476,1.8137774420269506,,,,
TriMean,187,0.7580519480519481,0.7580519480519481,0.00025358601940621663,0.00025358601940621663,0.7577316017316017,0.7524675324675325,0.7624675324675325,1.4327944160323165,1.8138262907080032,,,,
TriMean,188,0.7582251082251082,0.7582251082251082,0.0002485860871825605,0.00024858608718256045,0.7578354978354979,0.7529004329004328,0.7622077922077922,1.4328290465425364,1.8138830117168196,,,,
TriMean,189,0.758008658008658,0.758008658008658,0.00024472709029393013,0.0002447270902939301,0.7577575757575755,0.7535064935064935,0.7614718614718615,1.4328085826192163,1.8134989301077102,,,,
TriMean,190,0.758008658008658,0.758008658008658,0.00023634415625482458,0.0002363441562548245,0.7577835497835499,0.7536796536796537,0.7613852813852814,1.4327758478025405,1.8137270231189904,,,,
TriMean,191,0.758008658008658,0.758008658008658,0.0002317240056443836,0.00023172400564438355,0.7578816738816738,0.7538095238095238,0.7613852813852814,1.4329502749077871,1.814103069901853,,,,
TriMean,192,0.757965367965368,0.757965367965368,0.00023689925811638544,0.0002368992581163854,0.7578499278499279,0.753030303030303,0.7618181818181818,1.4333224075224842,1.8139464520157742,,,,
TriMean,193,0.758008658008658,0.758008658008658,0.00023013170154178404,0.00023013170154178398,0.7579769119769121,0.754025974025974,0.7623809523809524,1.4334309848561446,1.8146496236177474,,,,
TriMean,194,0.7582251082251082,0.7582251082251082,0.00023170553766107464,0.0002317055376610746,0.7581529581529582,0.7538528138528139,0.7623376623376623,1.4331011076527271,1.813814082158169,,,,
TriMean,195,0.7582683982683983,0.7582683982683983,0.00022568878151542975,0.0002256887815154297,0.7583434343434343,0.7543722943722944,0.7622510822510823,1.4332504551898197,1.8135604944625194,,,,
TriMean,196,0.7585714285714286,0.7585714285714286,0.00022490668257559485,0.00022490668257559482,0.7582886002886002,0.7541991341991342,0.7623376623376623,1.4333275270502064,1.8138256179619288,,,,
TriMean,197,0.7584415584415585,0.7584415584415585,0.00021844189940950213,0.00021844189940950216,0.7585367965367965,0.7546320346320347,0.7624675324675325,1.433276359100551,1.8136799093597065,,,,
TriMean,198,0.7584848484848485,0.7584848484848485,0.00022200914308238506,0.000222009143082385,0.7584444444444445,0.7548051948051948,0.7626406926406927,1.4333427198822044,1.813779906176447,,,,
TriMean,199,0.7584848484848485,0.7584848484848485,0.00021097851439110944,0.00021097851439110936,0.7584963924963924,0.7546320346320347,0.7622510822510823,1.4332580557029424,1.8137003816387691,,,,
CooMed,0,0.7122943722943723,0.7122943722943723,0.03815478473465414,0.03815478473465413,0.537038961038961,0.30077922077922076,0.726926406926407,2.1013158490463595,2.2582045962922073,,,,
CooMed,1,0.7345887445887446,0.7345887445887446,0.04840585239282736,0.04840585239282735,0.6381096681096682,0.402987012987013,0.7719480519480519,1.977126616579613,2.1856462553676383,,,,
CooMed,2,0.7412554112554113,0.7412554112554113,0.04838188242001078,0.04838188242001078,0.6842366522366522,0.5038961038961038,0.7926406926406926,1.8922358773831054,2.133635171051745,,,,
CooMed,3,0.7401731601731601,0.7401731601731601,0.045361700921286545,0.04536170092128654,0.7052063492063493,0.5472727272727272,0.7941991341991342,1.8333564022109703,2.077473391170671,,,,
CooMed,4,0.7444155844155844,0.7444155844155844,0.04060427520736278,0.04060427520736276,0.7177229437229437,0.5846320346320346,0.7946753246753246,1.8042728921714846,2.042034952092444,,,,
CooMed,5,0.7418181818181818,0.7418181818181818,0.034356337292738764,0.03435633729273876,0.7256681096681098,0.6105627705627705,0.7958441558441558,1.77046784492939,2.0087082889115786,,,,
CooMed,6,0.7434632034632035,0.7434632034632035,0.03140181759828685,0.03140181759828685,0.7300548340548338,0.6235064935064935,0.793939393939394,1.7622301515379493,1.9699545488171255,,,,
CooMed,7,0.741904761904762,0.741904761904762,0.025856262887817335,0.025856262887817325,0.7318614718614718,0.6338095238095238,0.7921645021645022,1.7422016226581436,1.953616258236461,,,,
CooMed,8,0.7382683982683983,0.7382683982683983,0.023410049141974417,0.02341004914197441,0.7302655122655123,0.6412554112554113,0.793073593073593,1.7178493427799175,1.9492116392090115,,,,
CooMed,9,0.73991341991342,0.73991341991342,0.021353501159170642,0.02135350115917064,0.73401443001443,0.6521645021645022,0.7887878787878788,1.7006960411390608,1.9293216075711006,,,,
CooMed,10,0.7361038961038961,0.7361038961038961,0.018782151002539944,0.01878215100253994,0.7310476190476192,0.6622077922077922,0.788051948051948,1.678062414477965,1.924571641651154,,,,
CooMed,11,0.7342424242424243,0.7342424242424243,0.01697995941843498,0.01697995941843497,0.7304271284271284,0.6616017316017316,0.7819047619047619,1.659079818375851,1.9240519658885722,,,,
CooMed,12,0.7354112554112554,0.7354112554112554,0.014808101610786675,0.014808101610786674,0.7323174603174604,0.6664069264069264,0.7768398268398269,1.638188299349167,1.908600708321323,,,,
CooMed,13,0.7338095238095238,0.7338095238095238,0.013524767484640307,0.013524767484640304,0.7318181818181819,0.6715584415584416,0.7767099567099567,1.6263568644947286,1.9048073340652965,,,,
CooMed,14,0.732987012987013,0.732987012987013,0.012457779112028767,0.012457779112028763,0.730914862914863,0.6736363636363636,0.7738961038961039,1.6155421882957115,1.9022603998678647,,,,
CooMed,15,0.7317316017316017,0.7317316017316017,0.01131079747925282,0.011310797479252817,0.730075036075036,0.6785714285714286,0.772077922077922,1.601674388076109,1.8984230317710555,,,,
CooMed,16,0.7306060606060606,0.7306060606060606,0.010608182882404952,0.010608182882404948,0.7292092352092351,0.6792207792207792,0.7717316017316017,1.591416499698642,1.892913358949227,,,,
CooMed,17,0.7336363636363636,0.7336363636363636,0.009349078393782847,0.009349078393782843,0.731979797979798,0.6843290043290043,0.7678787878787878,1.5799124494174819,1.8824127599835372,,,,
CooMed,18,0.7316017316017316,0.7316017316017316,0.008416746603225557,0.008416746603225559,0.7308369408369407,0.6894372294372294,0.7620346320346321,1.573874555451487,1.8817249462342553,,,,
CooMed,19,0.7312554112554113,0.7312554112554113,0.007674722046329604,0.007674722046329603,0.7300779220779222,0.6886147186147186,0.7642424242424243,1.558254719205507,1.8806541795181029,,,,
CooMed,20,0.7316017316017316,0.7316017316017316,0.006848971219217288,0.006848971219217287,0.7300923520923522,0.691038961038961,0.7588311688311689,1.5563961805580822,1.8769340181994938,,,,
CooMed,21,0.7303896103896104,0.7303896103896104,0.006317834921351047,0.006317834921351045,0.730025974025974,0.6945454545454546,0.7597835497835498,1.5482444651593008,1.8730560212503229,,,,
CooMed,22,0.7286580086580087,0.7286580086580087,0.005794157093610723,0.005794157093610722,0.7282886002886003,0.6964935064935065,0.7551515151515151,1.5428918686691682,1.874019018711478,,,,
CooMed,23,0.7286147186147186,0.7286147186147186,0.005394702279578857,0.005394702279578856,0.7276652236652237,0.6946753246753247,0.7562337662337663,1.5375062240460384,1.8721459522049464,,,,
CooMed,24,0.7280519480519481,0.7280519480519481,0.004987331467308475,0.004987331467308474,0.7277287157287158,0.6986580086580086,0.7547619047619047,1.5318730916883012,1.8708067858015127,,,,
CooMed,25,0.7291341991341991,0.7291341991341991,0.004956958796528609,0.004956958796528608,0.728989898989899,0.7003463203463204,0.7542424242424243,1.5279442202079918,1.8719527140019414,,,,
CooMed,26,0.7281818181818182,0.7281818181818182,0.004619429387647829,0.0046194293876478274,0.7277604617604617,0.6991341991341992,0.7521645021645021,1.5222130932796762,1.8677269326774821,,,,
CooMed,27,0.7274458874458875,0.7274458874458875,0.004428804375871502,0.004428804375871501,0.7275584415584416,0.6986147186147186,0.7514718614718615,1.521043690608541,1.866271005435617,,,,
CooMed,28,0.7264502164502165,0.7264502164502165,0.004075096204199518,0.004075096204199517,0.7270418470418469,0.7021645021645022,0.7502597402597403,1.5144980403158557,1.866998323814537,,,,
CooMed,29,0.7275324675324676,0.7275324675324676,0.0038453132350256586,0.003845313235025659,0.726903318903319,0.7025541125541126,0.7491341991341991,1.5118893144658818,1.8675644952139057,,,,
CooMed,30,0.7273160173160174,0.7273160173160174,0.0035797452678806435,0.003579745267880644,0.727044733044733,0.704935064935065,0.7479653679653679,1.5046916183017913,1.8689703239939113,,,,
CooMed,31,0.7257142857142858,0.7257142857142858,0.0035251358706765517,0.003525135870676551,0.7260808080808079,0.7033766233766233,0.7462770562770563,1.5017446553014837,1.8674633635580882,,,,
CooMed,32,0.7254978354978355,0.7254978354978355,0.0034624933402198814,0.003462493340219881,0.7256854256854257,0.7036363636363636,0.7463203463203463,1.4981891006555523,1.8659944462321745,,,,
CooMed,33,0.7264935064935065,0.7264935064935065,0.003116982599585949,0.003116982599585948,0.7270707070707071,0.7058441558441558,0.7458008658008658,1.4950328053396083,1.863759811058448,,,,
CooMed,34,0.7258874458874459,0.7258874458874459,0.002918039611310285,0.0029180396113102844,0.7264559884559885,0.7064935064935065,0.7453246753246753,1.491493960510995,1.8651315109589455,,,,
CooMed,35,0.7266233766233766,0.7266233766233766,0.002703843069737094,0.0027038430697370937,0.7265396825396826,0.7062770562770563,0.744025974025974,1.4898987670366797,1.8638159529506104,,,,
CooMed,36,0.7274025974025974,0.7274025974025974,0.0025370906314108755,0.002537090631410875,0.7274487734487736,0.7088311688311688,0.7423809523809524,1.4860445615261644,1.8611984662787722,,,,
CooMed,37,0.726926406926407,0.726926406926407,0.0025122013179421357,0.0025122013179421357,0.7267301587301586,0.7082683982683983,0.7417748917748918,1.4850155407784444,1.861863881879859,,,,
CooMed,38,0.7268831168831169,0.7268831168831169,0.0023384612158294997,0.0023384612158294997,0.7270822510822511,0.71004329004329,0.743982683982684,1.4864456843333314,1.860142121000905,,,,
CooMed,39,0.7268398268398268,0.7268398268398268,0.0023306110983799264,0.002330611098379926,0.7268196248196249,0.7115151515151515,0.7434199134199134,1.484524255315293,1.861943723856793,,,,
CooMed,40,0.7267532467532467,0.7267532467532467,0.0021555260173000616,0.002155526017300061,0.7263694083694084,0.7093073593073593,0.742900432900433,1.4818327648814313,1.8597633953232866,,,,
CooMed,41,0.7260606060606061,0.7260606060606061,0.002123267059776875,0.002123267059776875,0.725933621933622,0.7082251082251082,0.7412987012987013,1.4798439442727367,1.8590867261261064,,,,
CooMed,42,0.7271861471861472,0.7271861471861472,0.002089425408839791,0.002089425408839791,0.7272380952380954,0.7105194805194806,0.741904761904762,1.4793133170323525,1.8600587641781454,,,,
CooMed,43,0.728008658008658,0.728008658008658,0.0019887889666680538,0.0019887889666680533,0.7280779220779219,0.7112121212121212,0.741991341991342,1.477198750385111,1.855862126887166,,,,
CooMed,44,0.7271861471861472,0.7271861471861472,0.0018371091801864627,0.0018371091801864627,0.7273766233766232,0.7122077922077922,0.7399567099567099,1.4736315063479677,1.8549151497393594,,,,
CooMed,45,0.7277489177489177,0.7277489177489177,0.0018688241815630982,0.0018688241815630977,0.7277922077922077,0.7117316017316018,0.7405194805194805,1.4737037112912539,1.8546683284636087,,,,
CooMed,46,0.7278787878787879,0.7278787878787879,0.0017564845416490652,0.0017564845416490646,0.7285425685425686,0.7135497835497836,0.7396103896103896,1.471994851094579,1.8547919022808075,,,,
CooMed,47,0.7277489177489177,0.7277489177489177,0.0017056825734458408,0.0017056825734458403,0.7285310245310245,0.7121645021645021,0.7405627705627705,1.4706736497636377,1.8536327269176667,,,,
CooMed,48,0.7276623376623377,0.7276623376623377,0.0015846075268284205,0.0015846075268284205,0.728782106782107,0.7144588744588745,0.7407359307359307,1.4700550959525467,1.8517290888323727,,,,
CooMed,49,0.7287445887445887,0.7287445887445887,0.0015039684325686598,0.0015039684325686596,0.7292121212121212,0.7151515151515152,0.7407359307359307,1.467100824972939,1.8522344268853632,,,,
CooMed,50,0.729047619047619,0.729047619047619,0.0014878483543031794,0.0014878483543031792,0.7290649350649351,0.7152380952380952,0.7406493506493507,1.4668891232692942,1.8530266526710546,,,,
CooMed,51,0.7294372294372294,0.7294372294372294,0.001498944533184296,0.0014989445331842963,0.7292265512265512,0.7141558441558442,0.7416450216450217,1.4652224395159368,1.8525042663450788,,,,
CooMed,52,0.7302597402597403,0.7302597402597403,0.0014434243595758203,0.0014434243595758199,0.7301067821067821,0.7158008658008658,0.7402164502164502,1.4645352669133016,1.8508185272531334,,,,
CooMed,53,0.7304329004329004,0.7304329004329004,0.0013805152132857878,0.001380515213285788,0.729873015873016,0.7170995670995671,0.7411255411255411,1.4631559276156063,1.8505139018694752,,,,
CooMed,54,0.73004329004329,0.73004329004329,0.0013407703382030062,0.0013407703382030056,0.7301818181818182,0.7165367965367966,0.7408658008658009,1.4615996514889866,1.8509661587837551,,,,
CooMed,55,0.7306060606060606,0.7306060606060606,0.0012890264541520746,0.0012890264541520744,0.7303463203463202,0.7178354978354978,0.741991341991342,1.4592747788867262,1.8501061157308678,,,,
CooMed,56,0.7305194805194806,0.7305194805194806,0.0012626084908462637,0.0012626084908462635,0.7302135642135641,0.7172727272727273,0.7396969696969697,1.4596023668019051,1.8512380471428742,,,,
CooMed,57,0.7304329004329004,0.7304329004329004,0.0011401135479399726,0.0011401135479399728,0.730109668109668,0.718917748917749,0.74,1.458978613608794,1.8508426380997105,,,,
CooMed,58,0.7306060606060606,0.7306060606060606,0.0011349715520762235,0.0011349715520762235,0.7303174603174604,0.7195238095238096,0.7393506493506493,1.4595877874477334,1.850007563782306,,,,
CooMed,59,0.7299567099567099,0.7299567099567099,0.0011069392069469662,0.0011069392069469658,0.7299711399711399,0.7194805194805195,0.7394805194805195,1.4581366009643446,1.8497810115314888,,,,
CooMed,60,0.7303463203463203,0.7303463203463203,0.001083530026091993,0.0010835300260919928,0.7301298701298702,0.719004329004329,0.7398268398268398,1.4573707037343397,1.8511072237596662,,,,
CooMed,61,0.7300865800865801,0.7300865800865801,0.001052647836504209,0.001052647836504209,0.7299971139971139,0.7193506493506493,0.7413419913419913,1.456324285779468,1.8510742154374002,,,,
CooMed,62,0.7295670995670995,0.7295670995670995,0.0010008922161540098,0.0010008922161540096,0.7292178932178931,0.7187878787878788,0.7393939393939394,1.4562714679350606,1.850810411463474,,,,
CooMed,63,0.7297402597402597,0.7297402597402597,0.0009570670316405258,0.0009570670316405256,0.7297287157287156,0.7198268398268398,0.7392640692640693,1.455683496180351,1.8511913013914418,,,,
CooMed,64,0.7293939393939394,0.7293939393939394,0.0009306621961696836,0.0009306621961696832,0.7295007215007215,0.718917748917749,0.7378787878787879,1.4550274492354704,1.8508526143803343,,,,
CooMed,65,0.7301298701298702,0.7301298701298702,0.00090650972126995,0.00090650972126995,0.7301414141414142,0.7206493506493507,0.7387445887445887,1.4543345121602127,1.85089258952738,,,,
CooMed,66,0.7299567099567099,0.7299567099567099,0.0008748234475839796,0.0008748234475839793,0.729950937950938,0.7215584415584415,0.7378354978354978,1.4537001891739958,1.8514191110375964,,,,
CooMed,67,0.7301298701298702,0.7301298701298702,0.0008782694555208716,0.0008782694555208714,0.7301125541125543,0.7209523809523809,0.7385281385281385,1.4520988876355587,1.8499856054553248,,,,
CooMed,68,0.7298701298701299,0.7298701298701299,0.0008440452168358821,0.000844045216835882,0.7299047619047617,0.7210822510822511,0.7378354978354978,1.4517165030165646,1.8513985672544064,,,,
CooMed,69,0.7299567099567099,0.7299567099567099,0.0008012469075412584,0.0008012469075412583,0.7303318903318903,0.7214718614718615,0.7384415584415585,1.4519429935258454,1.8492988827743297,,,,
CooMed,70,0.7298701298701299,0.7298701298701299,0.0008049251154053906,0.0008049251154053904,0.7302077922077923,0.7212987012987013,0.7384848484848485,1.451349387714262,1.8502091365931406,,,,
CooMed,71,0.7299567099567099,0.7299567099567099,0.0007762951967363412,0.000776295196736341,0.7301414141414143,0.7204329004329004,0.7382251082251082,1.4506451110804057,1.8489498874800747,,,,
CooMed,72,0.73004329004329,0.73004329004329,0.000777307283310599,0.0007773072833105989,0.7303492063492063,0.7209090909090909,0.7382251082251082,1.4496413654877718,1.8510975704852106,,,,
CooMed,73,0.7303463203463203,0.7303463203463203,0.0007579083501762726,0.0007579083501762724,0.7308455988455987,0.7224242424242424,0.7385714285714285,1.449624174175939,1.8503322944681302,,,,
CooMed,74,0.7303896103896104,0.7303896103896104,0.0007298213605950422,0.0007298213605950421,0.7307099567099564,0.7219480519480519,0.7390909090909091,1.4490664271143547,1.8507063323325448,,,,
CooMed,75,0.7308658008658009,0.7308658008658009,0.0007286839258718217,0.0007286839258718216,0.7310389610389609,0.7218614718614719,0.7389177489177489,1.4485139600456896,1.8498519137058556,,,,
CooMed,76,0.7308658008658009,0.7308658008658009,0.0007161738983536823,0.0007161738983536822,0.7313621933621933,0.7224675324675325,0.7393073593073594,1.4481512002062311,1.852076766082537,,,,
CooMed,77,0.7306926406926407,0.7306926406926407,0.0006793160674574739,0.0006793160674574736,0.731027417027417,0.7225108225108225,0.7391774891774892,1.4480409668080423,1.8511250077696362,,,,
CooMed,78,0.730995670995671,0.730995670995671,0.0006626823771682294,0.0006626823771682293,0.7308253968253968,0.7212121212121212,0.7393073593073594,1.4469987439799297,1.8506550617392805,,,,
CooMed,79,0.7307792207792208,0.7307792207792208,0.0006603149923612704,0.0006603149923612704,0.7309956709956711,0.7221645021645021,0.739004329004329,1.4467530379342408,1.8500652312474002,,,,
CooMed,80,0.7311255411255412,0.7311255411255412,0.000660256477155871,0.0006602564771558708,0.7311370851370851,0.7227705627705627,0.7383116883116884,1.446814578818782,1.849719585156083,,,,
CooMed,81,0.7315584415584415,0.7315584415584415,0.0006329870277121412,0.000632987027712141,0.7314256854256853,0.7229437229437229,0.738008658008658,1.44770902927193,1.8506884723099866,,,,
CooMed,82,0.7315151515151516,0.7315151515151516,0.0006245132445176744,0.0006245132445176743,0.7315007215007214,0.7224242424242424,0.7397402597402597,1.4471030280513615,1.8503904760130072,,,,
CooMed,83,0.731904761904762,0.731904761904762,0.0005851951286293199,0.0005851951286293197,0.7316940836940837,0.7235064935064935,0.7391341991341991,1.4465990066547858,1.8497330460713077,,,,
CooMed,84,0.7318181818181818,0.7318181818181818,0.000561655656639724,0.0005616556566397239,0.7318037518037517,0.7243290043290044,0.7381385281385281,1.4465055844398274,1.8500360404133376,,,,
CooMed,85,0.7325541125541125,0.7325541125541125,0.0005629477354719057,0.0005629477354719055,0.7325829725829727,0.7246320346320346,0.7393506493506493,1.4463759795424505,1.848929468156922,,,,
CooMed,86,0.7328571428571429,0.7328571428571429,0.0005457171761507284,0.0005457171761507283,0.7328225108225107,0.7246753246753247,0.7402164502164502,1.4463621927960784,1.848585968141226,,,,
CooMed,87,0.733030303030303,0.733030303030303,0.0005511663894133856,0.0005511663894133855,0.7330649350649351,0.7250649350649351,0.7400865800865801,1.4458895021000389,1.8483736645915039,,,,
CooMed,88,0.733030303030303,0.733030303030303,0.0005571676834907992,0.0005571676834907989,0.732943722943723,0.7245021645021645,0.7403030303030304,1.4456578841090788,1.8477941739128552,,,,
CooMed,89,0.7330735930735931,0.7330735930735931,0.0005517313359536503,0.0005517313359536502,0.7330476190476192,0.7241558441558441,0.7394805194805195,1.4454641076771124,1.8458867166089896,,,,
CooMed,90,0.7331168831168832,0.7331168831168832,0.0005301144918260207,0.0005301144918260205,0.7328427128427129,0.7245454545454545,0.7391341991341991,1.4451744314806931,1.8478842432562779,,,,
CooMed,91,0.7333333333333333,0.7333333333333333,0.0005066206550392817,0.0005066206550392815,0.733096681096681,0.7251515151515151,0.7399567099567099,1.4447423432515725,1.8470947897647507,,,,
CooMed,92,0.7335497835497835,0.7335497835497835,0.0005114095522109568,0.0005114095522109568,0.7336450216450215,0.7254978354978355,0.7401298701298701,1.4442496777092988,1.846918638836067,,,,
CooMed,93,0.7334199134199134,0.7334199134199134,0.0004594500370878728,0.0004594500370878727,0.7334718614718615,0.7267099567099568,0.7395670995670995,1.4443037120328532,1.847469164965751,,,,
CooMed,94,0.7335930735930736,0.7335930735930736,0.00046449633037447653,0.0004644963303744765,0.7333852813852815,0.726926406926407,0.7392640692640693,1.4438064416610075,1.846326764485647,,,,
CooMed,95,0.7338528138528139,0.7338528138528139,0.0004642603546764371,0.0004642603546764371,0.7337085137085136,0.7274458874458875,0.7405194805194805,1.4438933817726283,1.8465087156673416,,,,
CooMed,96,0.7337662337662337,0.7337662337662337,0.00046100756567003505,0.00046100756567003505,0.7336883116883116,0.7274025974025974,0.7396103896103896,1.4425984336826625,1.8468403613560413,,,,
CooMed,97,0.7335064935064936,0.7335064935064936,0.00046164480429503025,0.0004616448042950301,0.7334834054834055,0.7266666666666667,0.7394805194805195,1.4429801303560503,1.8470205981838796,,,,
CooMed,98,0.7335064935064936,0.7335064935064936,0.0004502320085968208,0.0004502320085968207,0.7334776334776334,0.7266666666666667,0.7396536796536797,1.4429052364847166,1.8475498760233793,,,,
CooMed,99,0.7338528138528139,0.7338528138528139,0.00044071910958854316,0.0004407191095885431,0.7337200577200578,0.726926406926407,0.7393506493506493,1.4426590999017312,1.8476177572976777,,,,
CooMed,100,0.7336363636363636,0.7336363636363636,0.00042859406944666437,0.0004285940694466642,0.7336825396825397,0.726926406926407,0.7392640692640693,1.44219385517392,1.8467624236856008,,,,
CooMed,101,0.733982683982684,0.733982683982684,0.0004174435604209423,0.0004174435604209423,0.7337546897546897,0.7272727272727273,0.7393073593073594,1.441765831516424,1.84633027963375,,,,
CooMed,102,0.7336796536796537,0.7336796536796537,0.00038992450589640755,0.00038992450589640744,0.7336536796536796,0.727922077922078,0.7392207792207792,1.4417203725952021,1.8471646949093572,,,,
CooMed,103,0.7336796536796537,0.7336796536796537,0.000402450847838723,0.00040245084783872295,0.7335699855699855,0.7271428571428571,0.7392207792207792,1.4403551806669608,1.8474781410959753,,,,
CooMed,104,0.7335064935064936,0.7335064935064936,0.00038995803105452205,0.000389958031054522,0.7333593073593074,0.7274025974025974,0.7382251082251082,1.4404938440060784,1.8479395160887693,,,,
CooMed,105,0.7334199134199134,0.7334199134199134,0.00040053390233511815,0.00040053390233511804,0.7332698412698412,0.727012987012987,0.7380519480519481,1.4404341277787713,1.8477029954629698,,,,
CooMed,106,0.7337662337662337,0.7337662337662337,0.0003896841653230963,0.00038968416532309615,0.7336017316017317,0.7275757575757575,0.7383116883116884,1.4397312146091366,1.8475360835507277,,,,
CooMed,107,0.7335497835497835,0.7335497835497835,0.00038435825701026085,0.0003843582570102608,0.7336507936507938,0.7272727272727273,0.7385281385281385,1.4399855118537255,1.847419582698845,,,,
CooMed,108,0.7338095238095238,0.7338095238095238,0.0003910285843568346,0.00039102858435683454,0.734031746031746,0.7271861471861472,0.7381818181818182,1.439332249164396,1.8472485957372817,,,,
CooMed,109,0.7337662337662337,0.7337662337662337,0.000360756065160207,0.000360756065160207,0.7344126984126985,0.7285281385281386,0.7393073593073594,1.4396175137149059,1.846104683699279,,,,
CooMed,110,0.7343290043290043,0.7343290043290043,0.00035496406817668916,0.00035496406817668916,0.7346320346320347,0.7288311688311688,0.7389177489177489,1.439570605871207,1.845890650262225,,,,
CooMed,111,0.7344155844155844,0.7344155844155844,0.0003445432255414234,0.0003445432255414233,0.7347532467532469,0.7294805194805195,0.7396536796536797,1.4390352888828364,1.8450047223129589,,,,
CooMed,112,0.7347186147186148,0.7347186147186148,0.0003439963358916226,0.00034399633589162257,0.735007215007215,0.7297835497835498,0.7397402597402597,1.4391851065890533,1.845017987102301,,,,
CooMed,113,0.735021645021645,0.735021645021645,0.0003310257490912178,0.00033102574909121786,0.7353217893217894,0.72991341991342,0.7401298701298701,1.438782606078048,1.8454091002162332,,,,
CooMed,114,0.7351515151515151,0.7351515151515151,0.00032949087486346823,0.0003294908748634682,0.7354170274170274,0.73004329004329,0.7395670995670995,1.4390901447156763,1.8444722274912377,,,,
CooMed,115,0.7354978354978355,0.7354978354978355,0.00032950281695205745,0.0003295028169520574,0.7357460317460318,0.7311255411255412,0.7400432900432901,1.4393116520487368,1.844500825160024,,,,
CooMed,116,0.7357575757575757,0.7357575757575757,0.00029989659985816516,0.0002998965998581651,0.73595670995671,0.731904761904762,0.7404761904761905,1.4393632877686262,1.8436983280327202,,,,
CooMed,117,0.7363636363636363,0.7363636363636363,0.0003046242534504063,0.0003046242534504063,0.7362828282828283,0.7316883116883117,0.7406060606060606,1.4399519843085067,1.8425780323511372,,,,
CooMed,118,0.7361904761904762,0.7361904761904762,0.00030999577632683423,0.0003099957763268342,0.7364906204906205,0.732034632034632,0.7414718614718615,1.439688774590099,1.842876092165882,,,,
CooMed,119,0.7361904761904762,0.7361904761904762,0.0003107101263047002,0.00031071012630470016,0.7365945165945166,0.7321212121212122,0.7408225108225108,1.439722490151897,1.8427796416255782,,,,
CooMed,120,0.7363636363636363,0.7363636363636363,0.00029262147656496286,0.0002926214765649628,0.7364906204906205,0.7312554112554113,0.7417316017316017,1.4397094484693342,1.8425661520200904,,,,
CooMed,121,0.7362770562770563,0.7362770562770563,0.000290944507243175,0.00029094450724317494,0.7367041847041846,0.7322943722943723,0.7415584415584415,1.43952898448129,1.8416740393195958,,,,
CooMed,122,0.736017316017316,0.736017316017316,0.0002950925537194873,0.0002950925537194872,0.7366637806637806,0.7320779220779221,0.7411255411255411,1.4389668067510548,1.8428266880371726,,,,
CooMed,123,0.735974025974026,0.735974025974026,0.00028770908956946966,0.00028770908956946966,0.7366060606060606,0.7318181818181818,0.7416017316017316,1.4396535388550644,1.8439084102109602,,,,
CooMed,124,0.7361471861471861,0.7361471861471861,0.00028567623414881785,0.0002856762341488178,0.7365829725829727,0.7314718614718615,0.7415151515151515,1.4390796468565132,1.8432301242741054,,,,
CooMed,125,0.7361904761904762,0.7361904761904762,0.00028090503862404913,0.0002809050386240491,0.7366984126984126,0.7317316017316017,0.7412554112554113,1.439225074402589,1.8424887621066772,,,,
CooMed,126,0.7361471861471861,0.7361471861471861,0.0002777260095321042,0.0002777260095321041,0.7366810966810966,0.7315151515151516,0.7411255411255411,1.438860691421215,1.842751510255483,,,,
CooMed,127,0.7364935064935065,0.7364935064935065,0.0002656988370057809,0.0002656988370057809,0.7366031746031746,0.7318614718614719,0.7404329004329004,1.4384202444276024,1.8426155249677052,,,,
CooMed,128,0.7367532467532467,0.7367532467532467,0.00027013510566372686,0.0002701351056637268,0.7370360750360749,0.7322510822510823,0.7412987012987013,1.438472091691637,1.842995772332338,,,,
CooMed,129,0.7368831168831169,0.7368831168831169,0.00026094613345881954,0.00026094613345881954,0.7370591630591631,0.7322077922077922,0.7415584415584415,1.4380475533894366,1.8432656471010842,,,,
CooMed,130,0.7368398268398269,0.7368398268398269,0.0002638243435561003,0.0002638243435561002,0.7370360750360753,0.7325974025974026,0.741038961038961,1.4381214408369614,1.8424351381181039,,,,
CooMed,131,0.7364069264069264,0.7364069264069264,0.0002528989334396256,0.0002528989334396255,0.7369004329004328,0.7325541125541125,0.7409523809523809,1.437502587376329,1.8426455873095104,,,,
CooMed,132,0.7366666666666667,0.7366666666666667,0.0002481625453615487,0.0002481625453615487,0.7371313131313132,0.732034632034632,0.7414285714285714,1.4378179621462013,1.8422244593450325,,,,
CooMed,133,0.7371428571428571,0.7371428571428571,0.0002350143582600062,0.00023501435826000616,0.7372640692640694,0.7325108225108226,0.7419480519480519,1.4376766944930328,1.842626698073233,,,,
CooMed,134,0.7370562770562771,0.7370562770562771,0.00024234655033021665,0.00024234655033021665,0.7372438672438674,0.7324675324675325,0.7414285714285714,1.437662312828855,1.8438052266891805,,,,
CooMed,135,0.7373593073593073,0.7373593073593073,0.00022969623798712525,0.00022969623798712514,0.7372929292929291,0.7327705627705627,0.7416017316017316,1.4377011102014317,1.8427861719331222,,,,
CooMed,136,0.7372727272727273,0.7372727272727273,0.00024413703593906348,0.0002441370359390635,0.7374025974025975,0.7329437229437229,0.7420779220779221,1.4371719518266282,1.8427867826747963,,,,
CooMed,137,0.7376623376623377,0.7376623376623377,0.00024166419354560253,0.0002416641935456025,0.7379163059163057,0.7332900432900433,0.7424675324675325,1.4368529171818238,1.8425154809600612,,,,
CooMed,138,0.7374891774891775,0.7374891774891775,0.00022846637499432217,0.00022846637499432214,0.7376565656565657,0.733030303030303,0.7423376623376623,1.4372181098067627,1.8422828009295105,,,,
CooMed,139,0.7378787878787879,0.7378787878787879,0.00022454377753316674,0.00022454377753316666,0.7380375180375179,0.7342424242424243,0.7424242424242424,1.4370985382541417,1.8420924767259288,,,,
CooMed,140,0.7383549783549783,0.7383549783549783,0.00022550562505803653,0.00022550562505803647,0.7384184704184703,0.7342857142857143,0.7418614718614719,1.4370354813715356,1.8410137347858557,,,,
CooMed,141,0.7384848484848485,0.7384848484848485,0.0002185195250650078,0.00021851952506500778,0.7384098124098125,0.7344155844155844,0.7420779220779221,1.436870472416509,1.8420657059520433,,,,
CooMed,142,0.7383982683982684,0.7383982683982684,0.0002094493574716069,0.00020944935747160696,0.7381904761904762,0.7338095238095238,0.742034632034632,1.4366746912033466,1.8423936841797013,,,,
CooMed,143,0.7384415584415585,0.7384415584415585,0.0002052053010198606,0.0002052053010198606,0.7383088023088024,0.7344155844155844,0.7423809523809524,1.4366347903632766,1.8416985844192428,,,,
CooMed,144,0.7385714285714285,0.7385714285714285,0.00020236045859675558,0.00020236045859675555,0.7384704184704184,0.7345021645021645,0.7421645021645021,1.4368603093619983,1.8416191918349087,,,,
CooMed,145,0.7385714285714285,0.7385714285714285,0.00020822260965989075,0.00020822260965989067,0.7385627705627706,0.7347619047619047,0.7423809523809524,1.437274643470888,1.8413771923792157,,,,
CooMed,146,0.7383116883116884,0.7383116883116884,0.00020382829995703114,0.00020382829995703103,0.7381385281385281,0.7342857142857143,0.7417748917748918,1.4367351044553585,1.841036860657638,,,,
CooMed,147,0.7384415584415585,0.7384415584415585,0.00019880258506207448,0.0001988025850620745,0.7384502164502165,0.735021645021645,0.741991341991342,1.4368804654058196,1.8417683050876297,,,,
CooMed,148,0.7387445887445887,0.7387445887445887,0.00019195534971896595,0.00019195534971896592,0.7389523809523809,0.7354545454545455,0.743030303030303,1.4367765230131064,1.8408780371268831,,,,
CooMed,149,0.7391774891774892,0.7391774891774892,0.0001911929470465812,0.00019119294704658118,0.7392294372294371,0.7354978354978355,0.743030303030303,1.436885581119731,1.8412865134778817,,,,
CooMed,150,0.7393939393939394,0.7393939393939394,0.00018825611794462182,0.00018825611794462182,0.7393044733044734,0.7356277056277056,0.7429437229437229,1.4365525882389913,1.8399400230730683,,,,
CooMed,151,0.7390476190476191,0.7390476190476191,0.00018889559130884205,0.00018889559130884205,0.7391746031746032,0.7356709956709957,0.7425541125541125,1.4365746923419542,1.8406440174815657,,,,
CooMed,152,0.7394805194805195,0.7394805194805195,0.00018706481099005495,0.0001870648109900549,0.7394401154401156,0.7357142857142858,0.7431601731601731,1.436713690295119,1.8400101078721365,,,,
CooMed,153,0.7393506493506493,0.7393506493506493,0.0001849023234234229,0.00018490232342342284,0.7394603174603175,0.7353679653679653,0.7425108225108226,1.4364743719799626,1.8399058995935968,,,,
CooMed,154,0.7393939393939394,0.7393939393939394,0.0001783376321124918,0.00017833763211249175,0.7394256854256853,0.7350649350649351,0.7432467532467533,1.4363341032350527,1.8402764850875062,,,,
CooMed,155,0.7393073593073594,0.7393073593073594,0.00017802062655015888,0.0001780206265501588,0.7393708513708515,0.7356709956709957,0.7423809523809524,1.4358795540551026,1.8401375012027068,,,,
CooMed,156,0.7390476190476191,0.7390476190476191,0.0001772860689643776,0.00017728606896437758,0.7391919191919192,0.7353246753246753,0.7428571428571429,1.4357367647174246,1.840842534871073,,,,
CooMed,157,0.739004329004329,0.739004329004329,0.00017110713940841332,0.00017110713940841327,0.739096681096681,0.7352380952380952,0.7427272727272727,1.4354878082540024,1.840876602927037,,,,
CooMed,158,0.7394372294372294,0.7394372294372294,0.00017253031929976854,0.00017253031929976849,0.7395036075036076,0.7354545454545455,0.7433766233766234,1.4356761845514896,1.8408692072394413,,,,
CooMed,159,0.7394372294372294,0.7394372294372294,0.00017188690757152195,0.00017188690757152195,0.7394314574314574,0.7354112554112554,0.7429437229437229,1.4359079334497364,1.8408949928126812,,,,
CooMed,160,0.7393939393939394,0.7393939393939394,0.00016200985691760167,0.00016200985691760164,0.7393448773448773,0.7353246753246753,0.7430735930735931,1.4355077327073005,1.8404706942148943,,,,
CooMed,161,0.7392640692640693,0.7392640692640693,0.000166888986553619,0.000166888986553619,0.7394862914862916,0.7358441558441559,0.7426839826839827,1.4352989041637454,1.8409347548431534,,,,
CooMed,162,0.7393073593073594,0.7393073593073594,0.00016755315774823182,0.00016755315774823182,0.7396767676767676,0.7354978354978355,0.742900432900433,1.4353288056251845,1.840088761478969,,,,
CooMed,163,0.74,0.74,0.00017089043406519572,0.0001708904340651957,0.7398989898989898,0.7353679653679653,0.7435497835497835,1.4348289582212257,1.8399789305662946,,,,
CooMed,164,0.7401731601731601,0.7401731601731601,0.00016743516599309366,0.00016743516599309363,0.7400779220779221,0.7359307359307359,0.7436796536796537,1.4352194490241013,1.8400143417954469,,,,
CooMed,165,0.7402597402597403,0.7402597402597403,0.00016833834781231253,0.0001683383478123125,0.7402886002886003,0.7363203463203464,0.7438095238095238,1.4355856905859714,1.8396739271140665,,,,
CooMed,166,0.7404761904761905,0.7404761904761905,0.0001604027306794279,0.0001604027306794279,0.7403665223665222,0.7360606060606061,0.7438528138528139,1.4351622947786846,1.8394054557507222,,,,
CooMed,167,0.7401731601731601,0.7401731601731601,0.00015327025535842093,0.00015327025535842085,0.740178932178932,0.7366666666666667,0.7431168831168831,1.4357039737063906,1.83933511993436,,,,
CooMed,168,0.7401298701298701,0.7401298701298701,0.00015233433488800338,0.00015233433488800338,0.7402943722943722,0.7361471861471861,0.7435064935064936,1.4350469635919247,1.8393736509242506,,,,
CooMed,169,0.7401731601731601,0.7401731601731601,0.00015201093654618205,0.00015201093654618203,0.7401962481962482,0.7364502164502165,0.743030303030303,1.434455126214531,1.8395743769967832,,,,
CooMed,170,0.74,0.74,0.00014856533351408383,0.0001485653335140838,0.7402395382395383,0.7370995670995671,0.7438095238095238,1.4346563302308328,1.8397285882751744,,,,
CooMed,171,0.7399567099567099,0.7399567099567099,0.00014297032083533038,0.00014297032083533033,0.7402597402597402,0.7373160173160174,0.7432034632034632,1.4351385521156776,1.8391591174886703,,,,
CooMed,172,0.7400865800865801,0.7400865800865801,0.00014380286705779533,0.00014380286705779533,0.7403434343434342,0.7372294372294372,0.7437662337662337,1.4346996383190385,1.8394683272816597,,,,
CooMed,173,0.7400865800865801,0.7400865800865801,0.0001490840906266075,0.00014908409062660747,0.7401356421356422,0.7364935064935065,0.743030303030303,1.4344539135807521,1.8399905866788606,,,,
CooMed,174,0.7402597402597403,0.7402597402597403,0.00015147359219576688,0.00015147359219576685,0.7401038961038962,0.7364935064935065,0.7443290043290043,1.4344589457624366,1.84019892593494,,,,
CooMed,175,0.7401731601731601,0.7401731601731601,0.0001445493804773444,0.00014454938047734437,0.74001443001443,0.7361471861471861,0.742987012987013,1.4346541998263467,1.8401237601262335,,,,
CooMed,176,0.7403030303030304,0.7403030303030304,0.0001469937007589425,0.00014699370075894248,0.7402279942279942,0.7367099567099568,0.7432467532467533,1.4342853608699546,1.8395850681780956,,,,
CooMed,177,0.7402164502164502,0.7402164502164502,0.00014755929188122258,0.00014755929188122252,0.740077922077922,0.7364502164502165,0.7432467532467533,1.434427431915207,1.8396355686508572,,,,
CooMed,178,0.7400432900432901,0.7400432900432901,0.0001399658381703047,0.00013996583817030468,0.7400202020202021,0.7366666666666667,0.7429437229437229,1.4338492003302516,1.8395601387326548,,,,
CooMed,179,0.7400865800865801,0.7400865800865801,0.0001361756805292835,0.0001361756805292835,0.740025974025974,0.7368398268398269,0.742900432900433,1.4341282144637963,1.8392650705343092,,,,
CooMed,180,0.7405194805194805,0.7405194805194805,0.0001385273696267416,0.00013852736962674156,0.7403751803751804,0.7369696969696969,0.7429437229437229,1.4342054689849628,1.8398178301517236,,,,
CooMed,181,0.7401731601731601,0.7401731601731601,0.00013294606140602685,0.00013294606140602683,0.7402943722943721,0.7366233766233766,0.7429437229437229,1.4340092498839458,1.8392877780919508,,,,
CooMed,182,0.7403896103896104,0.7403896103896104,0.00014047300658969866,0.00014047300658969863,0.7402597402597404,0.7369264069264069,0.7432034632034632,1.433882876715402,1.8392651075769084,,,,
CooMed,183,0.7398701298701299,0.7398701298701299,0.00013602688616976414,0.00013602688616976414,0.739982683982684,0.7364069264069264,0.7429437229437229,1.433378505958548,1.8401395191958818,,,,
CooMed,184,0.7401298701298701,0.7401298701298701,0.00013524468099936052,0.0001352446809993605,0.740095238095238,0.7361904761904762,0.7429437229437229,1.4331148305979682,1.8395942151216895,,,,
CooMed,185,0.7401731601731601,0.7401731601731601,0.00012962607822764334,0.0001296260782276433,0.7401933621933624,0.7363636363636363,0.743030303030303,1.4336220200035996,1.8395419005804547,,,,
CooMed,186,0.7402597402597403,0.7402597402597403,0.0001367556777769865,0.00013675567777698646,0.7402164502164502,0.7362337662337662,0.7431601731601731,1.433233675866479,1.8396186944888127,,,,
CooMed,187,0.7403463203463203,0.7403463203463203,0.0001320849954468995,0.00013208499544689948,0.7403145743145744,0.7364935064935065,0.7433333333333333,1.4332485632780698,1.839182523689364,,,,
CooMed,188,0.7403030303030304,0.7403030303030304,0.00013174493982632504,0.00013174493982632502,0.7405137085137086,0.7375324675324675,0.7433766233766234,1.4333291082745097,1.8394000044669703,,,,
CooMed,189,0.7403463203463203,0.7403463203463203,0.00012680717420493655,0.00012680717420493652,0.7404877344877345,0.7375324675324675,0.7432900432900433,1.4333758300304615,1.8390374540458077,,,,
CooMed,190,0.7404329004329004,0.7404329004329004,0.00012294656419814502,0.00012294656419814502,0.7403838383838384,0.7373160173160174,0.7430735930735931,1.433161057497043,1.839135311386407,,,,
CooMed,191,0.7404761904761905,0.7404761904761905,0.00012027124041636423,0.00012027124041636423,0.7403434343434344,0.7372727272727273,0.7425541125541125,1.433440886352233,1.83940443196901,,,,
CooMed,192,0.7405627705627705,0.7405627705627705,0.00012194212039777045,0.00012194212039777044,0.7404646464646466,0.7370562770562771,0.7432900432900433,1.4336357881555708,1.8391610185427985,,,,
CooMed,193,0.7406060606060606,0.7406060606060606,0.00012100622380560943,0.00012100622380560942,0.7407301587301587,0.7376190476190476,0.7434199134199134,1.4338571185994524,1.8396224084476922,,,,
CooMed,194,0.7406926406926407,0.7406926406926407,0.00012258717033864476,0.00012258717033864476,0.7406868686868687,0.7378787878787879,0.7435064935064936,1.4335215122601679,1.8391594938005849,,,,
CooMed,195,0.740909090909091,0.740909090909091,0.00011955980164749475,0.00011955980164749471,0.7409119769119769,0.7380952380952381,0.7437229437229437,1.4337112042686948,1.838467100891846,,,,
CooMed,196,0.7406060606060606,0.7406060606060606,0.0001178754052686877,0.00011787540526868766,0.7407301587301587,0.7376190476190476,0.7438961038961039,1.4335939243669853,1.839400772008951,,,,
CooMed,197,0.7406060606060606,0.7406060606060606,0.00011688532147842337,0.00011688532147842337,0.7408802308802309,0.7378354978354978,0.744025974025974,1.4336329532435106,1.8386956909668826,,,,
CooMed,198,0.7406060606060606,0.7406060606060606,0.00011591422005409937,0.00011591422005409936,0.7408888888888889,0.7381818181818182,0.7432900432900433,1.4336703866005451,1.8391363366834164,,,,
CooMed,199,0.740995670995671,0.740995670995671,0.00011326810501266842,0.00011326810501266842,0.741090909090909,0.7382683982683983,0.7433766233766234,1.4334596476564556,1.8388197495903789,,,,
