alg,k,test_acc,test_acc_pi,C_pi,C_unif,mean_test_acc,min_test_acc,max_test_acc,min_train_loss,max_train_loss,rho2_k,gamma_k,beta_k,byz_w_k
RDSGD_ORACLE,0,0.7823809523809524,0.7823809523809524,0.01706718584064311,0.017067185840643102,0.586121212121212,0.2990909090909091,0.7099134199134199,2.057711017853778,2.226685859410188,,,,
RDSGD_ORACLE,1,0.8141991341991341,0.8141991341991341,0.03583397549208591,0.03583397549208591,0.6620894660894662,0.3954978354978355,0.7652380952380953,1.907585759676678,2.106584677214526,,,,
RDSGD_ORACLE,2,0.825930735930736,0.825930735930736,0.05143329711586965,0.05143329711586964,0.6992323232323232,0.4668831168831169,0.7889177489177489,1.7806037798807404,2.020050144109224,,,,
RDSGD_ORACLE,3,0.8285281385281386,0.8285281385281386,0.0644194281388417,0.0644194281388417,0.7219191919191921,0.5177489177489177,0.8041125541125541,1.708529175673597,1.9510231128801512,,,,
RDSGD_ORACLE,4,0.8332034632034632,0.8332034632034632,0.08105587470264378,0.08105587470264375,0.735965367965368,0.5066666666666667,0.8108225108225108,1.5855782806393026,1.887758269226652,,,,
RDSGD_ORACLE,5,0.8332900432900433,0.8332900432900433,0.09339809113041363,0.09339809113041361,0.7483520923520925,0.5241558441558442,0.8167099567099567,1.4908213935825174,1.8404184044221301,,,,
RDSGD_ORACLE,6,0.8336796536796537,0.8336796536796537,0.10659947900921893,0.1065994790092189,0.757953823953824,0.5256277056277057,0.8225541125541126,1.4170725558749147,1.8260080890090569,,,,
RDSGD_ORACLE,7,0.8372727272727273,0.8372727272727273,0.11204483481601533,0.11204483481601528,0.7693304473304473,0.5377489177489178,0.8305194805194805,1.364044357028221,1.8043455303319267,,,,
RDSGD_ORACLE,8,0.84,0.84,0.12347752035513634,0.12347752035513627,0.7752323232323232,0.5512987012987013,0.8339826839826839,1.3387429994424138,1.779657664660556,,,,
RDSGD_ORACLE,9,0.8387012987012987,0.8387012987012987,0.12419489474955561,0.12419489474955554,0.7814920634920635,0.5622943722943723,0.8324242424242424,1.3102473586917254,1.742469321281993,,,,
RDSGD_ORACLE,10,0.8413419913419914,0.8413419913419914,0.12434313009596365,0.12434313009596358,0.7887272727272727,0.5883116883116883,0.8312554112554112,1.3118656088546352,1.6988142878280723,,,,
RDSGD_ORACLE,11,0.842034632034632,0.842034632034632,0.11200809295859472,0.1120080929585947,0.7976334776334776,0.6067965367965368,0.8351082251082251,1.3059376990538063,1.6962020525921488,,,,
RDSGD_ORACLE,12,0.8425108225108225,0.8425108225108225,0.11175725122132592,0.11175725122132588,0.8023636363636365,0.6058008658008658,0.8386147186147186,1.2781920378622196,1.6814404222779114,,,,
RDSGD_ORACLE,13,0.8425974025974026,0.8425974025974026,0.10907487371477416,0.1090748737147741,0.8065512265512264,0.6049350649350649,0.8404329004329004,1.261669950284774,1.6804433090817579,,,,
RDSGD_ORACLE,14,0.843030303030303,0.843030303030303,0.10037434085816858,0.10037434085816854,0.8115007215007215,0.6215584415584415,0.8415584415584415,1.2590579539033455,1.6807271545857083,,,,
RDSGD_ORACLE,15,0.844025974025974,0.844025974025974,0.10567535175986437,0.1056753517598643,0.8130447330447331,0.5974891774891775,0.8427705627705627,1.233046180795348,1.6636819763415964,,,,
RDSGD_ORACLE,16,0.8441125541125541,0.8441125541125541,0.09717829730725935,0.0971782973072593,0.8167936507936508,0.6158441558441559,0.8454545454545455,1.238961468650408,1.6658346640352353,,,,
RDSGD_ORACLE,17,0.8453679653679653,0.8453679653679653,0.08425099115014605,0.08425099115014603,0.8212034632034633,0.6418614718614719,0.8443722943722943,1.2537040000279243,1.6659479478772397,,,,
RDSGD_ORACLE,18,0.8462770562770563,0.8462770562770563,0.08063255393133083,0.08063255393133077,0.8242568542568544,0.6471861471861472,0.8455411255411256,1.2473135521136638,1.6770365108666079,,,,
RDSGD_ORACLE,19,0.8478354978354978,0.8478354978354978,0.07335052890592761,0.07335052890592755,0.8281269841269843,0.6703463203463204,0.8480952380952381,1.2564618021839113,1.6790281405574818,,,,
RDSGD_ORACLE,20,0.848008658008658,0.848008658008658,0.06638970878017818,0.06638970878017812,0.8307561327561328,0.6897835497835498,0.8483549783549783,1.2677644710057088,1.6776008586963733,,,,
RDSGD_ORACLE,21,0.8477922077922078,0.8477922077922078,0.06176613326502545,0.06176613326502541,0.8324675324675324,0.7042424242424242,0.8496103896103896,1.277122941091517,1.6860344895115984,,,,
RDSGD_ORACLE,22,0.8480952380952381,0.8480952380952381,0.0569080158885942,0.056908015888594156,0.8338932178932178,0.7174025974025974,0.849004329004329,1.2864742352553868,1.6697654622537694,,,,
RDSGD_ORACLE,23,0.8479653679653679,0.8479653679653679,0.05361873966262468,0.05361873966262464,0.834943722943723,0.7283549783549783,0.8514718614718615,1.2946071174153988,1.685959973954183,,,,
RDSGD_ORACLE,24,0.8493506493506493,0.8493506493506493,0.04847216211815043,0.048472162118150405,0.8374025974025976,0.7449350649350649,0.851038961038961,1.3147548481565414,1.672734458269555,,,,
RDSGD_ORACLE,25,0.8499567099567099,0.8499567099567099,0.04372086922953658,0.04372086922953655,0.8391313131313132,0.7578787878787879,0.8515151515151516,1.326000770372373,1.6893146176093277,,,,
RDSGD_ORACLE,26,0.8497402597402598,0.8497402597402598,0.04130463755236435,0.04130463755236432,0.8399076479076479,0.7634632034632035,0.8507359307359308,1.3331962813232452,1.6935392500963655,,,,
RDSGD_ORACLE,27,0.8493073593073593,0.8493073593073593,0.03931116791004085,0.03931116791004082,0.8408196248196248,0.76995670995671,0.8512121212121212,1.3411383052482015,1.693977170888634,,,,
RDSGD_ORACLE,28,0.849004329004329,0.849004329004329,0.0368431931363808,0.03684319313638079,0.8413362193362194,0.7786580086580086,0.8508658008658009,1.350318540200417,1.7022699067013969,,,,
RDSGD_ORACLE,29,0.84991341991342,0.84991341991342,0.03244548930166472,0.032445489301664715,0.8423001443001443,0.7892640692640692,0.8523809523809524,1.374307651845224,1.6953035245918349,,,,
RDSGD_ORACLE,30,0.8500865800865801,0.8500865800865801,0.030176197374217634,0.03017619737421762,0.8436854256854256,0.7993939393939394,0.8528571428571429,1.4001046875183314,1.6811051185775276,,,,
RDSGD_ORACLE,31,0.8513419913419913,0.8513419913419913,0.027529744555404363,0.027529744555404346,0.8449004329004329,0.8045887445887446,0.8534632034632035,1.3888025945927653,1.6853851942968976,,,,
RDSGD_ORACLE,32,0.8510822510822511,0.8510822510822511,0.025586083291296902,0.02558608329129689,0.8452842712842713,0.81,0.852987012987013,1.3962172594685,1.689482168729414,,,,
RDSGD_ORACLE,33,0.8511255411255412,0.8511255411255412,0.023402379427203246,0.02340237942720324,0.8464704184704187,0.818961038961039,0.8554978354978355,1.398767525710027,1.6752702433461868,,,,
RDSGD_ORACLE,34,0.8511255411255412,0.8511255411255412,0.019892511368537945,0.019892511368537934,0.8474516594516595,0.823939393939394,0.8551948051948052,1.4017273637100123,1.6840382175425423,,,,
RDSGD_ORACLE,35,0.8516017316017316,0.8516017316017316,0.018568563683211886,0.01856856368321188,0.848083694083694,0.827922077922078,0.8561038961038961,1.4025576126102146,1.6652972366219327,,,,
RDSGD_ORACLE,36,0.8512987012987013,0.8512987012987013,0.01671067965865872,0.01671067965865872,0.8483780663780665,0.8287012987012987,0.8556709956709957,1.405345296640074,1.6594794577698488,,,,
RDSGD_ORACLE,37,0.8525974025974026,0.8525974025974026,0.01584183755690054,0.015841837556900537,0.8494718614718615,0.8333766233766233,0.8552380952380952,1.4041257765363118,1.6547809207895572,,,,
RDSGD_ORACLE,38,0.8526839826839827,0.8526839826839827,0.0141794391254161,0.014179439125416096,0.8496825396825398,0.8348917748917749,0.8546753246753247,1.3955750305676138,1.6791472650243071,,,,
RDSGD_ORACLE,39,0.8526406926406926,0.8526406926406926,0.013185980476032207,0.013185980476032207,0.8499278499278501,0.8378787878787879,0.8551082251082252,1.3893667964815979,1.679364392588701,,,,
RDSGD_ORACLE,40,0.8529004329004329,0.8529004329004329,0.011768869794148974,0.011768869794148974,0.8502712842712843,0.8391341991341992,0.8557575757575757,1.3992861482307213,1.6782877400761211,,,,
RDSGD_ORACLE,41,0.8532034632034632,0.8532034632034632,0.010983967481837296,0.01098396748183729,0.850932178932179,0.8402164502164502,0.8552813852813853,1.3905661328552033,1.6853733320332411,,,,
RDSGD_ORACLE,42,0.8537662337662337,0.8537662337662337,0.010935713866674008,0.010935713866674005,0.8512496392496394,0.8406493506493506,0.8553679653679653,1.397956294342195,1.694206139243375,,,,
RDSGD_ORACLE,43,0.8543290043290044,0.8543290043290044,0.01047205846325831,0.01047205846325831,0.8518701298701299,0.8410822510822511,0.8557575757575757,1.4004131642345592,1.690027396357209,,,,
RDSGD_ORACLE,44,0.8545021645021645,0.8545021645021645,0.009805340455825845,0.009805340455825843,0.8518412698412698,0.8424242424242424,0.8561904761904762,1.3972373055411147,1.674801536393717,,,,
RDSGD_ORACLE,45,0.8539393939393939,0.8539393939393939,0.009867843074833583,0.009867843074833581,0.8518354978354978,0.8416450216450216,0.8559307359307359,1.3916106901201355,1.6795098926768932,,,,
RDSGD_ORACLE,46,0.8540692640692641,0.8540692640692641,0.009849000878656507,0.009849000878656505,0.85204329004329,0.8423809523809523,0.8564502164502165,1.3984824372702356,1.6803456767131513,,,,
RDSGD_ORACLE,47,0.8543722943722943,0.8543722943722943,0.010877098278384446,0.010877098278384444,0.8517229437229439,0.838051948051948,0.8564935064935065,1.3965591503295087,1.6812906326244987,,,,
RDSGD_ORACLE,48,0.8543722943722943,0.8543722943722943,0.010504064110421983,0.01050406411042198,0.8521443001443002,0.8427272727272728,0.8564935064935065,1.3878726785599667,1.6768681274490218,,,,
RDSGD_ORACLE,49,0.855021645021645,0.855021645021645,0.010425812877588637,0.010425812877588637,0.8523896103896104,0.8398701298701299,0.856926406926407,1.3961555587118026,1.6846632895017641,,,,
RDSGD_ORACLE,50,0.8557575757575757,0.8557575757575757,0.011002278716394465,0.01100227871639446,0.8531111111111112,0.8425541125541125,0.8570562770562771,1.397735786772305,1.6802177128499034,,,,
RDSGD_ORACLE,51,0.856017316017316,0.856017316017316,0.009685679843978967,0.009685679843978966,0.8534199134199134,0.8437229437229438,0.8575757575757575,1.3992212992973,1.6758725628476117,,,,
RDSGD_ORACLE,52,0.856017316017316,0.856017316017316,0.008919589891138868,0.008919589891138866,0.8538874458874459,0.844025974025974,0.8570995670995671,1.4022309771429597,1.6752331286439155,,,,
RDSGD_ORACLE,53,0.8561038961038961,0.8561038961038961,0.008640808740791086,0.008640808740791086,0.8539393939393939,0.843030303030303,0.8574458874458875,1.3979482637173406,1.6771241416570883,,,,
RDSGD_ORACLE,54,0.8558008658008658,0.8558008658008658,0.00990398876117023,0.009903988761170228,0.8538152958152959,0.8401731601731601,0.8572727272727273,1.4021260828728086,1.6654186436774288,,,,
RDSGD_ORACLE,55,0.8557142857142858,0.8557142857142858,0.009007107185693135,0.009007107185693135,0.8536681096681097,0.8421645021645021,0.8567965367965368,1.4008347142905253,1.6728873464603278,,,,
RDSGD_ORACLE,56,0.8563203463203464,0.8563203463203464,0.008515419381987946,0.008515419381987946,0.8538845598845598,0.8423809523809523,0.8570995670995671,1.398205884515219,1.6738186995457967,,,,
RDSGD_ORACLE,57,0.8563636363636363,0.8563636363636363,0.00918550425332081,0.009185504253320804,0.8538961038961037,0.8397402597402598,0.8563636363636363,1.4005708711208933,1.676693046090922,,,,
RDSGD_ORACLE,58,0.8566233766233766,0.8566233766233766,0.00811158773878283,0.008111587738782828,0.8544242424242424,0.8436796536796537,0.8567965367965368,1.4023621303521459,1.6771218112513722,,,,
RDSGD_ORACLE,59,0.8564502164502165,0.8564502164502165,0.007873187858324584,0.007873187858324582,0.8546378066378065,0.844025974025974,0.8574891774891775,1.399872548207637,1.6799524660099046,,,,
RDSGD_ORACLE,60,0.8563203463203464,0.8563203463203464,0.007305573463257347,0.007305573463257347,0.8549119769119768,0.8444155844155844,0.8579653679653679,1.399475989825748,1.6829611719592743,,,,
RDSGD_ORACLE,61,0.8564069264069264,0.8564069264069264,0.007192119803260695,0.007192119803260694,0.854926406926407,0.8453246753246754,0.8583116883116884,1.4023315508490035,1.6712118841402237,,,,
RDSGD_ORACLE,62,0.8564502164502165,0.8564502164502165,0.00656420779362396,0.006564207793623959,0.8551976911976912,0.8469696969696969,0.8574458874458875,1.403259709164154,1.6628381125014966,,,,
RDSGD_ORACLE,63,0.8562337662337662,0.8562337662337662,0.006137048707782841,0.00613704870778284,0.8552236652236653,0.8465367965367966,0.8576190476190476,1.4036058059314074,1.6693875224077375,,,,
RDSGD_ORACLE,64,0.8565367965367965,0.8565367965367965,0.006090487370044235,0.006090487370044236,0.8554112554112553,0.847922077922078,0.8575324675324675,1.402267668465472,1.6757850327162434,,,,
RDSGD_ORACLE,65,0.8569696969696969,0.8569696969696969,0.005836503530712464,0.0058365035307124625,0.8556911976911976,0.848008658008658,0.8577056277056277,1.4065368356204098,1.6744749925606617,,,,
RDSGD_ORACLE,66,0.8564502164502165,0.8564502164502165,0.00593994885950039,0.00593994885950039,0.8554891774891774,0.849047619047619,0.8572294372294372,1.4048710746256545,1.6705603015042296,,,,
RDSGD_ORACLE,67,0.8570995670995671,0.8570995670995671,0.006125810838438755,0.006125810838438755,0.8559278499278499,0.8491341991341992,0.8578787878787879,1.4084439149514294,1.6753405991447914,,,,
RDSGD_ORACLE,68,0.8571428571428571,0.8571428571428571,0.005677258022079817,0.005677258022079816,0.8560057720057722,0.8497835497835498,0.8581385281385281,1.4074449495920638,1.675154412246664,,,,
RDSGD_ORACLE,69,0.8575324675324675,0.8575324675324675,0.0056465111266884365,0.005646511126688437,0.8562539682539683,0.8507359307359308,0.8580952380952381,1.405022748486692,1.6777289638235775,,,,
RDSGD_ORACLE,70,0.8572294372294372,0.8572294372294372,0.005350351691960734,0.005350351691960735,0.8565541125541125,0.8510822510822511,0.8582251082251082,1.3999385943712768,1.6757789301145907,,,,
RDSGD_ORACLE,71,0.8570562770562771,0.8570562770562771,0.005151571175340609,0.005151571175340608,0.8563232323232325,0.851038961038961,0.8583116883116884,1.4038809223573068,1.6790718924798362,,,,
RDSGD_ORACLE,72,0.8566666666666667,0.8566666666666667,0.0050553034803912855,0.005055303480391281,0.8560173160173162,0.8514718614718615,0.8574891774891775,1.4075740140596182,1.6833537463993669,,,,
RDSGD_ORACLE,73,0.8564502164502165,0.8564502164502165,0.0048602683461606965,0.004860268346160697,0.8561587301587302,0.8512554112554113,0.8577922077922078,1.4059844121188159,1.6863744587411575,,,,
RDSGD_ORACLE,74,0.8568398268398268,0.8568398268398268,0.004972299215840023,0.004972299215840022,0.8562972582972583,0.8515151515151516,0.8583116883116884,1.4029643739851823,1.687397358437945,,,,
RDSGD_ORACLE,75,0.8570995670995671,0.8570995670995671,0.004934566031517208,0.004934566031517207,0.8563780663780665,0.8525541125541125,0.8582251082251082,1.4033140924397942,1.6881728941440541,,,,
RDSGD_ORACLE,76,0.857012987012987,0.857012987012987,0.004815984956707913,0.004815984956707912,0.8563867243867244,0.8518614718614719,0.8585281385281385,1.4054391136429338,1.6871787111308416,,,,
RDSGD_ORACLE,77,0.8574025974025974,0.8574025974025974,0.004813455614990564,0.004813455614990566,0.8566089466089467,0.8514718614718615,0.8583982683982684,1.404527097450144,1.6841274153249235,,,,
RDSGD_ORACLE,78,0.8574025974025974,0.8574025974025974,0.004779924079025206,0.004779924079025205,0.8566176046176046,0.8516450216450216,0.8585714285714285,1.402501205857205,1.6846113103935607,,,,
RDSGD_ORACLE,79,0.8575757575757575,0.8575757575757575,0.004274905826802968,0.004274905826802968,0.8567532467532467,0.8522943722943723,0.8588744588744589,1.4040732964365934,1.6888353349515075,,,,
RDSGD_ORACLE,80,0.8574891774891775,0.8574891774891775,0.004412765876467224,0.004412765876467224,0.8567965367965369,0.8512987012987013,0.8587878787878788,1.4041859872413407,1.6839235243608288,,,,
RDSGD_ORACLE,81,0.8574458874458875,0.8574458874458875,0.004270133745193904,0.004270133745193904,0.8567359307359308,0.8517748917748917,0.8594372294372294,1.4019243637511487,1.6841711104489152,,,,
RDSGD_ORACLE,82,0.8574891774891775,0.8574891774891775,0.004314953454500742,0.00431495345450074,0.8567705627705627,0.850995670995671,0.8590476190476191,1.4073562592354543,1.683738964689459,,,,
RDSGD_ORACLE,83,0.8569696969696969,0.8569696969696969,0.004241795614203608,0.004241795614203608,0.8567474747474747,0.8508658008658009,0.8588311688311688,1.404723577700742,1.6840770253837976,,,,
RDSGD_ORACLE,84,0.8571428571428571,0.8571428571428571,0.003863330877276157,0.003863330877276156,0.8569033189033187,0.8517316017316018,0.8589610389610389,1.4060138386339842,1.683256147905991,,,,
RDSGD_ORACLE,85,0.8571428571428571,0.8571428571428571,0.0035728228743280707,0.0035728228743280703,0.8566522366522366,0.8517316017316018,0.8587878787878788,1.4063927105646215,1.6836853586522749,,,,
RDSGD_ORACLE,86,0.8572294372294372,0.8572294372294372,0.0035914801522078294,0.003591480152207828,0.8568629148629149,0.8512987012987013,0.8584415584415584,1.4061577030896937,1.686107046706104,,,,
RDSGD_ORACLE,87,0.8574458874458875,0.8574458874458875,0.004325061540119977,0.004325061540119975,0.8569812409812411,0.8493073593073593,0.8588311688311688,1.406130271973808,1.6883364017398486,,,,
RDSGD_ORACLE,88,0.8573160173160174,0.8573160173160174,0.004130364582669982,0.004130364582669981,0.8569783549783552,0.8499567099567099,0.8599567099567099,1.4080624158021955,1.6852340985801553,,,,
RDSGD_ORACLE,89,0.8573160173160174,0.8573160173160174,0.004196733121084712,0.004196733121084712,0.8571544011544011,0.8505627705627705,0.8611255411255411,1.4062036451021513,1.6729208720537694,,,,
RDSGD_ORACLE,90,0.8582251082251082,0.8582251082251082,0.004217510877895651,0.004217510877895649,0.8573795093795092,0.8508658008658009,0.8593939393939394,1.4028846906537586,1.6802512907325344,,,,
RDSGD_ORACLE,91,0.8581385281385281,0.8581385281385281,0.003747632520359912,0.0037476325203599117,0.8572207792207792,0.8519480519480519,0.8598701298701299,1.4061454706050753,1.6786708533715788,,,,
RDSGD_ORACLE,92,0.8579653679653679,0.8579653679653679,0.003889837147829413,0.003889837147829413,0.8571544011544012,0.851991341991342,0.8605194805194806,1.4102896342156033,1.6741938735054285,,,,
RDSGD_ORACLE,93,0.8576190476190476,0.8576190476190476,0.0038101785114757207,0.003810178511475721,0.8570678210678211,0.8527705627705627,0.8605194805194806,1.4034936347884583,1.675803046586247,,,,
RDSGD_ORACLE,94,0.8579653679653679,0.8579653679653679,0.0035981116882140593,0.0035981116882140597,0.8572525252525252,0.852987012987013,0.8589610389610389,1.4066151559330646,1.6732106323293066,,,,
RDSGD_ORACLE,95,0.8576190476190476,0.8576190476190476,0.0031272559189403893,0.0031272559189403893,0.8573593073593073,0.8530735930735931,0.8593073593073594,1.4066798859709535,1.679076634832425,,,,
RDSGD_ORACLE,96,0.8579653679653679,0.8579653679653679,0.003240429667382324,0.003240429667382323,0.8574141414141415,0.8535064935064935,0.8587012987012987,1.4069568227189788,1.6821362402595037,,,,
RDSGD_ORACLE,97,0.8577922077922078,0.8577922077922078,0.0029691072512714528,0.0029691072512714528,0.8574574314574315,0.8535497835497835,0.859004329004329,1.4079919584760339,1.6843157979722811,,,,
RDSGD_ORACLE,98,0.8576623376623377,0.8576623376623377,0.0028253833147799507,0.00282538331477995,0.8575064935064936,0.8540692640692641,0.8596969696969697,1.4048528375466587,1.6826301419190763,,,,
RDSGD_ORACLE,99,0.8578354978354978,0.8578354978354978,0.00278804705115844,0.0027880470511584396,0.8575613275613275,0.8537662337662337,0.8586147186147186,1.4071986521537918,1.6852760151969208,,,,
RDSGD_ORACLE,100,0.8578354978354978,0.8578354978354978,0.0031055988490152286,0.0031055988490152286,0.8575844155844157,0.8537229437229438,0.8584848484848485,1.4062933348843,1.690201550863688,,,,
RDSGD_ORACLE,101,0.857922077922078,0.857922077922078,0.002643366252238714,0.002643366252238714,0.8576479076479075,0.8535497835497835,0.8590476190476191,1.4028770356125544,1.6855545771010347,,,,
RDSGD_ORACLE,102,0.8578354978354978,0.8578354978354978,0.0027119469877175868,0.0027119469877175868,0.8576248196248196,0.8537229437229438,0.8588311688311688,1.4053308467555974,1.6845660605493382,,,,
RDSGD_ORACLE,103,0.8577489177489177,0.8577489177489177,0.002919953405074787,0.002919953405074786,0.8573448773448775,0.8525541125541125,0.8587878787878788,1.4046639336606292,1.6828097086665492,,,,
RDSGD_ORACLE,104,0.8577922077922078,0.8577922077922078,0.0033391246976690967,0.003339124697669096,0.8572063492063493,0.8531601731601731,0.8591341991341991,1.4042514851303505,1.6843843180237914,,,,
RDSGD_ORACLE,105,0.8578787878787879,0.8578787878787879,0.0027373942208729646,0.0027373942208729638,0.857197691197691,0.8535497835497835,0.8583116883116884,1.405324552406403,1.6847471294641185,,,,
RDSGD_ORACLE,106,0.8582683982683983,0.8582683982683983,0.0027960014287758336,0.002796001428775833,0.8574430014430015,0.8533766233766233,0.8592640692640693,1.4039526894516807,1.684677929241883,,,,
RDSGD_ORACLE,107,0.8581818181818182,0.8581818181818182,0.003021969423890862,0.003021969423890861,0.8573881673881675,0.8536796536796537,0.8588744588744589,1.40616200261654,1.6863204623023047,,,,
RDSGD_ORACLE,108,0.8583549783549783,0.8583549783549783,0.0031088058933665,0.0031088058933664998,0.8574920634920635,0.8545454545454545,0.8588744588744589,1.4059811798853488,1.6867018539319392,,,,
RDSGD_ORACLE,109,0.8583116883116884,0.8583116883116884,0.002703783936532173,0.002703783936532173,0.8576911976911976,0.8551082251082252,0.8589610389610389,1.4092515219850694,1.6871866725231413,,,,
RDSGD_ORACLE,110,0.8586147186147186,0.8586147186147186,0.002891548649989636,0.002891548649989636,0.8578008658008659,0.8547619047619047,0.858917748917749,1.4087757651664483,1.684477180736221,,,,
RDSGD_ORACLE,111,0.8580519480519481,0.8580519480519481,0.0028233130214410655,0.002823313021441065,0.8578759018759019,0.8547186147186148,0.8590909090909091,1.408342345433169,1.6827300944028551,,,,
RDSGD_ORACLE,112,0.8584415584415584,0.8584415584415584,0.0029637967960824,0.0029637967960824004,0.8577489177489177,0.855021645021645,0.859004329004329,1.4107495367272227,1.6812706338419026,,,,
RDSGD_ORACLE,113,0.8582251082251082,0.8582251082251082,0.0025494966136257718,0.0025494966136257718,0.8578297258297258,0.8546320346320346,0.8588744588744589,1.4091942989597865,1.6840087516783557,,,,
RDSGD_ORACLE,114,0.8581818181818182,0.8581818181818182,0.00279592920639429,0.0027959292063942905,0.8580144300144301,0.8545021645021645,0.8592640692640693,1.41027646342407,1.6832161153160103,,,,
RDSGD_ORACLE,115,0.8583549783549783,0.8583549783549783,0.002836891650758466,0.0028368916507584647,0.857861471861472,0.8525108225108226,0.8591341991341991,1.4118764998702489,1.6835484797037124,,,,
RDSGD_ORACLE,116,0.8583549783549783,0.8583549783549783,0.002889285871307515,0.0028892858713075154,0.857953823953824,0.8533766233766233,0.858917748917749,1.4092619686184662,1.6843264311964292,,,,
RDSGD_ORACLE,117,0.8583116883116884,0.8583116883116884,0.0030855975496040153,0.0030855975496040166,0.8578037518037519,0.8532467532467533,0.8585714285714285,1.4117955501890946,1.6866422036793178,,,,
RDSGD_ORACLE,118,0.8581385281385281,0.8581385281385281,0.002599878139980849,0.0025998781399808497,0.857864357864358,0.8543290043290044,0.8588744588744589,1.4047837421269487,1.685109643172828,,,,
RDSGD_ORACLE,119,0.8581385281385281,0.8581385281385281,0.0026154552869886503,0.0026154552869886503,0.8579509379509381,0.8547619047619047,0.858917748917749,1.40794707773674,1.6856689666014835,,,,
RDSGD_ORACLE,120,0.8580519480519481,0.8580519480519481,0.002507440034825733,0.0025074400348257335,0.8581500721500721,0.8543722943722943,0.8594372294372294,1.4074268971529444,1.6847253947893237,,,,
RDSGD_ORACLE,121,0.8580952380952381,0.8580952380952381,0.002552901566888173,0.0025529015668881725,0.85815873015873,0.8548917748917749,0.8597835497835498,1.4082099407074973,1.6872553786958506,,,,
RDSGD_ORACLE,122,0.8580952380952381,0.8580952380952381,0.0023662253186502733,0.0023662253186502737,0.858181818181818,0.8553679653679653,0.8601298701298701,1.4083219465077488,1.6820899800985063,,,,
RDSGD_ORACLE,123,0.8580952380952381,0.8580952380952381,0.0024331334776425922,0.002433133477642592,0.8581616161616161,0.8555844155844156,0.8596103896103896,1.4088140023339486,1.684645806779279,,,,
RDSGD_ORACLE,124,0.8587012987012987,0.8587012987012987,0.002523890791030434,0.002523890791030434,0.858155844155844,0.8555844155844156,0.8592640692640693,1.4087226685029632,1.6862303623594477,,,,
RDSGD_ORACLE,125,0.8583982683982684,0.8583982683982684,0.002242476773222665,0.002242476773222664,0.8582712842712843,0.8555411255411255,0.8591341991341991,1.409123630580594,1.6868512516070384,,,,
RDSGD_ORACLE,126,0.8585714285714285,0.8585714285714285,0.0021340046694641405,0.0021340046694641396,0.8583232323232324,0.8557142857142858,0.8592640692640693,1.4080223658937343,1.6867500902161412,,,,
RDSGD_ORACLE,127,0.8583982683982684,0.8583982683982684,0.00248990612993182,0.00248990612993182,0.8581500721500723,0.8545454545454545,0.8593506493506493,1.408416773757342,1.6863844476308691,,,,
RDSGD_ORACLE,128,0.8583549783549783,0.8583549783549783,0.0023475962052501905,0.0023475962052501905,0.858103896103896,0.8547186147186148,0.8591774891774892,1.4089353448157622,1.6877798837964857,,,,
RDSGD_ORACLE,129,0.8588311688311688,0.8588311688311688,0.0024855957469474056,0.002485595746947405,0.8582886002886003,0.8552813852813853,0.8592640692640693,1.406563786083978,1.688002786747914,,,,
RDSGD_ORACLE,130,0.8589610389610389,0.8589610389610389,0.0024285288332129016,0.0024285288332129007,0.8583347763347764,0.8561038961038961,0.8598701298701299,1.4092431712064744,1.6889783565722505,,,,
RDSGD_ORACLE,131,0.8592207792207792,0.8592207792207792,0.0023954669576940445,0.002395466957694045,0.8584819624819625,0.8560606060606061,0.85991341991342,1.4103754218432354,1.6884394900576445,,,,
RDSGD_ORACLE,132,0.8590476190476191,0.8590476190476191,0.002401304765743,0.0024013047657429998,0.8584704184704185,0.8557142857142858,0.8598268398268398,1.409612441801103,1.6886955069772485,,,,
RDSGD_ORACLE,133,0.8592640692640693,0.8592640692640693,0.0023919959890797067,0.0023919959890797067,0.8586147186147185,0.8556709956709957,0.8596536796536797,1.4091942538629711,1.6895896657774256,,,,
RDSGD_ORACLE,134,0.8591774891774892,0.8591774891774892,0.00220804111738419,0.002208041117384191,0.8586378066378066,0.8554112554112554,0.8598701298701299,1.4096295026814563,1.6874862628950043,,,,
RDSGD_ORACLE,135,0.8591341991341991,0.8591341991341991,0.002024671327003484,0.0020246713270034855,0.8587272727272727,0.8559740259740259,0.8596969696969697,1.4093554309292744,1.6817689688816995,,,,
RDSGD_ORACLE,136,0.8592207792207792,0.8592207792207792,0.002215168473640764,0.002215168473640764,0.8587994227994229,0.856017316017316,0.85991341991342,1.4094520322045136,1.6847861983263441,,,,
RDSGD_ORACLE,137,0.8589610389610389,0.8589610389610389,0.0021889252114985452,0.0021889252114985457,0.8587243867243866,0.8561904761904762,0.8596536796536797,1.4090176760361306,1.683115208092995,,,,
RDSGD_ORACLE,138,0.8591774891774892,0.8591774891774892,0.0021168274258905376,0.0021168274258905376,0.8585598845598844,0.8554978354978355,0.8595670995670995,1.4088139076887525,1.6848034051766774,,,,
RDSGD_ORACLE,139,0.8593073593073594,0.8593073593073594,0.0021119151429472944,0.0021119151429472944,0.8587070707070706,0.8569696969696969,0.8596969696969697,1.4116589870374485,1.6803815414759726,,,,
RDSGD_ORACLE,140,0.8594372294372294,0.8594372294372294,0.0023463220214248845,0.0023463220214248854,0.8588398268398267,0.8561904761904762,0.8600865800865801,1.4084086788769405,1.6824820204481838,,,,
RDSGD_ORACLE,141,0.8594372294372294,0.8594372294372294,0.0025515218870252343,0.0025515218870252347,0.8587503607503607,0.8558874458874459,0.8600865800865801,1.4112323084929035,1.6841024057927347,,,,
RDSGD_ORACLE,142,0.859004329004329,0.859004329004329,0.0021532862698851597,0.00215328626988516,0.8587532467532468,0.8563636363636363,0.85991341991342,1.4091816829714765,1.6850407126541986,,,,
RDSGD_ORACLE,143,0.8588311688311688,0.8588311688311688,0.0021446048966266605,0.002144604896626662,0.8586955266955268,0.8560606060606061,0.8599567099567099,1.4080426227703813,1.6844780693555834,,,,
RDSGD_ORACLE,144,0.8591774891774892,0.8591774891774892,0.00231561331185355,0.0023156133118535506,0.8587012987012986,0.8563636363636363,0.8593073593073594,1.4094126852098166,1.689045459260989,,,,
RDSGD_ORACLE,145,0.8587012987012987,0.8587012987012987,0.002461391181489954,0.002461391181489955,0.8586118326118327,0.8562770562770563,0.8597402597402597,1.4087621131472945,1.6883527299687189,,,,
RDSGD_ORACLE,146,0.8591774891774892,0.8591774891774892,0.0024728188186589617,0.002472818818658962,0.8587359307359308,0.8558008658008658,0.8595670995670995,1.4093576686064735,1.6867077488815485,,,,
RDSGD_ORACLE,147,0.8592207792207792,0.8592207792207792,0.002420769581264754,0.002420769581264754,0.8588398268398268,0.8551515151515151,0.8599567099567099,1.4112429416806227,1.6852344736029727,,,,
RDSGD_ORACLE,148,0.8595670995670995,0.8595670995670995,0.0023527764087322707,0.0023527764087322707,0.8590331890331891,0.8564502164502165,0.8602164502164502,1.4104113002416634,1.6863459977439488,,,,
RDSGD_ORACLE,149,0.8594372294372294,0.8594372294372294,0.002323313183045014,0.0023233131830450136,0.8590533910533911,0.8567099567099568,0.8604329004329004,1.4097079031199484,1.6780645474576976,,,,
RDSGD_ORACLE,150,0.8591774891774892,0.8591774891774892,0.0023943162039498788,0.002394316203949879,0.859012987012987,0.8565367965367965,0.86004329004329,1.410028300288074,1.6828863442707305,,,,
RDSGD_ORACLE,151,0.8594805194805195,0.8594805194805195,0.0020106777534931227,0.0020106777534931227,0.859050505050505,0.8567532467532467,0.8598268398268398,1.4115475238100592,1.6849904247550636,,,,
RDSGD_ORACLE,152,0.8590909090909091,0.8590909090909091,0.001589649146851954,0.001589649146851954,0.858937950937951,0.8562770562770563,0.8597402597402597,1.4082619314593101,1.684851451084861,,,,
RDSGD_ORACLE,153,0.8588311688311688,0.8588311688311688,0.001830428024900221,0.0018304280249002215,0.8589321789321789,0.8564935064935065,0.8598268398268398,1.4092550971524276,1.6846383558616558,,,,
RDSGD_ORACLE,154,0.8591341991341991,0.8591341991341991,0.001749725299958195,0.0017497252999581945,0.8589956709956712,0.8568831168831169,0.8601731601731601,1.4097672776923764,1.6852831185601502,,,,
RDSGD_ORACLE,155,0.858917748917749,0.858917748917749,0.0018351446176197881,0.001835144617619788,0.8589581529581533,0.8567099567099568,0.86004329004329,1.4123870690036422,1.6849526291687074,,,,
RDSGD_ORACLE,156,0.8592207792207792,0.8592207792207792,0.0020859626624243786,0.002085962662424378,0.8590072150072152,0.8557575757575757,0.8603896103896104,1.408734807515388,1.684282864186612,,,,
RDSGD_ORACLE,157,0.8588744588744589,0.8588744588744589,0.0023002372171793536,0.002300237217179353,0.8587128427128428,0.8554545454545455,0.8597835497835498,1.4073183993992613,1.6829207706919735,,,,
RDSGD_ORACLE,158,0.8589610389610389,0.8589610389610389,0.0022431208133982397,0.0022431208133982393,0.8585483405483404,0.8552813852813853,0.8597835497835498,1.4089877665086772,1.6831989617930887,,,,
RDSGD_ORACLE,159,0.8591341991341991,0.8591341991341991,0.0017851641551852998,0.0017851641551852994,0.858848484848485,0.8557142857142858,0.8598701298701299,1.4111132574805374,1.6825794030661718,,,,
RDSGD_ORACLE,160,0.8591341991341991,0.8591341991341991,0.001820713107195999,0.0018207131071959989,0.8586839826839827,0.8555411255411255,0.8602164502164502,1.4108813334021186,1.6842044459000607,,,,
RDSGD_ORACLE,161,0.8590476190476191,0.8590476190476191,0.002135427882973289,0.0021354278829732883,0.8587936507936508,0.8563203463203464,0.8603030303030303,1.4108799999430788,1.6831626752909046,,,,
RDSGD_ORACLE,162,0.8591341991341991,0.8591341991341991,0.0019085856590723255,0.0019085856590723251,0.8588282828282828,0.857012987012987,0.8605194805194806,1.4081624385080063,1.685208375295509,,,,
RDSGD_ORACLE,163,0.8592207792207792,0.8592207792207792,0.001827954580714871,0.0018279545807148708,0.8587849927849928,0.8566666666666667,0.8605627705627705,1.4075674195965862,1.6839428856449514,,,,
RDSGD_ORACLE,164,0.8590476190476191,0.8590476190476191,0.0016555889316920644,0.0016555889316920641,0.858880230880231,0.8567099567099568,0.8605194805194806,1.4095694331194073,1.6830773642230215,,,,
RDSGD_ORACLE,165,0.8593506493506493,0.8593506493506493,0.0020690441414412883,0.002069044141441288,0.8587705627705629,0.8568831168831169,0.86004329004329,1.4113166046672987,1.6861429896125155,,,,
RDSGD_ORACLE,166,0.8594805194805195,0.8594805194805195,0.001846799377821988,0.0018467993778219878,0.8589725829725829,0.8574025974025974,0.8602164502164502,1.4107609179178728,1.6844379776746032,,,,
RDSGD_ORACLE,167,0.8593939393939394,0.8593939393939394,0.0016711521990578327,0.0016711521990578323,0.858932178932179,0.8570562770562771,0.86,1.4107348098192727,1.6853670339682254,,,,
RDSGD_ORACLE,168,0.8592207792207792,0.8592207792207792,0.0016962937201875237,0.001696293720187523,0.859004329004329,0.8571428571428571,0.8600865800865801,1.4104937959266346,1.6838980486962394,,,,
RDSGD_ORACLE,169,0.8595670995670995,0.8595670995670995,0.001653002340283625,0.001653002340283625,0.858981240981241,0.8570995670995671,0.8603896103896104,1.4107240082158559,1.6848207054950535,,,,
RDSGD_ORACLE,170,0.8593073593073594,0.8593073593073594,0.0019783955761628973,0.001978395576162897,0.859085137085137,0.8562337662337662,0.8603896103896104,1.410127317979771,1.6849554190078497,,,,
RDSGD_ORACLE,171,0.8591774891774892,0.8591774891774892,0.001835269420588639,0.0018352694205886384,0.8590360750360749,0.8566233766233766,0.8598701298701299,1.4098263142876117,1.6850721452182764,,,,
RDSGD_ORACLE,172,0.8591774891774892,0.8591774891774892,0.002253745683066086,0.0022537456830660856,0.8591890331890332,0.8557575757575757,0.8601731601731601,1.4134030777105822,1.683553640098352,,,,
RDSGD_ORACLE,173,0.8593506493506493,0.8593506493506493,0.002238357116039721,0.002238357116039721,0.8592784992784992,0.8564935064935065,0.8602164502164502,1.413298860913768,1.6841623519924378,,,,
RDSGD_ORACLE,174,0.8593939393939394,0.8593939393939394,0.0017387761588959403,0.0017387761588959403,0.8593910533910535,0.8564502164502165,0.8600865800865801,1.4123647487077564,1.6837336289669338,,,,
RDSGD_ORACLE,175,0.8594372294372294,0.8594372294372294,0.001365479141000704,0.001365479141000704,0.8593910533910533,0.8564935064935065,0.8601298701298701,1.410869564134439,1.682513072370396,,,,
RDSGD_ORACLE,176,0.8595238095238096,0.8595238095238096,0.001596269094559801,0.0015962690945598012,0.8593564213564215,0.8563203463203464,0.8606493506493507,1.4114940921159826,1.6802239727856116,,,,
RDSGD_ORACLE,177,0.8591774891774892,0.8591774891774892,0.0017992267240756427,0.0017992267240756425,0.8593304473304472,0.8571428571428571,0.8607792207792208,1.41158334293479,1.6816970821959316,,,,
RDSGD_ORACLE,178,0.8595238095238096,0.8595238095238096,0.0017704339844924475,0.001770433984492447,0.8593391053391054,0.8567965367965368,0.8602597402597403,1.4114238570238427,1.6795369915671876,,,,
RDSGD_ORACLE,179,0.8595670995670995,0.8595670995670995,0.0021285379396161655,0.002128537939616165,0.8594978354978356,0.8566233766233766,0.8604329004329004,1.4118679359889568,1.682580407591284,,,,
RDSGD_ORACLE,180,0.8595670995670995,0.8595670995670995,0.001590616493306172,0.0015906164933061717,0.8595238095238095,0.8570995670995671,0.8602164502164502,1.4121281129316556,1.68274364313454,,,,
RDSGD_ORACLE,181,0.8597402597402597,0.8597402597402597,0.0016880429097113768,0.0016880429097113764,0.8594718614718616,0.8566233766233766,0.8602164502164502,1.4116864319170035,1.6832290624241104,,,,
RDSGD_ORACLE,182,0.8594372294372294,0.8594372294372294,0.0017456808631785728,0.0017456808631785728,0.8594285714285714,0.8567532467532467,0.8601731601731601,1.4106002156329756,1.6851152294342469,,,,
RDSGD_ORACLE,183,0.8593506493506493,0.8593506493506493,0.0019557762656797254,0.001955776265679725,0.8592900432900433,0.8569696969696969,0.86004329004329,1.4091675437184814,1.684059555140752,,,,
RDSGD_ORACLE,184,0.8596536796536797,0.8596536796536797,0.00161440062391818,0.0016144006239181793,0.8593160173160175,0.8570562770562771,0.8606060606060606,1.4098718619083985,1.6791443525637963,,,,
RDSGD_ORACLE,185,0.8593506493506493,0.8593506493506493,0.0018444299350839155,0.001844429935083915,0.8592005772005774,0.8563203463203464,0.8599567099567099,1.409409029549254,1.68021840016095,,,,
RDSGD_ORACLE,186,0.8592640692640693,0.8592640692640693,0.0016173403249128864,0.0016173403249128864,0.8592784992784994,0.8565367965367965,0.8603030303030303,1.4102766620800875,1.680804546313992,,,,
RDSGD_ORACLE,187,0.8596969696969697,0.8596969696969697,0.0016611141230792553,0.0016611141230792551,0.8592034632034633,0.8567965367965368,0.8604329004329004,1.4113287211294647,1.67943958184063,,,,
RDSGD_ORACLE,188,0.8595670995670995,0.8595670995670995,0.0017172491373327675,0.0017172491373327675,0.8593015873015872,0.8571861471861472,0.8603030303030303,1.4117255299760585,1.683176138048255,,,,
RDSGD_ORACLE,189,0.8594372294372294,0.8594372294372294,0.0018757585840407304,0.0018757585840407306,0.8592871572871572,0.8570995670995671,0.8602164502164502,1.4124308601222921,1.6826753533642813,,,,
RDSGD_ORACLE,190,0.8594372294372294,0.8594372294372294,0.0016183844503779863,0.0016183844503779865,0.8593391053391054,0.8576190476190476,0.8602164502164502,1.4118313659692516,1.6824320915355648,,,,
RDSGD_ORACLE,191,0.8594805194805195,0.8594805194805195,0.0012406377034931736,0.0012406377034931738,0.8595353535353537,0.8574025974025974,0.8605627705627705,1.4117210319844156,1.6795719110975005,,,,
RDSGD_ORACLE,192,0.8594372294372294,0.8594372294372294,0.0015990298784220123,0.001599029878422013,0.8593506493506493,0.857012987012987,0.8600865800865801,1.41184964205523,1.6807956897873577,,,,
RDSGD_ORACLE,193,0.8597402597402597,0.8597402597402597,0.0015948704652701845,0.0015948704652701841,0.8593535353535354,0.8564502164502165,0.8601731601731601,1.4137517673423725,1.6820716272589493,,,,
RDSGD_ORACLE,194,0.8593506493506493,0.8593506493506493,0.0018847735480840748,0.001884773548084075,0.8593997113997115,0.8575324675324675,0.8603463203463203,1.4136603729738175,1.6797012834436775,,,,
RDSGD_ORACLE,195,0.8597835497835498,0.8597835497835498,0.0018194041426510632,0.0018194041426510634,0.8595526695526696,0.8575757575757575,0.8604329004329004,1.4132050526865036,1.6811247189294387,,,,
RDSGD_ORACLE,196,0.8596969696969697,0.8596969696969697,0.0019216151229943042,0.0019216151229943042,0.8594862914862916,0.8577922077922078,0.8606060606060606,1.4140831332118498,1.6758975995288812,,,,
RDSGD_ORACLE,197,0.8597402597402597,0.8597402597402597,0.0015720004398161365,0.0015720004398161371,0.8596017316017315,0.8581385281385281,0.8606493506493507,1.4145044435775487,1.6789297716269242,,,,
RDSGD_ORACLE,198,0.8599567099567099,0.8599567099567099,0.001707185160912838,0.0017071851609128388,0.8595382395382394,0.8574891774891775,0.8602597402597403,1.4140004730531113,1.6827620588892307,,,,
RDSGD_ORACLE,199,0.85991341991342,0.85991341991342,0.0018645507208232672,0.0018645507208232678,0.8597316017316017,0.8582683982683983,0.8603896103896104,1.4142018659816804,1.681672728677411,,,,
SCC,0,0.7842424242424243,0.7842424242424243,0.24373874777771426,0.24373874777771418,0.4384617604617605,0.26116883116883116,0.5334199134199135,1.7108837931642253,2.003235205843304,,,,
SCC,1,0.8225974025974025,0.8225974025974025,0.42892769538546505,0.4289276953854648,0.5089292929292929,0.3012987012987013,0.6242857142857143,1.4411603748994353,1.8263616871027932,,,,
SCC,2,0.8352380952380952,0.8352380952380952,0.5284140796510219,0.5284140796510218,0.5581818181818182,0.36432900432900434,0.6444155844155844,1.3475252539927092,1.7165072368588743,,,,
SCC,3,0.8394805194805195,0.8394805194805195,0.5633585074726274,0.5633585074726273,0.5994603174603176,0.41125541125541126,0.6870995670995671,1.2872372482944023,1.654563406364943,,,,
SCC,4,0.8434199134199134,0.8434199134199134,0.5616351660915928,0.5616351660915927,0.6338383838383839,0.4448917748917749,0.7154112554112554,1.2509569414752233,1.6058806825487886,,,,
SCC,5,0.8477489177489177,0.8477489177489177,0.5560525850269304,0.5560525850269304,0.6567619047619048,0.48255411255411257,0.7381818181818182,1.2412358874362905,1.5758066732198595,,,,
SCC,6,0.8492640692640693,0.8492640692640693,0.5291654371769818,0.5291654371769817,0.6792380952380952,0.4989177489177489,0.7608225108225108,1.2286896612733336,1.5594456999368178,,,,
SCC,7,0.8491774891774891,0.8491774891774891,0.4930965212712,0.49309652127119985,0.7014862914862915,0.5197835497835498,0.7721212121212121,1.2193531231525867,1.5436779344982254,,,,
SCC,8,0.8491774891774891,0.8491774891774891,0.4597535652658839,0.45975356526588373,0.7177546897546897,0.5341558441558442,0.7895670995670996,1.2165913717284242,1.5275845022712926,,,,
SCC,9,0.8508658008658009,0.8508658008658009,0.42735627110112484,0.42735627110112473,0.7317950937950938,0.5397835497835498,0.7957142857142857,1.2064218314225363,1.5252496881877438,,,,
SCC,10,0.8516883116883117,0.8516883116883117,0.3937222764030056,0.3937222764030055,0.7447272727272727,0.5551515151515152,0.8054545454545454,1.2018333493638655,1.5221092218131205,,,,
SCC,11,0.8530735930735931,0.8530735930735931,0.35313184633996003,0.3531318463399599,0.7583030303030304,0.5748484848484848,0.8154112554112554,1.2083505631876876,1.5227580874860576,,,,
SCC,12,0.8522510822510823,0.8522510822510823,0.3130892848033903,0.3130892848033902,0.7705252525252523,0.5962337662337662,0.8163636363636364,1.2112931911985894,1.5209545245442415,,,,
SCC,13,0.8534632034632035,0.8534632034632035,0.28144873120163577,0.2814487312016356,0.7806753246753247,0.6087012987012987,0.8236363636363636,1.2129093144817027,1.5256765734155355,,,,
SCC,14,0.8532467532467533,0.8532467532467533,0.25483823625530944,0.2548382362553093,0.7885541125541126,0.619004329004329,0.8294372294372294,1.211415483800916,1.539980258389158,,,,
SCC,15,0.8530735930735931,0.8530735930735931,0.22661211545565568,0.22661211545565557,0.7956796536796537,0.6310822510822511,0.8360606060606061,1.2185779375171297,1.549621184900889,,,,
SCC,16,0.8549350649350649,0.8549350649350649,0.20053872911229656,0.20053872911229648,0.8031832611832611,0.6440259740259741,0.8385714285714285,1.223409285855653,1.5565854577841334,,,,
SCC,17,0.8550649350649351,0.8550649350649351,0.17698662967346193,0.17698662967346188,0.8092813852813854,0.6551082251082251,0.8422510822510823,1.2273091509105343,1.5744441029517706,,,,
SCC,18,0.8536796536796537,0.8536796536796537,0.15854730660588934,0.15854730660588925,0.8136046176046176,0.6629004329004329,0.8444155844155844,1.23134998775459,1.5830602459000864,,,,
SCC,19,0.8536363636363636,0.8536363636363636,0.14038579781475327,0.14038579781475322,0.8175324675324676,0.6748051948051949,0.8445887445887446,1.2398113559557205,1.5965782512050384,,,,
SCC,20,0.8534199134199134,0.8534199134199134,0.12601439528729733,0.1260143952872973,0.8215468975468976,0.6861904761904762,0.8468398268398268,1.2492015521853297,1.6025966749388214,,,,
SCC,21,0.8545454545454545,0.8545454545454545,0.1127227982159048,0.11272279821590475,0.8262395382395382,0.6955411255411256,0.8500865800865801,1.253535067510095,1.6156324630345977,,,,
SCC,22,0.8548051948051948,0.8548051948051948,0.09955265435258083,0.09955265435258077,0.8305685425685427,0.7081385281385282,0.8523376623376623,1.2651316161894433,1.6198112209262276,,,,
SCC,23,0.8545454545454545,0.8545454545454545,0.08938912278851098,0.08938912278851094,0.8342251082251083,0.7186580086580087,0.8528571428571429,1.2691705809148175,1.6251072163293219,,,,
SCC,24,0.8545454545454545,0.8545454545454545,0.0796835585421821,0.07968355854218205,0.8363405483405484,0.7291341991341991,0.8523809523809524,1.2800333205422858,1.6337263211364066,,,,
SCC,25,0.8554978354978355,0.8554978354978355,0.07265302303812765,0.07265302303812762,0.8387561327561328,0.7343290043290043,0.8535064935064935,1.2850848235638943,1.6400028520338858,,,,
SCC,26,0.8552813852813853,0.8552813852813853,0.06603042340068169,0.06603042340068165,0.8406262626262626,0.7431168831168831,0.8547186147186148,1.29428320072105,1.64050407431797,,,,
SCC,27,0.8559740259740259,0.8559740259740259,0.05892630302161541,0.05892630302161537,0.8427503607503609,0.7520779220779221,0.8563203463203464,1.3056262658098714,1.642491969873672,,,,
SCC,28,0.8555411255411255,0.8555411255411255,0.053971523376942075,0.05397152337694205,0.8443520923520924,0.7581818181818182,0.8567965367965368,1.3141533347329457,1.6501556878695758,,,,
SCC,29,0.8555411255411255,0.8555411255411255,0.049335224328810476,0.04933522432881046,0.8453535353535354,0.7657142857142857,0.8571428571428571,1.3189651236370554,1.6712998997390547,,,,
SCC,30,0.8555411255411255,0.8555411255411255,0.04580469208059006,0.045804692080590036,0.846118326118326,0.7716450216450217,0.8574025974025974,1.3249258217429185,1.6791285452969644,,,,
SCC,31,0.8554112554112554,0.8554112554112554,0.041722818427737667,0.041722818427737646,0.8470418470418472,0.7792207792207793,0.8565367965367965,1.3398046403927524,1.6804775330703516,,,,
SCC,32,0.8555411255411255,0.8555411255411255,0.038728859264522936,0.03872885926452291,0.8478441558441557,0.7849350649350649,0.8567099567099568,1.3512985259696944,1.6798627325282616,,,,
SCC,33,0.8557575757575757,0.8557575757575757,0.03636653733615338,0.03636653733615335,0.848150072150072,0.7904761904761904,0.8578354978354978,1.362373222003086,1.6804392402786454,,,,
SCC,34,0.854978354978355,0.854978354978355,0.03353904327882303,0.03353904327882302,0.8489956709956709,0.7940259740259741,0.8565367965367965,1.3768763717233259,1.6794219960344998,,,,
SCC,35,0.8549350649350649,0.8549350649350649,0.03229543406659218,0.03229543406659215,0.8493391053391052,0.7983549783549784,0.8564935064935065,1.3816700301598208,1.6817028141219486,,,,
SCC,36,0.8546753246753247,0.8546753246753247,0.029776224605497767,0.029776224605497746,0.8494256854256854,0.8051515151515152,0.8562337662337662,1.3933371171010172,1.6839893900158183,,,,
SCC,37,0.8551948051948052,0.8551948051948052,0.02806024237429671,0.028060242374296693,0.8498124098124098,0.8080952380952381,0.8575324675324675,1.3944369286414686,1.6858901787959295,,,,
SCC,38,0.8551515151515151,0.8551515151515151,0.02637325457616615,0.026373254576166134,0.849864357864358,0.8119047619047619,0.8559740259740259,1.3953734496091696,1.6881533608680985,,,,
SCC,39,0.8551082251082252,0.8551082251082252,0.025331139819072982,0.025331139819072968,0.8503809523809523,0.814025974025974,0.8561471861471861,1.3949757660189521,1.6829510841301822,,,,
SCC,40,0.8552380952380952,0.8552380952380952,0.02343393792487291,0.0234339379248729,0.8507849927849926,0.8183982683982683,0.8574025974025974,1.396554326559034,1.6806436367277966,,,,
SCC,41,0.8548917748917749,0.8548917748917749,0.02200770765111085,0.02200770765111084,0.8510909090909091,0.8217316017316018,0.8564069264069264,1.3985655433288675,1.6827310311335515,,,,
SCC,42,0.8552380952380952,0.8552380952380952,0.021020889420420952,0.02102088942042093,0.8514401154401156,0.823030303030303,0.8564502164502165,1.3993274315580708,1.6855671100633165,,,,
SCC,43,0.8550649350649351,0.8550649350649351,0.019705828682803937,0.01970582868280393,0.8515757575757575,0.8255844155844155,0.8561904761904762,1.399987500680295,1.6841049093495846,,,,
SCC,44,0.855021645021645,0.855021645021645,0.01812399407785851,0.018123994077858505,0.8517373737373737,0.8276190476190476,0.8558441558441559,1.4000944351358506,1.6789858296006976,,,,
SCC,45,0.8549350649350649,0.8549350649350649,0.0170458216811609,0.017045821681160894,0.8518066378066378,0.829047619047619,0.8565367965367965,1.403082079005173,1.6808378440325273,,,,
SCC,46,0.854978354978355,0.854978354978355,0.01565801967733453,0.015658019677334524,0.8524559884559886,0.8331168831168831,0.8571428571428571,1.4034590056117298,1.6837339674590144,,,,
SCC,47,0.8555411255411255,0.8555411255411255,0.015170810242598089,0.015170810242598082,0.8527128427128426,0.8328138528138528,0.8573593073593073,1.4029648096778378,1.6836857636948073,,,,
SCC,48,0.8558008658008658,0.8558008658008658,0.014215676896469137,0.014215676896469132,0.853128427128427,0.8343290043290044,0.8585714285714285,1.4032739268983376,1.6787348029365854,,,,
SCC,49,0.8567965367965368,0.8567965367965368,0.013505043177812788,0.013505043177812787,0.85404329004329,0.8373160173160173,0.8589610389610389,1.403766850358319,1.6791186114295245,,,,
SCC,50,0.8564069264069264,0.8564069264069264,0.012851387190500435,0.012851387190500435,0.8541760461760463,0.837922077922078,0.8582251082251082,1.4044775683152602,1.6767405407462426,,,,
SCC,51,0.8563203463203464,0.8563203463203464,0.012309174910853347,0.012309174910853345,0.8537691197691196,0.839047619047619,0.8577922077922078,1.4040024273450062,1.6759662611488197,,,,
SCC,52,0.8569696969696969,0.8569696969696969,0.011768903229150833,0.011768903229150831,0.8544992784992785,0.8426839826839827,0.859004329004329,1.4040439078254567,1.6773717132862604,,,,
SCC,53,0.8571428571428571,0.8571428571428571,0.011321514149782911,0.01132151414978291,0.854810966810967,0.8435064935064935,0.8582683982683983,1.4057729331758686,1.6788530760630374,,,,
SCC,54,0.8571428571428571,0.8571428571428571,0.010917908660988034,0.010917908660988036,0.8552121212121211,0.844025974025974,0.8583549783549783,1.4050316687988729,1.6788889002233365,,,,
SCC,55,0.8569696969696969,0.8569696969696969,0.01040076858874299,0.010400768588742986,0.8557748917748917,0.8461904761904762,0.8586147186147186,1.4061766586808984,1.6794407509267626,,,,
SCC,56,0.8566666666666667,0.8566666666666667,0.010339838422534246,0.010339838422534246,0.8554025974025973,0.846017316017316,0.8583982683982684,1.4055317256667839,1.6778931898438412,,,,
SCC,57,0.8566233766233766,0.8566233766233766,0.010266015782863396,0.010266015782863396,0.8555873015873016,0.8454112554112554,0.8581385281385281,1.4045962147923932,1.675187787119422,,,,
SCC,58,0.856926406926407,0.856926406926407,0.010308381351333907,0.010308381351333903,0.8558124098124099,0.8461471861471861,0.8584848484848485,1.406028473501072,1.6747920559508656,,,,
SCC,59,0.8576190476190476,0.8576190476190476,0.010006557453201817,0.010006557453201817,0.8564040404040404,0.8470562770562771,0.8586580086580087,1.4077234048174878,1.6721637630969441,,,,
SCC,60,0.8577922077922078,0.8577922077922078,0.009666048878112763,0.009666048878112763,0.8562539682539684,0.8483549783549783,0.8587012987012987,1.4056816194540735,1.673087958949287,,,,
SCC,61,0.8583116883116884,0.8583116883116884,0.009514949856631191,0.009514949856631191,0.8566176046176045,0.8493073593073593,0.8586147186147186,1.4042747070104769,1.672090369753086,,,,
SCC,62,0.8574891774891775,0.8574891774891775,0.009227354637089409,0.009227354637089404,0.8564329004329004,0.849004329004329,0.8592207792207792,1.4057674835527534,1.6737438042466022,,,,
SCC,63,0.8571428571428571,0.8571428571428571,0.00913288976681309,0.00913288976681309,0.8561731601731601,0.8473160173160174,0.8586147186147186,1.406155524390052,1.6768800902201706,,,,
SCC,64,0.8572727272727273,0.8572727272727273,0.009150534480979728,0.009150534480979728,0.856060606060606,0.8464935064935065,0.8583549783549783,1.4062183109851034,1.6751889305305785,,,,
SCC,65,0.8583116883116884,0.8583116883116884,0.008924234359067543,0.00892423435906754,0.8563116883116882,0.8470562770562771,0.8587012987012987,1.4066976728086302,1.6738509235724246,,,,
SCC,66,0.8576623376623377,0.8576623376623377,0.008997940628221953,0.008997940628221951,0.8563434343434344,0.8455411255411256,0.8590476190476191,1.4057517832257413,1.6749343784352697,,,,
SCC,67,0.8576623376623377,0.8576623376623377,0.008798417165805015,0.008798417165805013,0.8564502164502165,0.8460606060606061,0.8584848484848485,1.407213644606254,1.6757506109499176,,,,
SCC,68,0.8576623376623377,0.8576623376623377,0.008550845929496061,0.00855084592949606,0.8566204906204906,0.8464069264069264,0.859004329004329,1.4071439229432443,1.6743265212999126,,,,
SCC,69,0.8579653679653679,0.8579653679653679,0.00834961285344605,0.00834961285344605,0.8564473304473305,0.8476190476190476,0.8583549783549783,1.4079964167977188,1.672538315431629,,,,
SCC,70,0.8574458874458875,0.8574458874458875,0.008364797041634363,0.008364797041634363,0.8563463203463204,0.8467965367965368,0.8583116883116884,1.4088558758277485,1.6723323355392359,,,,
SCC,71,0.8567532467532467,0.8567532467532467,0.008344349819600715,0.008344349819600713,0.855988455988456,0.8458008658008658,0.859004329004329,1.4087452912208809,1.6755912419340502,,,,
SCC,72,0.8572727272727273,0.8572727272727273,0.008389377654189824,0.008389377654189824,0.8559769119769121,0.845021645021645,0.8579653679653679,1.4093967123421778,1.6756053915439593,,,,
SCC,73,0.8570995670995671,0.8570995670995671,0.008344022303921225,0.008344022303921223,0.8558672438672439,0.8456709956709957,0.8587878787878788,1.4098475744795893,1.6749518141944586,,,,
SCC,74,0.857012987012987,0.857012987012987,0.008091685690622102,0.008091685690622104,0.8558152958152959,0.8468398268398268,0.8585281385281385,1.4087135349506332,1.6757606855696505,,,,
SCC,75,0.8567532467532467,0.8567532467532467,0.007983438625652102,0.0079834386256521,0.8560779220779222,0.8471861471861472,0.8582683982683983,1.4096061985311255,1.6741132714456584,,,,
SCC,76,0.8570562770562771,0.8570562770562771,0.007612525660486409,0.007612525660486407,0.8561875901875902,0.8482251082251082,0.8580952380952381,1.4099797676823127,1.6749971871433134,,,,
SCC,77,0.8573160173160174,0.8573160173160174,0.007709744359945474,0.0077097443599454755,0.8563261183261183,0.8492207792207792,0.8584415584415584,1.4111423098698794,1.6751853026169323,,,,
SCC,78,0.8572727272727273,0.8572727272727273,0.007472402908830959,0.007472402908830959,0.8567936507936509,0.8502164502164502,0.8581818181818182,1.411128485328843,1.676651048111609,,,,
SCC,79,0.8577489177489177,0.8577489177489177,0.007359364147384943,0.007359364147384943,0.8567849927849929,0.8502164502164502,0.8584415584415584,1.411165575106193,1.6780644288937503,,,,
SCC,80,0.8580952380952381,0.8580952380952381,0.007330822998463509,0.007330822998463509,0.8567994227994229,0.84991341991342,0.858917748917749,1.413413803766663,1.6797430181879929,,,,
SCC,81,0.8580952380952381,0.8580952380952381,0.00718889930840608,0.007188899308406077,0.8570909090909091,0.8489610389610389,0.8592207792207792,1.4136807828464284,1.680683838763127,,,,
SCC,82,0.8574891774891775,0.8574891774891775,0.007122275341848099,0.0071222753418480975,0.8571572871572871,0.8496103896103896,0.858917748917749,1.4135019138817075,1.677582252668679,,,,
SCC,83,0.8573160173160174,0.8573160173160174,0.0070281108947106005,0.0070281108947106005,0.8569552669552671,0.8494805194805195,0.8587878787878788,1.4123678220587457,1.6785869858824656,,,,
SCC,84,0.858008658008658,0.858008658008658,0.007002841023853874,0.007002841023853871,0.8569552669552671,0.8495670995670995,0.8592207792207792,1.4142930621881742,1.676478839614407,,,,
SCC,85,0.8574025974025974,0.8574025974025974,0.006953120371723445,0.006953120371723444,0.8567907647907645,0.8478787878787879,0.8588311688311688,1.414817865788982,1.6756263060087513,,,,
SCC,86,0.8573593073593073,0.8573593073593073,0.006787625201155384,0.006787625201155384,0.8568715728715728,0.8498268398268398,0.8587445887445887,1.4170349645578675,1.6749038622737469,,,,
SCC,87,0.8577489177489177,0.8577489177489177,0.006889419330147715,0.0068894193301477155,0.8568080808080808,0.8483982683982684,0.8591341991341991,1.4173609391818605,1.6738370508861733,,,,
SCC,88,0.8574025974025974,0.8574025974025974,0.00681627125698466,0.006816271256984657,0.8566262626262626,0.8482683982683983,0.858917748917749,1.4167416934842498,1.6748855438702648,,,,
SCC,89,0.8566666666666667,0.8566666666666667,0.006741361668366369,0.006741361668366368,0.8562886002886002,0.8473160173160174,0.8588744588744589,1.4156897913815554,1.674764319355378,,,,
SCC,90,0.8564935064935065,0.8564935064935065,0.006785702674275419,0.00678570267427542,0.8557835497835498,0.8458874458874459,0.8583549783549783,1.4150779916793093,1.6734786607290129,,,,
SCC,91,0.8558441558441559,0.8558441558441559,0.006659643584769737,0.006659643584769736,0.8556652236652237,0.846017316017316,0.8587012987012987,1.4157277179515178,1.6728365377155632,,,,
SCC,92,0.8553246753246754,0.8553246753246754,0.006537664452477986,0.006537664452477984,0.8551168831168833,0.845930735930736,0.8577056277056277,1.4159006299249546,1.6748291195672813,,,,
SCC,93,0.8551948051948052,0.8551948051948052,0.006586829291642657,0.006586829291642658,0.8550043290043288,0.8470995670995671,0.857012987012987,1.4159921449433353,1.674612450125198,,,,
SCC,94,0.8553679653679653,0.8553679653679653,0.006551046293044272,0.006551046293044272,0.8549754689754689,0.8472294372294372,0.8565367965367965,1.4163995134964178,1.6731886375954081,,,,
SCC,95,0.854978354978355,0.854978354978355,0.006587656123083847,0.006587656123083846,0.8549870129870131,0.8466666666666667,0.8567532467532467,1.4168546335614884,1.6745526107314863,,,,
SCC,96,0.8553246753246754,0.8553246753246754,0.006501661397615314,0.006501661397615314,0.855076479076479,0.8476623376623377,0.8569696969696969,1.4171463690370132,1.674781767574705,,,,
SCC,97,0.8552813852813853,0.8552813852813853,0.006430217559084272,0.006430217559084271,0.8552496392496393,0.8492640692640693,0.8566233766233766,1.4160167038605707,1.675265997748045,,,,
SCC,98,0.8558441558441559,0.8558441558441559,0.0064421710946631445,0.006442171094663144,0.8552929292929292,0.8481818181818181,0.8569696969696969,1.4167863154821914,1.6772976542452165,,,,
SCC,99,0.8561471861471861,0.8561471861471861,0.006344423894525032,0.006344423894525032,0.8553708513708513,0.8483116883116883,0.8574458874458875,1.415771862063045,1.677240449017545,,,,
SCC,100,0.856017316017316,0.856017316017316,0.0062370853082372255,0.006237085308237227,0.8554660894660895,0.8484848484848485,0.857012987012987,1.4154211304332398,1.6781882531582206,,,,
SCC,101,0.8559740259740259,0.8559740259740259,0.006195188661618203,0.006195188661618204,0.8556161616161615,0.8488744588744589,0.8573593073593073,1.416489133825695,1.6786289035047675,,,,
SCC,102,0.8559307359307359,0.8559307359307359,0.00610892165603819,0.006108921656038191,0.8555584415584416,0.8487445887445887,0.8572727272727273,1.4162277852086675,1.6796611940553552,,,,
SCC,103,0.8561471861471861,0.8561471861471861,0.006149878882961772,0.006149878882961773,0.8554054834054833,0.8487878787878788,0.8567099567099568,1.4171060539617937,1.6807034272854815,,,,
SCC,104,0.8555844155844156,0.8555844155844156,0.006115763461558463,0.006115763461558463,0.8555584415584415,0.849004329004329,0.8570562770562771,1.4164538436850385,1.679695641308214,,,,
SCC,105,0.8560606060606061,0.8560606060606061,0.006174284547054748,0.006174284547054749,0.8557662337662337,0.8493506493506493,0.8572294372294372,1.416366088286059,1.6789938857465687,,,,
SCC,106,0.8563636363636363,0.8563636363636363,0.006104199746280006,0.006104199746280006,0.8560519480519482,0.8490909090909091,0.8576190476190476,1.4176877545723088,1.677854545411887,,,,
SCC,107,0.8570562770562771,0.8570562770562771,0.006202258641806224,0.006202258641806222,0.856049062049062,0.848917748917749,0.8577056277056277,1.417631491003744,1.6784621987387114,,,,
SCC,108,0.8569696969696969,0.8569696969696969,0.006304979236587731,0.006304979236587731,0.8560259740259738,0.8491774891774891,0.8575324675324675,1.4188891547550044,1.6776320384581218,,,,
SCC,109,0.8573593073593073,0.8573593073593073,0.00625783743513356,0.00625783743513356,0.856248196248196,0.8491774891774891,0.8581818181818182,1.419114976434845,1.6782175255706118,,,,
SCC,110,0.8570995670995671,0.8570995670995671,0.006100334462712902,0.0061003344627129025,0.8563867243867244,0.8507792207792207,0.8577489177489177,1.4199272769880882,1.679450835163435,,,,
SCC,111,0.8575324675324675,0.8575324675324675,0.0060529876317858295,0.0060529876317858295,0.8566608946608948,0.8512121212121212,0.8581385281385281,1.4210103264833243,1.6784831013202335,,,,
SCC,112,0.8564502164502165,0.8564502164502165,0.006144756872239916,0.006144756872239916,0.8563232323232323,0.8503030303030303,0.8580519480519481,1.4204168755146087,1.6797275317872098,,,,
SCC,113,0.8563636363636363,0.8563636363636363,0.0061074393200087574,0.006107439320008757,0.856089466089466,0.8501298701298702,0.8575324675324675,1.422444653614708,1.6805382968080187,,,,
SCC,114,0.8568831168831169,0.8568831168831169,0.005939641063953701,0.0059396410639537016,0.8561818181818184,0.851038961038961,0.8578787878787879,1.4228485612382769,1.6783265622782049,,,,
SCC,115,0.8563203463203464,0.8563203463203464,0.00585422360545458,0.005854223605454581,0.8562424242424244,0.8504329004329004,0.8581818181818182,1.422582467638901,1.678801744173788,,,,
SCC,116,0.8565800865800866,0.8565800865800866,0.005700082473611795,0.005700082473611794,0.8561183261183261,0.8503030303030303,0.8579653679653679,1.4230162716251287,1.6803947929256933,,,,
SCC,117,0.8574025974025974,0.8574025974025974,0.005583665670457807,0.005583665670457809,0.8563376623376623,0.850995670995671,0.8581385281385281,1.423249618747094,1.6813612572414247,,,,
SCC,118,0.8574891774891775,0.8574891774891775,0.005705061933062276,0.005705061933062276,0.8564531024531025,0.8508225108225108,0.8582251082251082,1.423599495564706,1.6809428984615673,,,,
SCC,119,0.8567532467532467,0.8567532467532467,0.0057112299654805574,0.005711229965480558,0.8564040404040403,0.8508225108225108,0.8583549783549783,1.4239468725596418,1.6811965175168153,,,,
SCC,120,0.8568831168831169,0.8568831168831169,0.005559494083698062,0.005559494083698064,0.8564329004329004,0.8513852813852814,0.8581385281385281,1.4231940267839547,1.6809973114612693,,,,
SCC,121,0.8571861471861472,0.8571861471861472,0.00562614010138207,0.005626140101382072,0.8565165945165946,0.851038961038961,0.8580952380952381,1.4237259385360805,1.6806215057101381,,,,
SCC,122,0.857012987012987,0.857012987012987,0.00563437336094878,0.005634373360948781,0.8565425685425685,0.8516017316017316,0.8579653679653679,1.4248426344670908,1.677761925003946,,,,
SCC,123,0.8566233766233766,0.8566233766233766,0.0057470251306931215,0.005747025130693122,0.8564098124098124,0.8517316017316018,0.8575324675324675,1.425669047531566,1.6757640991589373,,,,
SCC,124,0.8566666666666667,0.8566666666666667,0.005740474514617519,0.0057404745146175185,0.8564011544011545,0.850909090909091,0.8580519480519481,1.4260980664293044,1.6754376635433108,,,,
SCC,125,0.8561471861471861,0.8561471861471861,0.005666552113169814,0.005666552113169812,0.856011544011544,0.8505194805194806,0.8575757575757575,1.426831820384097,1.676749196531955,,,,
SCC,126,0.8563203463203464,0.8563203463203464,0.005626017643579099,0.005626017643579099,0.8558095238095239,0.8505194805194806,0.8570995670995671,1.4271456876136017,1.6758255184226507,,,,
SCC,127,0.8557142857142858,0.8557142857142858,0.005591927752682611,0.005591927752682611,0.8558845598845599,0.8504761904761905,0.8569696969696969,1.4274814376097655,1.6765168744070362,,,,
SCC,128,0.856017316017316,0.856017316017316,0.005546532749049621,0.00554653274904962,0.8556681096681096,0.8506926406926407,0.8573593073593073,1.4286303903804214,1.6779116157073504,,,,
SCC,129,0.8562770562770563,0.8562770562770563,0.005458078188370966,0.0054580781883709645,0.8556854256854257,0.8517748917748917,0.8575757575757575,1.4291259281000535,1.6793516229289374,,,,
SCC,130,0.8559740259740259,0.8559740259740259,0.005406209228482056,0.0054062092284820566,0.8556854256854258,0.8511688311688311,0.8568398268398268,1.429213606927878,1.6797982775134508,,,,
SCC,131,0.8561038961038961,0.8561038961038961,0.005426403637873614,0.005426403637873615,0.8555728715728715,0.850909090909091,0.8567965367965368,1.4283277916307986,1.6798042381597142,,,,
SCC,132,0.8558874458874459,0.8558874458874459,0.00538010908135966,0.005380109081359659,0.8555901875901876,0.8508225108225108,0.856926406926407,1.4281782638560514,1.6781869481727512,,,,
SCC,133,0.8555411255411255,0.8555411255411255,0.005383717264518107,0.005383717264518106,0.8557085137085136,0.8506926406926407,0.856926406926407,1.4279438353439056,1.6780868987598603,,,,
SCC,134,0.8558874458874459,0.8558874458874459,0.005304673993592723,0.005304673993592723,0.8557431457431456,0.8506060606060606,0.8572294372294372,1.4284819608158712,1.6777415552185906,,,,
SCC,135,0.8556709956709957,0.8556709956709957,0.0052368834927834845,0.0052368834927834845,0.8557460317460318,0.8513419913419913,0.8571861471861472,1.4299133929899552,1.6755855776535673,,,,
SCC,136,0.8557575757575757,0.8557575757575757,0.005211694842050151,0.005211694842050152,0.8555468975468975,0.8506926406926407,0.8567965367965368,1.428959880673312,1.676399571068938,,,,
SCC,137,0.8556709956709957,0.8556709956709957,0.005292434490200756,0.005292434490200756,0.8552987012987011,0.8503030303030303,0.8567532467532467,1.4294729070585575,1.676620652695954,,,,
SCC,138,0.8558441558441559,0.8558441558441559,0.005404070297487976,0.0054040702974879765,0.8553535353535353,0.8509523809523809,0.8566233766233766,1.4302438492032932,1.6774153004450012,,,,
SCC,139,0.8554545454545455,0.8554545454545455,0.005452649506199857,0.005452649506199857,0.8552323232323231,0.8497835497835498,0.8571861471861472,1.4314001830482799,1.676449362116942,,,,
SCC,140,0.8558008658008658,0.8558008658008658,0.0053111594838382995,0.005311159483838299,0.8553015873015873,0.8498268398268398,0.8567965367965368,1.4319735224359258,1.6782285213805077,,,,
SCC,141,0.8553246753246754,0.8553246753246754,0.005196473574061587,0.005196473574061588,0.8553102453102454,0.8502597402597403,0.8568831168831169,1.430530337338297,1.6775154910381371,,,,
SCC,142,0.8555411255411255,0.8555411255411255,0.005213775804643483,0.005213775804643484,0.8552323232323231,0.85,0.8565800865800866,1.4315823541653678,1.67603311985069,,,,
SCC,143,0.8555844155844156,0.8555844155844156,0.005250591570677741,0.00525059157067774,0.8551919191919192,0.8506926406926407,0.8564069264069264,1.431108251730192,1.6769021080132323,,,,
SCC,144,0.8553246753246754,0.8553246753246754,0.0052354999738989435,0.0052354999738989435,0.8550707070707072,0.8507792207792207,0.8565800865800866,1.4312842504588297,1.6761295433803785,,,,
SCC,145,0.8548917748917749,0.8548917748917749,0.005201632944087334,0.005201632944087335,0.854836940836941,0.8495670995670995,0.8565367965367965,1.4316648500672593,1.6780832818236469,,,,
SCC,146,0.8551948051948052,0.8551948051948052,0.005147530877823508,0.005147530877823509,0.8550793650793651,0.84991341991342,0.8565367965367965,1.4311003327345455,1.6797367882413614,,,,
SCC,147,0.8554545454545455,0.8554545454545455,0.005090408690123819,0.0050904086901238195,0.854995670995671,0.8500865800865801,0.8569696969696969,1.4315393995645922,1.6798761789691345,,,,
SCC,148,0.8551082251082252,0.8551082251082252,0.00516963628325803,0.005169636283258029,0.8549552669552669,0.85004329004329,0.8562770562770563,1.431835909088342,1.6809107099329756,,,,
SCC,149,0.8555844155844156,0.8555844155844156,0.005140618144063821,0.005140618144063821,0.8549841269841268,0.8503030303030303,0.8562770562770563,1.4317802860303157,1.6814460560546698,,,,
SCC,150,0.8551082251082252,0.8551082251082252,0.0051349701034713235,0.005134970103471324,0.854799422799423,0.85004329004329,0.8564069264069264,1.4303620899171936,1.6810882023729319,,,,
SCC,151,0.8552380952380952,0.8552380952380952,0.005098406896145168,0.005098406896145169,0.8545194805194805,0.8499567099567099,0.8566666666666667,1.4295672689388772,1.6836115306180572,,,,
SCC,152,0.8551515151515151,0.8551515151515151,0.005147820926155842,0.005147820926155843,0.8548051948051949,0.8487012987012987,0.8565800865800866,1.4298729938611339,1.6842053833649393,,,,
SCC,153,0.8556709956709957,0.8556709956709957,0.0051132910520482215,0.005113291052048222,0.854920634920635,0.8494372294372294,0.8565367965367965,1.4294966589099984,1.6835849295532745,,,,
SCC,154,0.8561471861471861,0.8561471861471861,0.005035901159904585,0.005035901159904586,0.8554025974025975,0.8509523809523809,0.8564069264069264,1.429246356029824,1.6827422051614727,,,,
SCC,155,0.8562337662337662,0.8562337662337662,0.005050376758294637,0.005050376758294637,0.8556334776334776,0.8517316017316018,0.8568398268398268,1.429429108553816,1.6830022820611337,,,,
SCC,156,0.8558441558441559,0.8558441558441559,0.0049597061211732905,0.004959706121173291,0.8556421356421355,0.8511688311688311,0.8568398268398268,1.4285220772453184,1.6823670372262423,,,,
SCC,157,0.8561904761904762,0.8561904761904762,0.005027216661305545,0.005027216661305546,0.8554747474747474,0.850995670995671,0.8564502164502165,1.427896623532318,1.6819981692161603,,,,
SCC,158,0.8559307359307359,0.8559307359307359,0.004979601545137477,0.004979601545137475,0.8554603174603174,0.8512121212121212,0.8565367965367965,1.4295674571566186,1.6812789983893959,,,,
SCC,159,0.8564069264069264,0.8564069264069264,0.005115024848769206,0.005115024848769208,0.8558037518037517,0.8516883116883117,0.8568831168831169,1.4292241495501716,1.680827289828514,,,,
SCC,160,0.8563636363636363,0.8563636363636363,0.005082012807807702,0.005082012807807704,0.8558874458874459,0.8521645021645021,0.857012987012987,1.4291205334425396,1.6808279388267056,,,,
SCC,161,0.8561471861471861,0.8561471861471861,0.005104762350973116,0.0051047623509731166,0.8559307359307359,0.8521212121212122,0.8571428571428571,1.4293090545920326,1.6820624577298091,,,,
SCC,162,0.8565800865800866,0.8565800865800866,0.004980592367618601,0.004980592367618603,0.8560144300144299,0.8530735930735931,0.8567099567099568,1.4294731617638659,1.6821882485897386,,,,
SCC,163,0.8564935064935065,0.8564935064935065,0.005005637094231107,0.005005637094231106,0.85611544011544,0.8522943722943723,0.857012987012987,1.4289892848408585,1.680339056834947,,,,
SCC,164,0.8567532467532467,0.8567532467532467,0.004987194042304785,0.004987194042304784,0.8563549783549785,0.8521645021645021,0.8576190476190476,1.4290602648391681,1.6811842507317996,,,,
SCC,165,0.8570995670995671,0.8570995670995671,0.004909421721785162,0.004909421721785161,0.8565108225108224,0.8519480519480519,0.8574458874458875,1.429741870037863,1.6816705787431243,,,,
SCC,166,0.8572727272727273,0.8572727272727273,0.004817044010796267,0.004817044010796267,0.8567099567099568,0.8527272727272728,0.8577056277056277,1.4302810577930212,1.6823224455573427,,,,
SCC,167,0.8568831168831169,0.8568831168831169,0.004958360859924135,0.004958360859924135,0.8564848484848484,0.8517748917748917,0.8576190476190476,1.431268785220272,1.6809410587746334,,,,
SCC,168,0.8571861471861472,0.8571861471861472,0.004940734994347695,0.004940734994347695,0.8566782106782107,0.8522943722943723,0.857922077922078,1.4308741820771322,1.6824853131987494,,,,
SCC,169,0.8573593073593073,0.8573593073593073,0.004844934670318397,0.004844934670318396,0.8566031746031746,0.8521645021645021,0.8581385281385281,1.4310860448512037,1.682277207747952,,,,
SCC,170,0.8578787878787879,0.8578787878787879,0.004858315168586387,0.004858315168586387,0.8566782106782108,0.8516883116883117,0.8580952380952381,1.430164632147889,1.682618939847643,,,,
SCC,171,0.8579653679653679,0.8579653679653679,0.004795284291021539,0.004795284291021539,0.856946608946609,0.8518614718614719,0.8583982683982684,1.429842083424747,1.6824430339507432,,,,
SCC,172,0.8574458874458875,0.8574458874458875,0.004931507139179592,0.004931507139179592,0.8567994227994228,0.8522943722943723,0.8581385281385281,1.4320603372809033,1.6831488325524924,,,,
SCC,173,0.8573160173160174,0.8573160173160174,0.004916989051375178,0.004916989051375177,0.8567070707070706,0.8524675324675325,0.8582683982683983,1.431215375783887,1.68166210253711,,,,
SCC,174,0.8573593073593073,0.8573593073593073,0.004852091720569561,0.004852091720569561,0.8571168831168829,0.8535930735930736,0.8580952380952381,1.4306486177528386,1.6818510317569741,,,,
SCC,175,0.8570995670995671,0.8570995670995671,0.004860896649027667,0.004860896649027666,0.8566349206349206,0.8522510822510823,0.8578787878787879,1.431717712468539,1.6848331939509196,,,,
SCC,176,0.8574025974025974,0.8574025974025974,0.00484764129884278,0.004847641298842779,0.8566002886002886,0.8525108225108226,0.8578787878787879,1.432081548572716,1.6845837188562225,,,,
SCC,177,0.8578787878787879,0.8578787878787879,0.004837714914766885,0.0048377149147668845,0.8566666666666667,0.8516450216450216,0.8578787878787879,1.4321279697728249,1.6848286502545602,,,,
SCC,178,0.8573160173160174,0.8573160173160174,0.00480043768965176,0.004800437689651761,0.8566349206349206,0.8516017316017316,0.8579653679653679,1.4324096511676634,1.684495704839731,,,,
SCC,179,0.8574891774891775,0.8574891774891775,0.004815351477207551,0.004815351477207553,0.8568340548340548,0.8519047619047619,0.8583116883116884,1.4326027756321942,1.6854476076615779,,,,
SCC,180,0.8570562770562771,0.8570562770562771,0.004846469482789132,0.004846469482789133,0.8564790764790765,0.8521212121212122,0.8579653679653679,1.4329609357785695,1.68701151523175,,,,
SCC,181,0.8567099567099568,0.8567099567099568,0.004812173492202468,0.004812173492202471,0.8562164502164502,0.8520779220779221,0.8577489177489177,1.4331706552437347,1.686569238218394,,,,
SCC,182,0.8563636363636363,0.8563636363636363,0.004773450822681046,0.004773450822681048,0.8558759018759019,0.8513419913419913,0.8577056277056277,1.4328371986108528,1.6848576611337174,,,,
SCC,183,0.856017316017316,0.856017316017316,0.004767184847199085,0.004767184847199086,0.8558585858585859,0.8506926406926407,0.8571861471861472,1.4326234616232203,1.685834347119672,,,,
SCC,184,0.8557142857142858,0.8557142857142858,0.00474911062565129,0.004749110625651291,0.8555324675324676,0.8511688311688311,0.8571861471861472,1.4320062459383929,1.687084852148848,,,,
SCC,185,0.8555844155844156,0.8555844155844156,0.004666961496021386,0.004666961496021385,0.8552842712842713,0.8506493506493507,0.8566666666666667,1.4323122355220754,1.6886407005656423,,,,
SCC,186,0.8552813852813853,0.8552813852813853,0.004688064003808739,0.0046880640038087385,0.8552236652236651,0.8501298701298702,0.8567965367965368,1.4307204055937242,1.6881600226940927,,,,
SCC,187,0.8551082251082252,0.8551082251082252,0.004651982428943638,0.004651982428943637,0.8551630591630592,0.851038961038961,0.8567965367965368,1.4316645211417345,1.6883952553672732,,,,
SCC,188,0.8551515151515151,0.8551515151515151,0.004688332729612677,0.0046883327296126775,0.855064935064935,0.8504761904761905,0.8562337662337662,1.431036447417679,1.6884065811249769,,,,
SCC,189,0.8551515151515151,0.8551515151515151,0.004692967088926709,0.004692967088926709,0.8550793650793651,0.850995670995671,0.8561471861471861,1.4319334616145405,1.6897031092490626,,,,
SCC,190,0.8551948051948052,0.8551948051948052,0.004666953390495278,0.00466695339049528,0.8550101010101012,0.8514718614718615,0.8563203463203464,1.4325826915241884,1.6885032036129655,,,,
SCC,191,0.8558008658008658,0.8558008658008658,0.004767773761254239,0.00476777376125424,0.855122655122655,0.8512987012987013,0.8565367965367965,1.4334729387877074,1.6875282252172854,,,,
SCC,192,0.8559740259740259,0.8559740259740259,0.0048367886205424706,0.00483678862054247,0.8552611832611831,0.8524242424242424,0.8566233766233766,1.4334033588233677,1.6888453488407156,,,,
SCC,193,0.8551948051948052,0.8551948051948052,0.004822824683868897,0.004822824683868898,0.854981240981241,0.8513419913419913,0.8567965367965368,1.4333088219953756,1.6889383556461044,,,,
SCC,194,0.8557142857142858,0.8557142857142858,0.004697277729250109,0.004697277729250109,0.8552784992784993,0.8518614718614719,0.8563203463203464,1.4339695726859638,1.686937237372189,,,,
SCC,195,0.8554978354978355,0.8554978354978355,0.004602726751992949,0.004602726751992949,0.8553593073593074,0.8526406926406926,0.8562770562770563,1.4354054190952485,1.6859165963061447,,,,
SCC,196,0.8554545454545455,0.8554545454545455,0.004644923676863417,0.0046449236768634165,0.8554170274170273,0.852034632034632,0.8565800865800866,1.4354975098980038,1.686736044660523,,,,
SCC,197,0.8551515151515151,0.8551515151515151,0.004642406402720201,0.004642406402720202,0.8550245310245312,0.8516883116883117,0.8560606060606061,1.435462038750949,1.6870203518496303,,,,
SCC,198,0.8551515151515151,0.8551515151515151,0.004685572214737608,0.004685572214737607,0.8548744588744589,0.851991341991342,0.8561471861471861,1.4340504532174956,1.6869979384570466,,,,
SCC,199,0.8556277056277056,0.8556277056277056,0.004645224961465232,0.004645224961465232,0.8549581529581529,0.8518181818181818,0.8560606060606061,1.4348764903596736,1.686999787177161,,,,
RDSGD,0,0.7823809523809524,0.7823809523809524,0.0652092985026014,0.06520929850260139,0.3666002886002886,0.23913419913419914,0.45372294372294375,2.0325121550969545,2.146030641881582,0.0,1.0,0.0,0.0
RDSGD,1,0.8168831168831169,0.8168831168831169,0.08406705490110694,0.08406705490110691,0.5392842712842713,0.25363636363636366,0.6612554112554112,1.7849993171831138,2.0695310592185967,0.0,0.18181818181818182,0.0,0.0
RDSGD,2,0.830995670995671,0.830995670995671,0.12971464137534147,0.12971464137534144,0.6093362193362194,0.27636363636363637,0.7476623376623377,1.5862417659584238,2.0025545816802643,0.0,0.25757575757575757,0.0,0.0
RDSGD,3,0.8348051948051948,0.8348051948051948,0.18858085727559082,0.18858085727559082,0.6388571428571429,0.30017316017316015,0.7723376623376623,1.4411736755265598,1.9419106160542465,0.0,0.2878787878787879,0.0,0.0
RDSGD,4,0.8382251082251082,0.8382251082251082,0.25219948307685136,0.2521994830768513,0.658900432900433,0.3151515151515151,0.8002164502164503,1.3474078249423653,1.8887919897366283,0.0,0.30303030303030304,0.0,0.0
RDSGD,5,0.844025974025974,0.844025974025974,0.320674224713168,0.32067422471316787,0.6665396825396824,0.3399134199134199,0.7970995670995671,1.2983084806505047,1.822335449696802,0.0,0.3333333333333333,0.0,0.0
RDSGD,6,0.8462770562770563,0.8462770562770563,0.3903321451386125,0.39033214513861236,0.6691659451659452,0.3405194805194805,0.7931601731601732,1.2603926464238668,1.7848842863557393,0.0,0.3484848484848485,0.0,0.0
RDSGD,7,0.8454545454545455,0.8454545454545455,0.44123101058867376,0.4412310105886736,0.6757344877344877,0.35458874458874456,0.7974025974025974,1.2350922564406193,1.756398829286275,0.0,0.3484848484848485,0.0,0.0
RDSGD,8,0.8464502164502165,0.8464502164502165,0.4862376667631058,0.48623766676310565,0.6789841269841269,0.3587012987012987,0.797965367965368,1.2147953037028751,1.727409553111415,0.0,0.3484848484848485,0.0,0.0
RDSGD,9,0.8482683982683983,0.8482683982683983,0.5202271273678463,0.5202271273678462,0.683108225108225,0.3554978354978355,0.8004329004329004,1.1926529478771628,1.7051395054582437,0.0,0.36363636363636365,0.0,0.0
RDSGD,10,0.8493506493506493,0.8493506493506493,0.5487217025251145,0.5487217025251143,0.6854660894660894,0.35025974025974027,0.8083549783549784,1.1743230759076153,1.689431378872448,0.0,0.3939393939393939,0.0,0.0
RDSGD,11,0.84991341991342,0.84991341991342,0.5676876651202803,0.5676876651202801,0.6898903318903318,0.3583116883116883,0.8132034632034632,1.1618272064702517,1.6835127825672551,0.0,0.45454545454545453,0.0,0.0
RDSGD,12,0.8507792207792207,0.8507792207792207,0.5792633398477114,0.5792633398477112,0.694075036075036,0.37112554112554114,0.8201298701298702,1.1528207152478451,1.6818460191754887,0.0,0.45454545454545453,0.0,0.0
RDSGD,13,0.8516450216450216,0.8516450216450216,0.5951109752542729,0.5951109752542726,0.6973419913419913,0.37714285714285717,0.8225108225108225,1.1454429756556417,1.6758361031129148,0.0,0.4696969696969697,0.0,0.0
RDSGD,14,0.8531601731601731,0.8531601731601731,0.6174804340779296,0.6174804340779296,0.6973910533910533,0.3767965367965368,0.8253679653679654,1.1400066162316835,1.675376720426426,0.0,0.5,0.0,0.0
RDSGD,15,0.8531168831168832,0.8531168831168832,0.6314430248205634,0.631443024820563,0.6979105339105339,0.37822510822510824,0.8258441558441558,1.1343749120130089,1.6778029595610875,0.0,0.5,0.0,0.0
RDSGD,16,0.8533766233766233,0.8533766233766233,0.6439181658750643,0.6439181658750641,0.6977575757575759,0.37805194805194803,0.8257575757575758,1.1289523712144054,1.6836730690723511,0.0,0.5151515151515151,0.0,0.0
RDSGD,17,0.8535064935064935,0.8535064935064935,0.6553086509388792,0.6553086509388788,0.6977373737373738,0.37917748917748917,0.8247619047619048,1.125492378781221,1.6898554458174382,0.0,0.5151515151515151,0.0,0.0
RDSGD,18,0.8523809523809524,0.8523809523809524,0.6691398411523283,0.6691398411523279,0.6974776334776336,0.3826839826839827,0.8255844155844155,1.1227790560552033,1.6864390059138439,0.0,0.5151515151515151,0.0,0.0
RDSGD,19,0.851991341991342,0.851991341991342,0.6769576166281137,0.6769576166281134,0.6980404040404039,0.38792207792207795,0.8228571428571428,1.1205432354520553,1.6889059973284657,0.0,0.5151515151515151,0.0,0.0
RDSGD,20,0.8524675324675325,0.8524675324675325,0.6875307642055112,0.6875307642055108,0.6979018759018758,0.38961038961038963,0.8233766233766234,1.1202361028574224,1.6858559213067552,0.0,0.5303030303030303,0.0,0.0
RDSGD,21,0.8533333333333334,0.8533333333333334,0.6960680135550201,0.6960680135550198,0.698972582972583,0.38965367965367964,0.8241125541125541,1.1174692997293427,1.686999054927604,0.0,0.5454545454545454,0.0,0.0
RDSGD,22,0.8535930735930736,0.8535930735930736,0.703458520090306,0.7034585200903057,0.7000202020202019,0.39017316017316017,0.8278354978354978,1.1159371409280308,1.6817766533722627,0.0,0.5454545454545454,0.0,0.0
RDSGD,23,0.8541991341991342,0.8541991341991342,0.7113678506352274,0.7113678506352272,0.7010476190476191,0.3932034632034632,0.8277922077922077,1.113962246309142,1.681305257834431,0.0,0.5303030303030303,0.0,0.0
RDSGD,24,0.8537229437229438,0.8537229437229438,0.7165030697298249,0.7165030697298246,0.7012900432900433,0.4004329004329004,0.8262337662337662,1.112555369280512,1.686208892675337,0.0,0.5151515151515151,0.0,0.0
RDSGD,25,0.8538095238095238,0.8538095238095238,0.7236433321717266,0.7236433321717263,0.7013564213564215,0.40476190476190477,0.825930735930736,1.1102439491766176,1.6874540376309182,0.0,0.5,0.0,0.0
RDSGD,26,0.8540692640692641,0.8540692640692641,0.7292664568278187,0.7292664568278184,0.7017316017316017,0.4108658008658009,0.8278787878787879,1.1091272215059842,1.6875102584377777,0.0,0.48484848484848486,0.0,0.0
RDSGD,27,0.8539393939393939,0.8539393939393939,0.7309742411410353,0.7309742411410349,0.7027272727272726,0.4123809523809524,0.8306493506493506,1.1085726552932753,1.6826921531597305,0.0,0.48484848484848486,0.0,0.0
RDSGD,28,0.854025974025974,0.854025974025974,0.7372142687827569,0.7372142687827566,0.7025772005772005,0.41614718614718615,0.8312121212121212,1.1069349190074396,1.6811188926515508,0.0,0.48484848484848486,0.0,0.0
RDSGD,29,0.8541125541125542,0.8541125541125542,0.7395354448277787,0.7395354448277783,0.7033997113997114,0.41883116883116883,0.8306493506493506,1.107270061332763,1.6848518750555734,0.0,0.48484848484848486,0.0,0.0
RDSGD,30,0.8540692640692641,0.8540692640692641,0.7445485049472174,0.744548504947217,0.7031457431457432,0.4204761904761905,0.8285281385281386,1.106981865127708,1.689259672101283,0.0,0.5151515151515151,0.0,0.0
RDSGD,31,0.8535497835497835,0.8535497835497835,0.7494550817823499,0.7494550817823497,0.7032467532467532,0.4248917748917749,0.8284415584415584,1.1057411085537185,1.6900667817605939,0.0,0.5151515151515151,0.0,0.0
RDSGD,32,0.8534632034632035,0.8534632034632035,0.7555562893741515,0.7555562893741512,0.70187012987013,0.42593073593073594,0.8266233766233766,1.106063012197621,1.6930334092422803,0.0,0.5303030303030303,0.0,0.0
RDSGD,33,0.8534632034632035,0.8534632034632035,0.7630252024024053,0.763025202402405,0.7010764790764789,0.4260606060606061,0.826060606060606,1.1058097460952805,1.6966209952561644,0.0,0.5303030303030303,0.0,0.0
RDSGD,34,0.8534199134199134,0.8534199134199134,0.7668967425497565,0.7668967425497561,0.701027417027417,0.42787878787878786,0.8253679653679654,1.1049388136560456,1.698286986206093,0.0,0.5303030303030303,0.0,0.0
RDSGD,35,0.8538528138528139,0.8538528138528139,0.7743023980916481,0.7743023980916479,0.7002279942279941,0.4254112554112554,0.8235064935064935,1.1037054522196441,1.7036825352570257,0.0,0.5303030303030303,0.0,0.0
RDSGD,36,0.8534199134199134,0.8534199134199134,0.778435874934136,0.7784358749341356,0.6999509379509379,0.42623376623376624,0.8235497835497836,1.1029415147310941,1.7058279439931328,0.0,0.5454545454545454,0.0,0.0
RDSGD,37,0.8531168831168832,0.8531168831168832,0.7823325748833374,0.7823325748833371,0.6997229437229439,0.42437229437229435,0.823939393939394,1.1023826101482643,1.7045641593488743,0.0,0.5454545454545454,0.0,0.0
RDSGD,38,0.8534632034632035,0.8534632034632035,0.7841543408396182,0.7841543408396179,0.6997979797979799,0.42333333333333334,0.8239826839826839,1.1014789916128929,1.7063706588893073,0.0,0.5454545454545454,0.0,0.0
RDSGD,39,0.8545021645021645,0.8545021645021645,0.7892634150297333,0.789263415029733,0.6997777777777778,0.4253246753246753,0.824025974025974,1.1009342454468023,1.7081387495099987,0.0,0.5454545454545454,0.0,0.0
RDSGD,40,0.8541125541125542,0.8541125541125542,0.7934629580066617,0.7934629580066613,0.6989898989898989,0.42294372294372296,0.8225974025974025,1.1004574013355841,1.7089826673445536,0.0,0.5454545454545454,0.0,0.0
RDSGD,41,0.8542857142857143,0.8542857142857143,0.7978790901738159,0.7978790901738156,0.6984761904761906,0.42238095238095236,0.8237662337662338,1.0995151121397075,1.7057384199935712,0.0,0.5454545454545454,0.0,0.0
RDSGD,42,0.8542857142857143,0.8542857142857143,0.8000741045682728,0.8000741045682724,0.6984069264069264,0.4234199134199134,0.8221212121212121,1.0991733695038883,1.7096089531316547,0.0,0.5454545454545454,0.0,0.0
RDSGD,43,0.8538961038961039,0.8538961038961039,0.8034324945570364,0.8034324945570362,0.6978499278499278,0.42307359307359305,0.8216883116883117,1.0988714458373918,1.7113619764837984,0.0,0.5454545454545454,0.0,0.0
RDSGD,44,0.8545887445887446,0.8545887445887446,0.8062367293012722,0.8062367293012717,0.6977633477633479,0.4244588744588745,0.822034632034632,1.0986586432121146,1.7107469788493224,0.0,0.5454545454545454,0.0,0.0
RDSGD,45,0.8539393939393939,0.8539393939393939,0.809432456159397,0.8094324561593966,0.6977691197691197,0.42363636363636364,0.8218181818181818,1.0985343941821695,1.7128374324627502,0.0,0.5454545454545454,0.0,0.0
RDSGD,46,0.8537662337662337,0.8537662337662337,0.8105931423675244,0.8105931423675242,0.698098124098124,0.4250649350649351,0.8210822510822511,1.0989778873466727,1.7186144846079916,0.0,0.5454545454545454,0.0,0.0
RDSGD,47,0.854025974025974,0.854025974025974,0.8124401415147368,0.8124401415147362,0.6979480519480518,0.4253246753246753,0.8211255411255411,1.0984024048957863,1.7192363668533646,0.0,0.5454545454545454,0.0,0.0
RDSGD,48,0.8537229437229438,0.8537229437229438,0.8139507597783424,0.8139507597783421,0.6984502164502164,0.42753246753246754,0.8200865800865801,1.098393207309599,1.7219823777058025,0.0,0.5303030303030303,0.0,0.0
RDSGD,49,0.8542424242424242,0.8542424242424242,0.8158958520719445,0.8158958520719441,0.6985454545454546,0.4261038961038961,0.8212987012987013,1.0980986956219896,1.7196654520149288,0.0,0.5454545454545454,0.0,0.0
RDSGD,50,0.8549350649350649,0.8549350649350649,0.8182792564940916,0.8182792564940913,0.6986378066378067,0.42584415584415586,0.8214285714285714,1.097975899811534,1.7200619524319358,0.0,0.5454545454545454,0.0,0.0
RDSGD,51,0.8546753246753247,0.8546753246753247,0.8205712681754844,0.820571268175484,0.6987128427128427,0.43138528138528137,0.8222510822510822,1.097494573613402,1.721313892659328,0.0,0.5454545454545454,0.0,0.0
RDSGD,52,0.8549350649350649,0.8549350649350649,0.8222721989781672,0.8222721989781667,0.6987619047619049,0.43242424242424243,0.8222510822510822,1.0969844756792955,1.722897281820364,0.0,0.5454545454545454,0.0,0.0
RDSGD,53,0.8551082251082252,0.8551082251082252,0.8225251833045873,0.8225251833045871,0.6988225108225109,0.43432900432900434,0.8211688311688312,1.0972666860093956,1.723654612025895,0.0,0.5454545454545454,0.0,0.0
RDSGD,54,0.8552380952380952,0.8552380952380952,0.8228545253798414,0.822854525379841,0.6990158730158728,0.4332900432900433,0.8218614718614718,1.0970940027512819,1.725501581774652,0.0,0.5454545454545454,0.0,0.0
RDSGD,55,0.8554112554112554,0.8554112554112554,0.822889044315065,0.8228890443150646,0.6992467532467533,0.43506493506493504,0.8214718614718615,1.0964716889547157,1.727201017869015,0.0,0.5454545454545454,0.0,0.0
RDSGD,56,0.8558008658008658,0.8558008658008658,0.8262607509303722,0.8262607509303719,0.6991572871572873,0.4345021645021645,0.8216450216450216,1.0965589650645828,1.7288216880713885,0.0,0.5454545454545454,0.0,0.0
RDSGD,57,0.8559307359307359,0.8559307359307359,0.826652717247682,0.8266527172476815,0.6993939393939395,0.43597402597402596,0.8216883116883117,1.0968334531264978,1.7295244367725697,0.0,0.5454545454545454,0.0,0.0
RDSGD,58,0.8561038961038961,0.8561038961038961,0.8277850649195774,0.827785064919577,0.6992294372294373,0.4354978354978355,0.821948051948052,1.0972042360163792,1.7281141184133868,0.0,0.5454545454545454,0.0,0.0
RDSGD,59,0.8564502164502165,0.8564502164502165,0.8287424341123604,0.8287424341123598,0.6992265512265513,0.43272727272727274,0.8206926406926407,1.0970833026770277,1.7318438223007,0.0,0.5454545454545454,0.0,0.0
RDSGD,60,0.8563203463203464,0.8563203463203464,0.828599373348946,0.8285993733489457,0.6995642135642136,0.43454545454545457,0.8217748917748918,1.0965547218314293,1.7306659296341893,0.0,0.5454545454545454,0.0,0.0
RDSGD,61,0.8564502164502165,0.8564502164502165,0.8285137401422016,0.828513740142201,0.6995064935064935,0.43238095238095237,0.8212121212121212,1.0965370409310564,1.7311256963689723,0.0,0.5454545454545454,0.0,0.0
RDSGD,62,0.8564502164502165,0.8564502164502165,0.8295213873003274,0.829521387300327,0.6997402597402599,0.4348484848484849,0.8219047619047619,1.0963633204100895,1.7306437054298607,0.0,0.5454545454545454,0.0,0.0
RDSGD,63,0.8562337662337662,0.8562337662337662,0.8297727409114763,0.829772740911476,0.700178932178932,0.4332034632034632,0.8217748917748918,1.0965940431224324,1.7318321169493083,0.0,0.5454545454545454,0.0,0.0
RDSGD,64,0.8560606060606061,0.8560606060606061,0.8302140701504448,0.8302140701504443,0.7004906204906205,0.43372294372294373,0.8223376623376624,1.0965721005142437,1.7306248605272705,0.0,0.5454545454545454,0.0,0.0
RDSGD,65,0.8565367965367965,0.8565367965367965,0.8312393331396373,0.831239333139637,0.7003607503607504,0.4335064935064935,0.8222943722943723,1.096501867157568,1.7331078959256647,0.0,0.5454545454545454,0.0,0.0
RDSGD,66,0.8566233766233766,0.8566233766233766,0.8328162382989465,0.8328162382989461,0.7000202020202021,0.43142857142857144,0.8221645021645022,1.0964272611892913,1.7328937451979873,0.0,0.5454545454545454,0.0,0.0
RDSGD,67,0.8566233766233766,0.8566233766233766,0.8356516777564558,0.8356516777564557,0.6999509379509379,0.43142857142857144,0.8205627705627706,1.0957944100877695,1.7349122202004736,0.0,0.5454545454545454,0.0,0.0
RDSGD,68,0.8564935064935065,0.8564935064935065,0.8361536800048066,0.8361536800048063,0.7000606060606062,0.43238095238095237,0.8204761904761905,1.09574397073168,1.7341871078931905,0.0,0.5454545454545454,0.0,0.0
RDSGD,69,0.8568398268398268,0.8568398268398268,0.837114137640837,0.8371141376408364,0.6998759018759019,0.43207792207792206,0.8216017316017316,1.0958797052270859,1.73276911694433,0.0,0.5454545454545454,0.0,0.0
RDSGD,70,0.8574025974025974,0.8574025974025974,0.8392172545279609,0.8392172545279605,0.6996767676767675,0.43138528138528137,0.8200865800865801,1.09580917838378,1.7327743668090125,0.0,0.5606060606060606,0.0,0.0
RDSGD,71,0.8571861471861472,0.8571861471861472,0.8395559653381719,0.8395559653381715,0.6994632034632036,0.43034632034632037,0.8205627705627706,1.095424612753966,1.7387218876230222,0.0,0.5757575757575758,0.0,0.0
RDSGD,72,0.8569696969696969,0.8569696969696969,0.8407067697668207,0.8407067697668201,0.6996392496392495,0.43047619047619046,0.8184415584415584,1.0948628537996599,1.7462834699547005,0.0,0.5606060606060606,0.0,0.0
RDSGD,73,0.8572294372294372,0.8572294372294372,0.8419060603459987,0.8419060603459984,0.6997575757575757,0.43,0.8187012987012987,1.0946016267811545,1.7459862932964434,0.0,0.5606060606060606,0.0,0.0
RDSGD,74,0.8572294372294372,0.8572294372294372,0.8419266822737828,0.8419266822737823,0.6996132756132756,0.43056277056277054,0.818008658008658,1.0947844525939439,1.7488547539620942,0.0,0.5757575757575758,0.0,0.0
RDSGD,75,0.8575324675324675,0.8575324675324675,0.8432844118535007,0.8432844118535004,0.6993910533910536,0.4319047619047619,0.8167965367965367,1.094757443918641,1.7528349874970728,0.0,0.5606060606060606,0.0,0.0
RDSGD,76,0.8577922077922078,0.8577922077922078,0.8440189320876291,0.8440189320876289,0.6991746031746031,0.43333333333333335,0.8171861471861472,1.0945276286716084,1.752990285220371,0.0,0.5606060606060606,0.0,0.0
RDSGD,77,0.8578354978354978,0.8578354978354978,0.8453739474868605,0.8453739474868601,0.699073593073593,0.4338528138528139,0.8168398268398268,1.0944420193005475,1.7537200569065816,0.0,0.5606060606060606,0.0,0.0
RDSGD,78,0.858008658008658,0.858008658008658,0.8464939465181258,0.8464939465181254,0.6990274170274169,0.43393939393939396,0.8157575757575758,1.0943895041810556,1.7556938475521549,0.0,0.5606060606060606,0.0,0.0
RDSGD,79,0.8572294372294372,0.8572294372294372,0.8470405331295501,0.8470405331295496,0.6992092352092353,0.4332900432900433,0.8153679653679654,1.0939450839549916,1.7562296235104964,0.0,0.5606060606060606,0.0,0.0
RDSGD,80,0.8573593073593073,0.8573593073593073,0.8479138987011521,0.8479138987011517,0.6991399711399711,0.430995670995671,0.8155411255411256,1.0941626311005042,1.757864817345216,0.0,0.5454545454545454,0.0,0.0
RDSGD,81,0.8575757575757575,0.8575757575757575,0.8472213798336246,0.8472213798336241,0.6996421356421358,0.43346320346320344,0.8151515151515152,1.094054176329281,1.7585191068439412,0.0,0.5454545454545454,0.0,0.0
RDSGD,82,0.8583549783549783,0.8583549783549783,0.8457218102282852,0.8457218102282849,0.7002481962481963,0.43337662337662336,0.8163636363636364,1.0939661187309535,1.756015451166379,0.0,0.5454545454545454,0.0,0.0
RDSGD,83,0.8578354978354978,0.8578354978354978,0.84663980137306,0.8466398013730597,0.7004906204906206,0.43272727272727274,0.8155844155844156,1.094018103335881,1.757171961019353,0.0,0.5454545454545454,0.0,0.0
RDSGD,84,0.8577922077922078,0.8577922077922078,0.8463529672401842,0.8463529672401837,0.7008253968253969,0.43268398268398267,0.8165367965367966,1.0937193516219956,1.755719276435601,0.0,0.5454545454545454,0.0,0.0
RDSGD,85,0.857922077922078,0.857922077922078,0.8468162054833649,0.8468162054833647,0.7005685425685425,0.43108225108225107,0.8164502164502164,1.0937635463270172,1.7555571610602148,0.0,0.5606060606060606,0.0,0.0
RDSGD,86,0.8581818181818182,0.8581818181818182,0.84802785482409,0.8480278548240895,0.7003520923520924,0.43073593073593075,0.8161471861471862,1.093715377991089,1.755618443075259,0.0,0.5606060606060606,0.0,0.0
RDSGD,87,0.8580519480519481,0.8580519480519481,0.85023338820959,0.8502333882095896,0.7001702741702741,0.4302597402597403,0.8155844155844156,1.093764020749981,1.758161996781989,0.0,0.5606060606060606,0.0,0.0
RDSGD,88,0.8583549783549783,0.8583549783549783,0.8509993898915504,0.8509993898915499,0.7000923520923521,0.4305194805194805,0.815974025974026,1.093585449822521,1.755948485801275,0.0,0.5606060606060606,0.0,0.0
RDSGD,89,0.8586580086580087,0.8586580086580087,0.8524172901152401,0.8524172901152398,0.7002251082251083,0.42852813852813854,0.8165367965367966,1.0935572557817734,1.7550456888160375,0.0,0.5757575757575758,0.0,0.0
RDSGD,90,0.8583549783549783,0.8583549783549783,0.8544110319280791,0.8544110319280788,0.699887445887446,0.42696969696969694,0.8162770562770563,1.0935049196641908,1.7558489110215874,0.0,0.5909090909090909,0.0,0.0
RDSGD,91,0.8584848484848485,0.8584848484848485,0.8542882626259837,0.8542882626259832,0.6997518037518037,0.4283549783549784,0.8156277056277056,1.0933079260645042,1.7580963190443497,0.0,0.5909090909090909,0.0,0.0
RDSGD,92,0.8583549783549783,0.8583549783549783,0.8554658617217913,0.855465861721791,0.6996623376623377,0.42913419913419915,0.815930735930736,1.093347931726353,1.7579056347157036,0.0,0.5909090909090909,0.0,0.0
RDSGD,93,0.8585714285714285,0.8585714285714285,0.8565661475289341,0.8565661475289337,0.6995468975468976,0.43,0.815930735930736,1.0931433261547276,1.7584412002657346,0.0,0.6060606060606061,0.0,0.0
RDSGD,94,0.8583982683982684,0.8583982683982684,0.8569963826331004,0.8569963826331001,0.6992438672438672,0.42956709956709954,0.814978354978355,1.0931525190651237,1.7605137410800915,0.0,0.5909090909090909,0.0,0.0
RDSGD,95,0.8583549783549783,0.8583549783549783,0.8574357018744867,0.8574357018744864,0.698897546897547,0.4296969696969697,0.8143290043290043,1.0929467820189431,1.7616375654604703,0.0,0.6060606060606061,0.0,0.0
RDSGD,96,0.8578354978354978,0.8578354978354978,0.8580877063329873,0.8580877063329868,0.6985772005772006,0.42926406926406924,0.8135497835497836,1.0929165717528058,1.7641759895101472,0.0,0.6060606060606061,0.0,0.0
RDSGD,97,0.8575324675324675,0.8575324675324675,0.8590199843483409,0.8590199843483405,0.6984040404040405,0.43017316017316015,0.812034632034632,1.0928654567212448,1.7668292876970226,0.0,0.6060606060606061,0.0,0.0
RDSGD,98,0.858008658008658,0.858008658008658,0.8598343356606166,0.8598343356606163,0.6979393939393941,0.43112554112554113,0.8108658008658008,1.0926732930258047,1.7675991178945276,0.0,0.6060606060606061,0.0,0.0
RDSGD,99,0.8576190476190476,0.8576190476190476,0.861910248516574,0.8619102485165736,0.6975901875901874,0.43147186147186145,0.8102597402597402,1.092685897217603,1.7674219554152237,0.0,0.6060606060606061,0.0,0.0
RDSGD,100,0.8577056277056277,0.8577056277056277,0.8628005143540836,0.8628005143540832,0.6974487734487733,0.43138528138528137,0.8113419913419914,1.0925905590189995,1.7664019986876642,0.0,0.6212121212121212,0.0,0.0
RDSGD,101,0.8578787878787879,0.8578787878787879,0.8629840548894392,0.8629840548894386,0.6976479076479076,0.4328571428571429,0.8112121212121212,1.0927315369685306,1.766866866807396,0.0,0.6212121212121212,0.0,0.0
RDSGD,102,0.8580519480519481,0.8580519480519481,0.8639600795458906,0.8639600795458905,0.6975988455988456,0.43238095238095237,0.8112554112554112,1.0927139164553983,1.767012854043376,0.0,0.6212121212121212,0.0,0.0
RDSGD,103,0.857922077922078,0.857922077922078,0.8648153766904612,0.8648153766904607,0.6973823953823952,0.43086580086580084,0.81004329004329,1.0926155881049515,1.769278182239253,0.0,0.6363636363636364,0.0,0.0
RDSGD,104,0.8579653679653679,0.8579653679653679,0.8658237715506278,0.8658237715506274,0.6967907647907646,0.43116883116883115,0.8095670995670996,1.09242214280758,1.7703899634275788,0.0,0.6363636363636364,0.0,0.0
RDSGD,105,0.8577922077922078,0.8577922077922078,0.8661581762236915,0.8661581762236912,0.6967041847041847,0.4306060606060606,0.8094805194805195,1.0922220635619682,1.7714269420067104,0.0,0.6363636363636364,0.0,0.0
RDSGD,106,0.8579653679653679,0.8579653679653679,0.8671443336571865,0.867144333657186,0.6967849927849927,0.43246753246753245,0.8085714285714286,1.0921711165109826,1.7724893012758978,0.0,0.6363636363636364,0.0,0.0
RDSGD,107,0.8577489177489177,0.8577489177489177,0.8680094861466481,0.8680094861466476,0.6967128427128427,0.43272727272727274,0.808051948051948,1.0921804442006713,1.7735875725701349,0.0,0.6363636363636364,0.0,0.0
RDSGD,108,0.8577922077922078,0.8577922077922078,0.8690795207198814,0.8690795207198811,0.6966724386724387,0.43415584415584413,0.8083982683982684,1.0920213450169598,1.774359330906301,0.0,0.6363636363636364,0.0,0.0
RDSGD,109,0.8578354978354978,0.8578354978354978,0.8708785755277443,0.870878575527744,0.6963636363636365,0.43445887445887443,0.8067532467532468,1.091774985894689,1.7780076926656956,0.0,0.6363636363636364,0.0,0.0
RDSGD,110,0.8578354978354978,0.8578354978354978,0.8723434018068461,0.8723434018068457,0.6960952380952381,0.43528138528138527,0.8063636363636364,1.0917543689916278,1.780214992256132,0.0,0.6363636363636364,0.0,0.0
RDSGD,111,0.8577056277056277,0.8577056277056277,0.8732735782995784,0.873273578299578,0.6956594516594518,0.43536796536796535,0.8057575757575758,1.0916502064343374,1.7814432794621275,0.0,0.6363636363636364,0.0,0.0
RDSGD,112,0.8577489177489177,0.8577489177489177,0.8748785062156726,0.8748785062156722,0.6956479076479076,0.43584415584415587,0.8061471861471862,1.0915693875409014,1.781513180966187,0.0,0.6363636363636364,0.0,0.0
RDSGD,113,0.8577056277056277,0.8577056277056277,0.8767667609206212,0.8767667609206208,0.6951976911976911,0.4354545454545454,0.8057575757575758,1.0915435162737088,1.7832791193790543,0.0,0.6363636363636364,0.0,0.0
RDSGD,114,0.8578354978354978,0.8578354978354978,0.8782030204618081,0.8782030204618078,0.6948715728715729,0.4354978354978355,0.805064935064935,1.091581234477797,1.7847548430677456,0.0,0.6363636363636364,0.0,0.0
RDSGD,115,0.8573593073593073,0.8573593073593073,0.8793161227598403,0.87931612275984,0.6945079365079364,0.436017316017316,0.8042857142857143,1.091571777376768,1.7855665336307094,0.0,0.6363636363636364,0.0,0.0
RDSGD,116,0.8574458874458875,0.8574458874458875,0.8801459813923779,0.8801459813923775,0.6943982683982685,0.43554112554112556,0.8038961038961039,1.0915340185893907,1.7860005836255868,0.0,0.6363636363636364,0.0,0.0
RDSGD,117,0.8577489177489177,0.8577489177489177,0.8804878762515002,0.8804878762514998,0.6942135642135643,0.43662337662337664,0.8034632034632034,1.0915572198411279,1.7872719014611107,0.0,0.6363636363636364,0.0,0.0
RDSGD,118,0.8577489177489177,0.8577489177489177,0.8810668046838362,0.8810668046838358,0.6941789321789321,0.43813852813852816,0.8033766233766234,1.0914527598343555,1.7870895377444178,0.0,0.6363636363636364,0.0,0.0
RDSGD,119,0.8579653679653679,0.8579653679653679,0.8816722927583989,0.8816722927583986,0.6942914862914864,0.4384848484848485,0.8056709956709956,1.0915221294706936,1.7823810031537564,0.0,0.6515151515151515,0.0,0.0
RDSGD,120,0.8581385281385281,0.8581385281385281,0.8815872705552464,0.8815872705552461,0.6945050505050504,0.44082251082251084,0.8078787878787879,1.0913951186714423,1.77777308873033,0.0,0.6515151515151515,0.0,0.0
RDSGD,121,0.8581385281385281,0.8581385281385281,0.8827080392957003,0.8827080392956999,0.6942741702741703,0.43948051948051947,0.8090043290043291,1.0913418229087544,1.7772049631405618,0.0,0.6666666666666666,0.0,0.0
RDSGD,122,0.8585714285714285,0.8585714285714285,0.8836885870648608,0.8836885870648604,0.6942655122655123,0.43926406926406925,0.8106060606060606,1.091192235575219,1.7737577853165283,0.0,0.6515151515151515,0.0,0.0
RDSGD,123,0.858008658008658,0.858008658008658,0.885260502209773,0.8852605022097727,0.6943694083694083,0.43922077922077923,0.8124242424242424,1.0912044611461935,1.7711755724423521,0.0,0.6515151515151515,0.0,0.0
RDSGD,124,0.8581818181818182,0.8581818181818182,0.8864881319755261,0.8864881319755256,0.6941356421356422,0.43974025974025976,0.8134632034632034,1.0911821249043032,1.76958982744419,0.0,0.6515151515151515,0.0,0.0
RDSGD,125,0.8580519480519481,0.8580519480519481,0.8869144444796744,0.8869144444796739,0.69397113997114,0.4390909090909091,0.8142424242424242,1.0910601092380356,1.769570167668257,0.0,0.6515151515151515,0.0,0.0
RDSGD,126,0.8576190476190476,0.8576190476190476,0.8886501568609128,0.8886501568609123,0.6939220779220779,0.43926406926406925,0.8134199134199134,1.0908923105555532,1.7699974961664615,0.0,0.6515151515151515,0.0,0.0
RDSGD,127,0.8575757575757575,0.8575757575757575,0.8895831843685736,0.8895831843685732,0.6937027417027417,0.439047619047619,0.8127272727272727,1.0908832498575198,1.7702874039907723,0.0,0.6515151515151515,0.0,0.0
RDSGD,128,0.8576190476190476,0.8576190476190476,0.8902219581402506,0.8902219581402503,0.6936623376623375,0.43913419913419915,0.8133766233766234,1.0908811464435741,1.7721750223156023,0.0,0.6515151515151515,0.0,0.0
RDSGD,129,0.8575324675324675,0.8575324675324675,0.8913593320076588,0.8913593320076585,0.6935642135642136,0.43857142857142856,0.813939393939394,1.0907882342342,1.7712330311992177,0.0,0.6515151515151515,0.0,0.0
RDSGD,130,0.8578787878787879,0.8578787878787879,0.8912615727185063,0.8912615727185059,0.6936450216450215,0.43857142857142856,0.8141125541125541,1.0907381616881842,1.7702819840401287,0.0,0.6515151515151515,0.0,0.0
RDSGD,131,0.8578787878787879,0.8578787878787879,0.8933670070585189,0.8933670070585186,0.6934458874458875,0.43857142857142856,0.8138528138528138,1.0907028591569299,1.771823975240253,0.0,0.6515151515151515,0.0,0.0
RDSGD,132,0.8576623376623377,0.8576623376623377,0.8942853022430279,0.8942853022430275,0.6933795093795093,0.439004329004329,0.8131601731601732,1.0906700952038932,1.7739238961710666,0.0,0.6515151515151515,0.0,0.0
RDSGD,133,0.8576190476190476,0.8576190476190476,0.8957436066888187,0.8957436066888184,0.6930505050505053,0.4387012987012987,0.8126839826839827,1.090637846299929,1.7747705165578993,0.0,0.6515151515151515,0.0,0.0
RDSGD,134,0.857922077922078,0.857922077922078,0.896605269594458,0.8966052695944575,0.6929004329004329,0.43917748917748917,0.812943722943723,1.0905913888771541,1.774909813255774,0.0,0.6515151515151515,0.0,0.0
RDSGD,135,0.8577922077922078,0.8577922077922078,0.898092272137756,0.8980922721377557,0.6928196248196248,0.4396969696969697,0.812987012987013,1.0904890736648034,1.7744036736716353,0.0,0.6515151515151515,0.0,0.0
RDSGD,136,0.8576623376623377,0.8576623376623377,0.8985896779585211,0.8985896779585207,0.6928398268398269,0.43982683982683984,0.8145021645021645,1.0904068148286572,1.7709341818847615,0.0,0.6515151515151515,0.0,0.0
RDSGD,137,0.8573160173160174,0.8573160173160174,0.9001979900845741,0.9001979900845738,0.6923116883116884,0.43887445887445886,0.813030303030303,1.0902784926008435,1.7749233916461788,0.0,0.6515151515151515,0.0,0.0
RDSGD,138,0.8571861471861472,0.8571861471861472,0.9015727918235684,0.901572791823568,0.6921067821067821,0.43826839826839825,0.8116017316017315,1.0902078846258623,1.7765871561180302,0.0,0.6515151515151515,0.0,0.0
RDSGD,139,0.8572294372294372,0.8572294372294372,0.9023279110450363,0.9023279110450358,0.6920432900432901,0.43887445887445886,0.811991341991342,1.0901904878939113,1.7774519994267517,0.0,0.6515151515151515,0.0,0.0
RDSGD,140,0.8573593073593073,0.8573593073593073,0.9032932569834781,0.9032932569834775,0.6919567099567099,0.43844155844155847,0.8118181818181818,1.0902051418727725,1.7792693517559273,0.0,0.6363636363636364,0.0,0.0
RDSGD,141,0.8571861471861472,0.8571861471861472,0.9032366006670571,0.9032366006670568,0.691945165945166,0.4393506493506493,0.8103463203463204,1.0901048515564762,1.779761960913755,0.0,0.6363636363636364,0.0,0.0
RDSGD,142,0.8577056277056277,0.8577056277056277,0.9038940538106573,0.903894053810657,0.6922337662337662,0.439004329004329,0.8122077922077922,1.0901939057978844,1.7764013578135116,0.0,0.6363636363636364,0.0,0.0
RDSGD,143,0.8574025974025974,0.8574025974025974,0.9042064792824798,0.9042064792824793,0.6923751803751804,0.43874458874458877,0.8122943722943723,1.0902133038542787,1.7762035768812443,0.0,0.6363636363636364,0.0,0.0
RDSGD,144,0.8578354978354978,0.8578354978354978,0.905330261575533,0.9053302615755326,0.6922597402597402,0.4383116883116883,0.8133333333333334,1.0901148596477785,1.7731197338842715,0.0,0.6363636363636364,0.0,0.0
RDSGD,145,0.858008658008658,0.858008658008658,0.9060061150591593,0.9060061150591591,0.6922510822510825,0.4380952380952381,0.8125974025974027,1.0899561290249138,1.7732214627769785,0.0,0.6363636363636364,0.0,0.0
RDSGD,146,0.8581385281385281,0.8581385281385281,0.9071773462224847,0.9071773462224845,0.692066378066378,0.4374891774891775,0.8115584415584416,1.089878238058839,1.774547865731559,0.0,0.6363636363636364,0.0,0.0
RDSGD,147,0.8579653679653679,0.8579653679653679,0.9076274147078914,0.907627414707891,0.6921645021645023,0.43857142857142856,0.8122943722943723,1.0899038839566266,1.7732324180051697,0.0,0.6363636363636364,0.0,0.0
RDSGD,148,0.8577922077922078,0.8577922077922078,0.9084234488292342,0.9084234488292338,0.6922453102453103,0.43844155844155847,0.8131168831168831,1.0898562925257278,1.7720735872943305,0.0,0.6363636363636364,0.0,0.0
RDSGD,149,0.8580952380952381,0.8580952380952381,0.9084343829336539,0.9084343829336538,0.6922972582972583,0.4386147186147186,0.8128571428571428,1.0897908966178356,1.772339080886355,0.0,0.6363636363636364,0.0,0.0
RDSGD,150,0.8580519480519481,0.8580519480519481,0.9087729420487983,0.9087729420487979,0.6922395382395383,0.43917748917748917,0.8138095238095238,1.0897423404721431,1.7714139149763526,0.0,0.6818181818181818,0.0,0.0
RDSGD,151,0.8581385281385281,0.8581385281385281,0.9091425245109219,0.9091425245109215,0.6923318903318904,0.43974025974025976,0.8134632034632034,1.089669591479753,1.7718741823567743,0.0,0.6363636363636364,0.0,0.0
RDSGD,152,0.8582683982683983,0.8582683982683983,0.9099127367359277,0.9099127367359273,0.6923290043290042,0.44077922077922077,0.8133766233766234,1.0897607500713944,1.7723153132112217,0.0,0.6363636363636364,0.0,0.0
RDSGD,153,0.8584415584415584,0.8584415584415584,0.9103415199483912,0.9103415199483909,0.6922799422799424,0.44051948051948053,0.813939393939394,1.0898292863015253,1.7709563147297807,0.0,0.6515151515151515,0.0,0.0
RDSGD,154,0.8585714285714285,0.8585714285714285,0.9105576352413498,0.9105576352413494,0.692025974025974,0.44021645021645023,0.8124242424242424,1.0897948282254204,1.7724356670398953,0.0,0.6515151515151515,0.0,0.0
RDSGD,155,0.8586147186147186,0.8586147186147186,0.9108770946380337,0.9108770946380333,0.6922914862914863,0.43982683982683984,0.8133333333333334,1.0897858828400566,1.7711425588193686,0.0,0.6363636363636364,0.0,0.0
RDSGD,156,0.8585714285714285,0.8585714285714285,0.9112388776167112,0.9112388776167106,0.6922828282828282,0.43995670995670993,0.8138961038961039,1.0897667317718152,1.769019136095932,0.0,0.6818181818181818,0.0,0.0
RDSGD,157,0.8584848484848485,0.8584848484848485,0.9113536963184505,0.91135369631845,0.6922510822510822,0.4406926406926407,0.8137229437229437,1.089719008450282,1.7683193972561202,0.0,0.6818181818181818,0.0,0.0
RDSGD,158,0.8584848484848485,0.8584848484848485,0.9119165135752209,0.9119165135752204,0.6923463203463204,0.4406493506493506,0.8156709956709957,1.0896760842894193,1.7659916306807193,0.0,0.6818181818181818,0.0,0.0
RDSGD,159,0.8582251082251082,0.8582251082251082,0.9125923754102307,0.9125923754102303,0.6921731601731602,0.44073593073593076,0.8153246753246753,1.0897198165415831,1.7666361092945744,0.0,0.696969696969697,0.0,0.0
RDSGD,160,0.8581818181818182,0.8581818181818182,0.913360627475809,0.9133606274758089,0.6919018759018758,0.44112554112554114,0.8141991341991341,1.0896936715303627,1.7678272972035027,0.0,0.696969696969697,0.0,0.0
RDSGD,161,0.8580519480519481,0.8580519480519481,0.9135562521879087,0.9135562521879081,0.6917431457431458,0.4409090909090909,0.8147186147186147,1.0896453975519,1.7664488976644106,0.0,0.696969696969697,0.0,0.0
RDSGD,162,0.858008658008658,0.858008658008658,0.9141589695259377,0.9141589695259373,0.6917085137085136,0.4410822510822511,0.8147619047619048,1.0896276151422088,1.7671645885799143,0.0,0.696969696969697,0.0,0.0
RDSGD,163,0.8580519480519481,0.8580519480519481,0.9147602149606778,0.9147602149606775,0.6916998556998557,0.44112554112554114,0.8155844155844156,1.0895337441587922,1.7657264495296447,0.0,0.696969696969697,0.0,0.0
RDSGD,164,0.8581818181818182,0.8581818181818182,0.9160989785545912,0.9160989785545908,0.6915873015873016,0.44125541125541123,0.8156709956709957,1.089472556182006,1.766932055755134,0.0,0.696969696969697,0.0,0.0
RDSGD,165,0.8584848484848485,0.8584848484848485,0.9167147600847445,0.9167147600847443,0.6914430014430013,0.44051948051948053,0.8163203463203463,1.089417761003221,1.7674173928283385,0.0,0.696969696969697,0.0,0.0
RDSGD,166,0.8586147186147186,0.8586147186147186,0.9169433748655459,0.9169433748655452,0.6912756132756133,0.44082251082251084,0.8152380952380952,1.089382109026516,1.7696647463901043,0.0,0.696969696969697,0.0,0.0
RDSGD,167,0.8584415584415584,0.8584415584415584,0.9184003062898196,0.9184003062898193,0.6909033189033187,0.4403463203463203,0.8153679653679654,1.0893498177792735,1.768796189911729,0.0,0.696969696969697,0.0,0.0
RDSGD,168,0.8581818181818182,0.8581818181818182,0.9196359689931101,0.9196359689931098,0.6908513708513709,0.44047619047619047,0.8154112554112554,1.0893805252518223,1.7692715656639393,0.0,0.696969696969697,0.0,0.0
RDSGD,169,0.8583116883116884,0.8583116883116884,0.9206486286066402,0.92064862860664,0.6906493506493505,0.44043290043290045,0.8152380952380952,1.0893528300793285,1.7699485048736565,0.0,0.696969696969697,0.0,0.0
RDSGD,170,0.8580519480519481,0.8580519480519481,0.9207220274752324,0.9207220274752319,0.6905714285714286,0.44077922077922077,0.8152380952380952,1.0893297941434392,1.7707589890901585,0.0,0.696969696969697,0.0,0.0
RDSGD,171,0.8578354978354978,0.8578354978354978,0.9210562871620702,0.9210562871620701,0.6901500721500722,0.43956709956709955,0.8144155844155844,1.0893484350405094,1.7722044852235852,0.0,0.696969696969697,0.0,0.0
RDSGD,172,0.8577922077922078,0.8577922077922078,0.9213404752614835,0.9213404752614829,0.6902828282828283,0.44116883116883115,0.813939393939394,1.0893363299224803,1.7733624317180374,0.0,0.696969696969697,0.0,0.0
RDSGD,173,0.8577056277056277,0.8577056277056277,0.9222688813504869,0.9222688813504865,0.6901587301587302,0.44086580086580085,0.8135064935064935,1.089308917389821,1.7749931106498649,0.0,0.7121212121212122,0.0,0.0
RDSGD,174,0.8578787878787879,0.8578787878787879,0.922637463248897,0.9226374632488965,0.68998556998557,0.43982683982683984,0.8137229437229437,1.0893099305166711,1.7732667161022433,0.0,0.7121212121212122,0.0,0.0
RDSGD,175,0.8577922077922078,0.8577922077922078,0.9229327687573948,0.9229327687573945,0.6899538239538239,0.44073593073593076,0.8142424242424242,1.089277081115726,1.7723937840180197,0.0,0.7121212121212122,0.0,0.0
RDSGD,176,0.8577056277056277,0.8577056277056277,0.9238398006482702,0.9238398006482699,0.6898989898989897,0.4409090909090909,0.8135497835497836,1.0892253449664562,1.7723852174390582,0.0,0.7121212121212122,0.0,0.0
RDSGD,177,0.8574891774891775,0.8574891774891775,0.9247866114042941,0.9247866114042935,0.6898124098124099,0.4422943722943723,0.8141558441558442,1.0892375329081574,1.7715985620703214,0.0,0.7272727272727273,0.0,0.0
RDSGD,178,0.8574458874458875,0.8574458874458875,0.9254673620172431,0.9254673620172427,0.6895699855699855,0.44264069264069267,0.814025974025974,1.089286998229335,1.7714505715145146,0.0,0.7272727272727273,0.0,0.0
RDSGD,179,0.8574891774891775,0.8574891774891775,0.9263254514823991,0.9263254514823986,0.6894920634920635,0.44341991341991344,0.8133766233766234,1.08928692147859,1.7724356444985288,0.0,0.7575757575757576,0.0,0.0
RDSGD,180,0.8574025974025974,0.8574025974025974,0.9276797033055983,0.927679703305598,0.6892525252525252,0.4441125541125541,0.8133766233766234,1.089220390916688,1.7730676302313602,0.0,0.7575757575757576,0.0,0.0
RDSGD,181,0.8574458874458875,0.8574458874458875,0.9286522875706993,0.928652287570699,0.689007215007215,0.442987012987013,0.8130735930735931,1.0892022901000253,1.7715097435719134,0.0,0.7575757575757576,0.0,0.0
RDSGD,182,0.8575757575757575,0.8575757575757575,0.9302572540546009,0.9302572540546004,0.6887445887445888,0.44233766233766236,0.813030303030303,1.0891765966334779,1.7724365436808915,0.0,0.7575757575757576,0.0,0.0
RDSGD,183,0.8574025974025974,0.8574025974025974,0.9309571386537231,0.9309571386537228,0.6887561327561327,0.44233766233766236,0.8136363636363636,1.0892230305833168,1.7723281157627715,0.0,0.7575757575757576,0.0,0.0
RDSGD,184,0.8574891774891775,0.8574891774891775,0.9321533625868469,0.9321533625868466,0.6885281385281385,0.44203463203463206,0.8128571428571428,1.0891534320312437,1.7734208904618045,0.0,0.7575757575757576,0.0,0.0
RDSGD,185,0.8575757575757575,0.8575757575757575,0.9325012325353899,0.9325012325353894,0.6883376623376624,0.44272727272727275,0.8133333333333334,1.089139946988412,1.773266200781154,0.0,0.7575757575757576,0.0,0.0
RDSGD,186,0.8574891774891775,0.8574891774891775,0.9339930973709804,0.9339930973709799,0.6881962481962483,0.44303030303030305,0.8138095238095238,1.0891043350513832,1.7739135149560554,0.0,0.7727272727272727,0.0,0.0
RDSGD,187,0.8574025974025974,0.8574025974025974,0.9354334584797297,0.9354334584797296,0.6877287157287156,0.44216450216450215,0.8135930735930736,1.0890724073932332,1.7756439094246008,0.0,0.803030303030303,0.0,0.0
RDSGD,188,0.8574458874458875,0.8574458874458875,0.9374232244132044,0.9374232244132039,0.6873044733044733,0.44272727272727275,0.8127272727272727,1.0890438420507305,1.776306680116986,0.0,0.803030303030303,0.0,0.0
RDSGD,189,0.8577489177489177,0.8577489177489177,0.938666719063357,0.9386667190633565,0.6871053391053391,0.4435497835497835,0.8128138528138528,1.089073875378344,1.7767364432899484,0.0,0.803030303030303,0.0,0.0
RDSGD,190,0.8576623376623377,0.8576623376623377,0.9407736918854099,0.9407736918854096,0.6868629148629147,0.44346320346320345,0.8121645021645022,1.0891069331710057,1.7784422996486522,0.0,0.803030303030303,0.0,0.0
RDSGD,191,0.8575324675324675,0.8575324675324675,0.9420799905164688,0.9420799905164684,0.6865829725829725,0.44272727272727275,0.8126839826839827,1.0891550888490644,1.7778552677290558,0.0,0.8181818181818182,0.0,0.0
RDSGD,192,0.8574025974025974,0.8574025974025974,0.9438939779394105,0.9438939779394101,0.6862106782106783,0.4425974025974026,0.812943722943723,1.0890876051358136,1.7780170295457323,0.0,0.8181818181818182,0.0,0.0
RDSGD,193,0.8575757575757575,0.8575757575757575,0.9454709980192684,0.9454709980192679,0.6860577200577199,0.4425108225108225,0.8128571428571428,1.0891352584429776,1.7774781664752193,0.0,0.8181818181818182,0.0,0.0
RDSGD,194,0.8571861471861472,0.8571861471861472,0.9464345815987024,0.946434581598702,0.6856738816738817,0.4429004329004329,0.8129004329004329,1.0890997847671244,1.7779578870648685,0.0,0.8181818181818182,0.0,0.0
RDSGD,195,0.8573160173160174,0.8573160173160174,0.9478554414449272,0.9478554414449268,0.6854805194805195,0.4429437229437229,0.8123376623376624,1.0891029982221605,1.7792871183157837,0.0,0.8181818181818182,0.0,0.0
RDSGD,196,0.8571861471861472,0.8571861471861472,0.949401982696516,0.9494019826965155,0.6851544011544012,0.44285714285714284,0.8125108225108225,1.0890838818879225,1.7797040384332787,0.0,0.8181818181818182,0.0,0.0
RDSGD,197,0.8570562770562771,0.8570562770562771,0.9508635251682935,0.9508635251682928,0.684975468975469,0.44346320346320345,0.812034632034632,1.0890934824598621,1.7795386117360992,0.0,0.8181818181818182,0.0,0.0
RDSGD,198,0.857012987012987,0.857012987012987,0.9527407694777552,0.9527407694777548,0.6846984126984126,0.4429437229437229,0.8120779220779221,1.089131392821053,1.778621172959473,0.0,0.8181818181818182,0.0,0.0
RDSGD,199,0.8568831168831169,0.8568831168831169,0.9542721507523778,0.9542721507523775,0.6843607503607504,0.44337662337662337,0.8118614718614718,1.0890891370263516,1.7791224157495098,0.0,0.8181818181818182,0.0,0.0
