alg,k,test_acc,test_acc_pi,C_pi,C_unif,mean_test_acc,min_test_acc,max_test_acc,min_train_loss,max_train_loss,rho2_k,gamma_k,beta_k,byz_w_k
RDSGD,0,0.7781818181818182,0.7781818181818182,0.12521796548302674,0.12521796548302677,0.39507070707070713,0.2932034632034632,0.5117748917748918,1.864200105046413,2.1000605170295477,0.0,0.9117647058823396,0.0,0.0
RDSGD,1,0.8006060606060607,0.8006060606060607,0.1227980521483801,0.12279805214838013,0.5675411255411256,0.4105194805194805,0.7245021645021645,1.399664582073771,2.0778028835382263,0.0,0.2941176470588192,0.0,0.0
RDSGD,2,0.8148484848484848,0.8148484848484848,0.1562376912147288,0.1562376912147288,0.6433997113997113,0.37272727272727274,0.7835930735930736,1.1933373194866004,2.0398328543957955,0.0,0.3235294117647011,0.0,0.0
RDSGD,3,0.818051948051948,0.818051948051948,0.20485833512851548,0.2048583351285155,0.6688023088023087,0.36307359307359305,0.808961038961039,1.078717818975157,1.9906530380278171,0.0,0.39705882352940597,0.0,0.0
RDSGD,4,0.8239826839826839,0.8239826839826839,0.2531966379041488,0.25319663790414887,0.677887445887446,0.3573160173160173,0.8199134199134199,1.0123595718315075,1.9522860680261662,0.0,0.44117647058822884,0.0,0.0
RDSGD,5,0.8284848484848485,0.8284848484848485,0.29553878871938016,0.2955387887193802,0.6871428571428572,0.3524675324675325,0.8347186147186147,0.9699583125397535,1.9194835245332438,0.0,0.44117647058822884,0.0,0.0
RDSGD,6,0.8322077922077922,0.8322077922077922,0.34261650337689287,0.34261650337689287,0.6876969696969696,0.3450649350649351,0.8358008658008658,0.9446099518397988,1.8949245703951136,0.0,0.4852941176470517,0.0,0.0
RDSGD,7,0.8331168831168831,0.8331168831168831,0.3761640322493309,0.3761640322493312,0.6898008658008657,0.345974025974026,0.837012987012987,0.9286442982376664,1.8382030961897953,0.0,0.5147058823529337,0.0,0.0
RDSGD,8,0.8351082251082251,0.8351082251082251,0.4104358971564913,0.41043589715649137,0.6899191919191918,0.34186147186147187,0.8390909090909091,0.9137104165401294,1.7943419522233008,0.0,0.5441176470588156,0.0,0.0
RDSGD,9,0.8379653679653679,0.8379653679653679,0.43523260487503873,0.4352326048750388,0.6931544011544012,0.3395670995670996,0.8411255411255412,0.9035234778237727,1.7746711697003712,0.0,0.5441176470588156,0.0,0.0
RDSGD,10,0.838008658008658,0.838008658008658,0.46265362724922154,0.46265362724922166,0.6925137085137084,0.33995670995670996,0.8427272727272728,0.8962054243414663,1.7623501324903859,0.0,0.5588235294117565,0.0,0.0
RDSGD,11,0.8396103896103896,0.8396103896103896,0.48291193051464953,0.48291193051464965,0.6933448773448773,0.3401298701298701,0.8418181818181818,0.8888335823883877,1.7549819195866911,0.0,0.5588235294117565,0.0,0.0
RDSGD,12,0.8421645021645021,0.8421645021645021,0.5024785877598491,0.5024785877598492,0.6947099567099568,0.3396103896103896,0.8442857142857143,0.8850855205819173,1.7453380650882373,0.0,0.5588235294117565,0.0,0.0
RDSGD,13,0.842034632034632,0.842034632034632,0.5260561639419924,0.5260561639419923,0.6938441558441559,0.3388744588744589,0.8446320346320346,0.8808764689778138,1.7385126679332745,0.0,0.5882352941176384,0.0,0.0
RDSGD,14,0.8432900432900433,0.8432900432900433,0.5485644580578262,0.5485644580578263,0.6932871572871573,0.3388744588744589,0.8474025974025974,0.8773320504852449,1.7309174893128465,0.0,0.6029411764705794,0.0,0.0
RDSGD,15,0.8431601731601731,0.8431601731601731,0.5674610928648177,0.5674610928648178,0.6926984126984127,0.3398268398268398,0.842943722943723,0.873578373639649,1.7251631259746898,0.0,0.6176470588235203,0.0,0.0
RDSGD,16,0.843982683982684,0.843982683982684,0.5853778758448616,0.5853778758448617,0.692935064935065,0.3404761904761905,0.842987012987013,0.8694556680280909,1.71758896551652,0.0,0.6470588235294022,0.0,0.0
RDSGD,17,0.8450649350649351,0.8450649350649351,0.6007174634327134,0.6007174634327134,0.6933708513708513,0.3417316017316017,0.8445454545454546,0.8668114163263163,1.711521571150937,0.0,0.6323529411764613,0.0,0.0
RDSGD,18,0.845021645021645,0.845021645021645,0.6148206634948336,0.6148206634948337,0.6924675324675325,0.34103896103896103,0.8446320346320346,0.8637302798266582,1.7114590116458763,0.0,0.6470588235294022,0.0,0.0
RDSGD,19,0.8455844155844155,0.8455844155844155,0.6308821102665974,0.6308821102665975,0.6913477633477635,0.34034632034632034,0.842943722943723,0.8624001434034843,1.7093332774403511,0.0,0.6617647058823433,0.0,0.0
RDSGD,20,0.8456709956709957,0.8456709956709957,0.6435397615505962,0.6435397615505964,0.6911746031746031,0.3391774891774892,0.8432900432900433,0.8605767954045416,1.7040963785606618,0.0,0.6617647058823433,0.0,0.0
RDSGD,21,0.8464935064935065,0.8464935064935065,0.6601107292823243,0.6601107292823244,0.6898874458874459,0.3399134199134199,0.8426406926406926,0.8584842348866566,1.7024595955764872,0.0,0.6617647058823433,0.0,0.0
RDSGD,22,0.8462337662337662,0.8462337662337662,0.6717611005867091,0.6717611005867092,0.689059163059163,0.3397835497835498,0.8430735930735931,0.8570248423329583,1.7020707724759851,0.0,0.6617647058823433,0.0,0.0
RDSGD,23,0.8462337662337662,0.8462337662337662,0.6872358758007808,0.6872358758007808,0.6883896103896103,0.33974025974025973,0.8411688311688311,0.8562000224727473,1.7018527663237961,0.0,0.6470588235294022,0.0,0.0
RDSGD,24,0.8470562770562771,0.8470562770562771,0.6994068613364033,0.6994068613364035,0.6876738816738815,0.3406060606060606,0.8399567099567099,0.8546349871365009,1.700093035843466,0.0,0.6470588235294022,0.0,0.0
RDSGD,25,0.8480952380952381,0.8480952380952381,0.7111233602149668,0.7111233602149669,0.6870764790764792,0.34160173160173163,0.8413419913419914,0.8535188807544754,1.6986387292682528,0.0,0.6470588235294022,0.0,0.0
RDSGD,26,0.8487445887445887,0.8487445887445887,0.7236645483344236,0.7236645483344237,0.6862337662337661,0.3415151515151515,0.8414285714285714,0.8525638657185335,1.6981459565870014,0.0,0.6470588235294022,0.0,0.0
RDSGD,27,0.8482251082251082,0.8482251082251082,0.7342686337909052,0.7342686337909055,0.6851919191919191,0.34025974025974026,0.8403896103896104,0.8514407131459827,1.6967981709969606,0.0,0.6470588235294022,0.0,0.0
RDSGD,28,0.8482683982683983,0.8482683982683983,0.7442707757036185,0.7442707757036188,0.6844848484848485,0.3399134199134199,0.8396103896103896,0.8504617484753898,1.6962786970595505,0.0,0.6470588235294022,0.0,0.0
RDSGD,29,0.8484848484848485,0.8484848484848485,0.7539556731189911,0.753955673118991,0.6838932178932179,0.3396103896103896,0.8388311688311688,0.8496760191388983,1.6987742017572758,0.0,0.6470588235294022,0.0,0.0
RDSGD,30,0.848917748917749,0.848917748917749,0.7629911486703203,0.7629911486703203,0.6832958152958153,0.33926406926406927,0.8385714285714285,0.8487003977633947,1.6994108570084,0.0,0.6470588235294022,0.0,0.0
RDSGD,31,0.8485281385281386,0.8485281385281386,0.770466033985757,0.770466033985757,0.6826897546897547,0.3414718614718615,0.8374891774891775,0.8481416719055068,1.6990198456622916,0.0,0.6470588235294022,0.0,0.0
RDSGD,32,0.8488311688311688,0.8488311688311688,0.7798090929266301,0.7798090929266305,0.681930735930736,0.34255411255411256,0.8369696969696969,0.8472636853709046,1.699486697145296,0.0,0.6470588235294022,0.0,0.0
RDSGD,33,0.8485714285714285,0.8485714285714285,0.7865084600276675,0.7865084600276675,0.6816507936507936,0.34086580086580087,0.8381385281385282,0.8471037681405669,1.697900388790154,0.0,0.6470588235294022,0.0,0.0
RDSGD,34,0.848917748917749,0.848917748917749,0.7945499934930591,0.7945499934930593,0.6812640692640692,0.3417316017316017,0.8374458874458874,0.8466751194889092,1.6975349227012537,0.0,0.6617647058823433,0.0,0.0
RDSGD,35,0.8486580086580087,0.8486580086580087,0.8016423899245798,0.8016423899245798,0.6805945165945165,0.34125541125541126,0.8366233766233766,0.8463276199766623,1.6980346016235015,0.0,0.6617647058823433,0.0,0.0
RDSGD,36,0.8489610389610389,0.8489610389610389,0.8084322720794624,0.8084322720794626,0.6803492063492063,0.3419047619047619,0.836926406926407,0.845969165064446,1.6967005020865888,0.0,0.6617647058823433,0.0,0.0
RDSGD,37,0.8486580086580087,0.8486580086580087,0.8152129867507951,0.815212986750795,0.6800663780663782,0.34125541125541126,0.835930735930736,0.8456054512715704,1.696734744523498,0.0,0.6617647058823433,0.0,0.0
RDSGD,38,0.848917748917749,0.848917748917749,0.8211602680589952,0.8211602680589956,0.6798354978354979,0.34125541125541126,0.8360606060606061,0.8452592678321919,1.6961284706983721,0.0,0.6617647058823433,0.0,0.0
RDSGD,39,0.8484848484848485,0.8484848484848485,0.828424389926857,0.8284243899268572,0.6792467532467532,0.34125541125541126,0.8361904761904762,0.8450299279154169,1.6956096312468376,0.0,0.6764705882352843,0.0,0.0
RDSGD,40,0.8488744588744589,0.8488744588744589,0.8354279072986062,0.8354279072986064,0.6786984126984128,0.34155844155844156,0.836017316017316,0.8448908988109288,1.6950964355999458,0.0,0.6764705882352843,0.0,0.0
RDSGD,41,0.8496969696969697,0.8496969696969697,0.8417669415468805,0.8417669415468807,0.678005772005772,0.34086580086580087,0.8371861471861471,0.8447253680676291,1.6962375337787847,0.0,0.6911764705882252,0.0,0.0
RDSGD,42,0.8494805194805195,0.8494805194805195,0.8483845100956939,0.8483845100956942,0.6778181818181818,0.340995670995671,0.8361904761904762,0.8444840881816558,1.695512774741682,0.0,0.6911764705882252,0.0,0.0
RDSGD,43,0.8502597402597403,0.8502597402597403,0.8547310478421927,0.8547310478421926,0.6774170274170275,0.34103896103896103,0.8366666666666667,0.8441353488702337,1.6937174107303592,0.0,0.6911764705882252,0.0,0.0
RDSGD,44,0.8498701298701299,0.8498701298701299,0.861124426748525,0.8611244267485251,0.6765396825396827,0.34086580086580087,0.8356709956709957,0.8441584134293867,1.6940017647222179,0.0,0.6911764705882252,0.0,0.0
RDSGD,45,0.8496536796536797,0.8496536796536797,0.8644607820581126,0.8644607820581126,0.6763924963924964,0.3415151515151515,0.8355844155844155,0.8439505491826025,1.6941047930288713,0.0,0.7058823529411662,0.0,0.0
RDSGD,46,0.84991341991342,0.84991341991342,0.8695088449871212,0.8695088449871213,0.675991341991342,0.34194805194805195,0.8356277056277056,0.8436896669641638,1.6942307757398256,0.0,0.7058823529411662,0.0,0.0
RDSGD,47,0.8497835497835498,0.8497835497835498,0.8745390171236136,0.874539017123614,0.6755036075036075,0.3424675324675325,0.8348917748917749,0.8433492010082546,1.6934586697828,0.0,0.7058823529411662,0.0,0.0
RDSGD,48,0.8498701298701299,0.8498701298701299,0.8781244806697889,0.8781244806697892,0.6752698412698412,0.3427705627705628,0.8348484848484848,0.8430117190014126,1.6922969471365603,0.0,0.7205882352941071,0.0,0.0
RDSGD,49,0.84991341991342,0.84991341991342,0.882177791674138,0.8821777916741382,0.6751572871572871,0.3433333333333333,0.8356277056277056,0.8424080151973481,1.6932494873361599,0.0,0.7205882352941071,0.0,0.0
RDSGD,50,0.8501298701298702,0.8501298701298702,0.8862937025790267,0.8862937025790267,0.6748600288600287,0.34294372294372294,0.8357142857142857,0.8420079481400498,1.6930957585855901,0.0,0.7352941176470481,0.0,0.0
RDSGD,51,0.8501298701298702,0.8501298701298702,0.8914834579176815,0.8914834579176817,0.6742857142857143,0.3422943722943723,0.8354978354978355,0.8420249900791676,1.6923972748445697,0.0,0.7352941176470481,0.0,0.0
RDSGD,52,0.8505627705627705,0.8505627705627705,0.8955250980256775,0.8955250980256776,0.6742828282828283,0.3424675324675325,0.8354112554112554,0.8419216944346999,1.6915115441527468,0.0,0.7352941176470481,0.0,0.0
RDSGD,53,0.8506060606060606,0.8506060606060606,0.9006470423751193,0.9006470423751192,0.6736536796536796,0.3433333333333333,0.8362770562770563,0.8416165871360921,1.6906509354323223,0.0,0.7352941176470481,0.0,0.0
RDSGD,54,0.8507359307359308,0.8507359307359308,0.9037140582856573,0.9037140582856575,0.6736075036075035,0.34316017316017317,0.8362770562770563,0.841351199927591,1.6910956096570469,0.0,0.7352941176470481,0.0,0.0
RDSGD,55,0.8504329004329004,0.8504329004329004,0.9073449324249295,0.9073449324249296,0.6734660894660895,0.34324675324675324,0.836017316017316,0.8414063716557105,1.689463977490825,0.0,0.7352941176470481,0.0,0.0
RDSGD,56,0.85,0.85,0.9107008944650186,0.910700894465019,0.673165945165945,0.342987012987013,0.8368398268398268,0.8413719672236581,1.6897542742499234,0.0,0.7352941176470481,0.0,0.0
RDSGD,57,0.8501731601731601,0.8501731601731601,0.9139189503099033,0.9139189503099034,0.672946608946609,0.3442857142857143,0.8363636363636363,0.8413192020616488,1.689375377989136,0.0,0.7352941176470481,0.0,0.0
RDSGD,58,0.8503030303030303,0.8503030303030303,0.9173536828387734,0.9173536828387734,0.6728658008658007,0.3447186147186147,0.8368831168831169,0.8411385872090931,1.6884935148033842,0.0,0.7352941176470481,0.0,0.0
RDSGD,59,0.8503030303030303,0.8503030303030303,0.9203801508152523,0.9203801508152525,0.6726060606060605,0.3440692640692641,0.836926406926407,0.8411930621586692,1.6876944898808448,0.0,0.7352941176470481,0.0,0.0
RDSGD,60,0.8498701298701299,0.8498701298701299,0.9240946815990442,0.9240946815990443,0.6723492063492065,0.3450649350649351,0.8366666666666667,0.8409160005515884,1.6876014553735017,0.0,0.7352941176470481,0.0,0.0
RDSGD,61,0.84991341991342,0.84991341991342,0.9266354326879076,0.9266354326879078,0.671945165945166,0.3454112554112554,0.8362770562770563,0.8407975745534197,1.6876056510618451,0.0,0.7352941176470481,0.0,0.0
RDSGD,62,0.8498268398268398,0.8498268398268398,0.9298371921328059,0.9298371921328061,0.6716363636363636,0.345021645021645,0.8370995670995671,0.8406170190928061,1.6868741488719432,0.0,0.7352941176470481,0.0,0.0
RDSGD,63,0.85,0.85,0.9331049329723745,0.9331049329723747,0.6716132756132756,0.34554112554112554,0.8368831168831169,0.8404102245472842,1.687707419112852,0.0,0.7352941176470481,0.0,0.0
RDSGD,64,0.8497835497835498,0.8497835497835498,0.9365233801551108,0.936523380155111,0.6711630591630591,0.34554112554112554,0.8364502164502164,0.8402572558697722,1.6869870603829924,0.0,0.7352941176470481,0.0,0.0
RDSGD,65,0.8502597402597403,0.8502597402597403,0.939470346443809,0.9394703464438092,0.6708860028860028,0.34554112554112554,0.8367099567099567,0.8402082011845169,1.6867824052849267,0.0,0.7352941176470481,0.0,0.0
RDSGD,66,0.8503030303030303,0.8503030303030303,0.9419109486267737,0.9419109486267738,0.6706031746031746,0.3457142857142857,0.8371861471861471,0.8400661547783217,1.6864429696912695,0.0,0.7352941176470481,0.0,0.0
RDSGD,67,0.8506926406926407,0.8506926406926407,0.9449061146924849,0.944906114692485,0.6706695526695527,0.34614718614718615,0.8370995670995671,0.8400494239283933,1.686311420752441,0.0,0.7352941176470481,0.0,0.0
RDSGD,68,0.8508658008658009,0.8508658008658009,0.9473075960308327,0.9473075960308329,0.6704184704184705,0.3466666666666667,0.8367965367965368,0.8397803800682337,1.6864208000940264,0.0,0.7352941176470481,0.0,0.0
RDSGD,69,0.8507792207792207,0.8507792207792207,0.9494356173754442,0.9494356173754446,0.6704761904761904,0.34705627705627706,0.8373593073593074,0.8395950267946198,1.6857482714387888,0.0,0.7352941176470481,0.0,0.0
RDSGD,70,0.8513419913419913,0.8513419913419913,0.9523679638466888,0.9523679638466891,0.6701125541125542,0.347012987012987,0.8375757575757575,0.8393909461393341,1.6856032304205588,0.0,0.7352941176470481,0.0,0.0
RDSGD,71,0.8511688311688311,0.8511688311688311,0.954168802413062,0.9541688024130622,0.6703030303030304,0.3476190476190476,0.838051948051948,0.8390843816065405,1.6845858408852583,0.0,0.7352941176470481,0.0,0.0
RDSGD,72,0.851038961038961,0.851038961038961,0.9567386650403712,0.9567386650403711,0.6702395382395382,0.3482683982683983,0.8378787878787879,0.8389315458790454,1.684932408563193,0.0,0.7352941176470481,0.0,0.0
RDSGD,73,0.8511255411255412,0.8511255411255412,0.9592181635439958,0.959218163543996,0.6699191919191919,0.3477056277056277,0.8376190476190476,0.8389111132535993,1.685601016748353,0.0,0.7352941176470481,0.0,0.0
RDSGD,74,0.8514718614718615,0.8514718614718615,0.9617953369141864,0.9617953369141865,0.6695613275613277,0.34805194805194806,0.8371861471861471,0.8388113504068413,1.6850861605452765,0.0,0.7352941176470481,0.0,0.0
RDSGD,75,0.8511688311688311,0.8511688311688311,0.9631182252257187,0.9631182252257187,0.6696421356421356,0.3477922077922078,0.8377489177489178,0.8385982400721477,1.684719011972512,0.0,0.7352941176470481,0.0,0.0
RDSGD,76,0.8511255411255412,0.8511255411255412,0.9657423391415992,0.9657423391415995,0.6694112554112552,0.3475324675324675,0.8374891774891775,0.8385289443595623,1.6856377208255293,0.0,0.7352941176470481,0.0,0.0
RDSGD,77,0.851038961038961,0.851038961038961,0.9681700287080409,0.9681700287080411,0.6689090909090909,0.3474025974025974,0.837056277056277,0.8385682773425635,1.6861256860000018,0.0,0.7352941176470481,0.0,0.0
RDSGD,78,0.8512121212121212,0.8512121212121212,0.9708207426430273,0.9708207426430274,0.6686118326118325,0.34584415584415584,0.8376190476190476,0.8385780728109715,1.6856227441660026,0.0,0.7352941176470481,0.0,0.0
RDSGD,79,0.850995670995671,0.850995670995671,0.9734747275236868,0.973474727523687,0.6683607503607505,0.3470995670995671,0.8373160173160173,0.8384200219803262,1.6855029451637535,0.0,0.7352941176470481,0.0,0.0
RDSGD,80,0.8512987012987013,0.8512987012987013,0.9755877644127745,0.9755877644127745,0.6681645021645022,0.3470995670995671,0.8376190476190476,0.8383427818599171,1.6854357906136768,0.0,0.7352941176470481,0.0,0.0
RDSGD,81,0.8512987012987013,0.8512987012987013,0.9781199546184552,0.9781199546184555,0.668060606060606,0.3466666666666667,0.837056277056277,0.8383030718026541,1.6850222901127536,0.0,0.7352941176470481,0.0,0.0
RDSGD,82,0.8515584415584415,0.8515584415584415,0.9797401836515505,0.9797401836515505,0.66797113997114,0.3472294372294372,0.8377922077922078,0.8380904662471637,1.685521966150037,0.0,0.7352941176470481,0.0,0.0
RDSGD,83,0.8513852813852814,0.8513852813852814,0.9815881177834261,0.9815881177834264,0.6679365079365079,0.34714285714285714,0.8377489177489178,0.8380825223683543,1.6850365352154741,0.0,0.7352941176470481,0.0,0.0
RDSGD,84,0.8512121212121212,0.8512121212121212,0.9833388017197154,0.9833388017197157,0.6677316017316017,0.3468831168831169,0.8375757575757575,0.8380712826336321,1.6846404482021229,0.0,0.7352941176470481,0.0,0.0
RDSGD,85,0.8512987012987013,0.8512987012987013,0.9851484641243212,0.9851484641243212,0.6675873015873015,0.3465800865800866,0.8378787878787879,0.8378656945295404,1.6844147163100598,0.0,0.7352941176470481,0.0,0.0
RDSGD,86,0.8515584415584415,0.8515584415584415,0.9864635131604023,0.9864635131604025,0.6676334776334776,0.3472727272727273,0.8378787878787879,0.8377228197666222,1.683543295170267,0.0,0.7352941176470481,0.0,0.0
RDSGD,87,0.8513852813852814,0.8513852813852814,0.9881914063899307,0.9881914063899307,0.6674776334776336,0.3479220779220779,0.838051948051948,0.8375211068603594,1.6837252028053782,0.0,0.7352941176470481,0.0,0.0
RDSGD,88,0.8517748917748917,0.8517748917748917,0.9907543885123293,0.9907543885123291,0.6670533910533909,0.34783549783549783,0.8380952380952381,0.8374744095818408,1.683049686361138,0.0,0.7352941176470481,0.0,0.0
RDSGD,89,0.8516450216450216,0.8516450216450216,0.9919137320046697,0.9919137320046698,0.667007215007215,0.347965367965368,0.8383982683982684,0.8372776363917381,1.6826780859298838,0.0,0.7352941176470481,0.0,0.0
RDSGD,90,0.8516450216450216,0.8516450216450216,0.9933917473886729,0.9933917473886729,0.666871572871573,0.34844155844155844,0.8384848484848485,0.837161096473056,1.6829380737401907,0.0,0.7352941176470481,0.0,0.0
RDSGD,91,0.8519480519480519,0.8519480519480519,0.995492313973064,0.995492313973064,0.6666810966810968,0.3483116883116883,0.838917748917749,0.8370546374864846,1.6825350253761617,0.0,0.7352941176470481,0.0,0.0
RDSGD,92,0.8517316017316018,0.8517316017316018,0.9970477682923815,0.9970477682923815,0.6667157287157288,0.3483116883116883,0.8384415584415584,0.837002040856125,1.6825509781616308,0.0,0.7352941176470481,0.0,0.0
RDSGD,93,0.8521212121212122,0.8521212121212122,0.9976732557998568,0.9976732557998569,0.6666291486291486,0.3487878787878788,0.8385281385281386,0.836934142802345,1.6819787193841482,0.0,0.7352941176470481,0.0,0.0
RDSGD,94,0.8519047619047619,0.8519047619047619,0.9993163547321992,0.9993163547321993,0.6664935064935065,0.3487012987012987,0.839004329004329,0.8368110269066045,1.6816094727440098,0.0,0.7352941176470481,0.0,0.0
RDSGD,95,0.8518181818181818,0.8518181818181818,1.00077449849567,1.00077449849567,0.6663694083694085,0.3485714285714286,0.8387445887445888,0.8368434568810307,1.6811465005176967,0.0,0.7352941176470481,0.0,0.0
RDSGD,96,0.8518181818181818,0.8518181818181818,1.0018978503814135,1.0018978503814135,0.6664300144300144,0.3483116883116883,0.8388744588744589,0.8368014224435385,1.6807426335877915,0.0,0.7352941176470481,0.0,0.0
RDSGD,97,0.8519480519480519,0.8519480519480519,1.0038812554272885,1.0038812554272887,0.6662712842712842,0.3488311688311688,0.8385714285714285,0.8366638043538888,1.6803316004236823,0.0,0.7352941176470481,0.0,0.0
RDSGD,98,0.8517316017316018,0.8517316017316018,1.0055199788262776,1.0055199788262779,0.6661385281385283,0.3486147186147186,0.8384848484848485,0.8366890975281582,1.6805280876868232,0.0,0.7352941176470481,0.0,0.0
RDSGD,99,0.8519480519480519,0.8519480519480519,1.0067355501176356,1.006735550117636,0.666098124098124,0.349004329004329,0.8387445887445888,0.8366394543705058,1.6805963933175496,0.0,0.7352941176470481,0.0,0.0
RDSGD,100,0.8521645021645021,0.8521645021645021,1.008273276203552,1.008273276203552,0.6660981240981241,0.34913419913419913,0.839004329004329,0.8365832781542967,1.6801159513839676,0.0,0.7352941176470481,0.0,0.0
RDSGD,101,0.8521645021645021,0.8521645021645021,1.009340758424632,1.009340758424632,0.6659307359307359,0.34913419913419913,0.8389610389610389,0.836545027985993,1.6800715532865402,0.0,0.7352941176470481,0.0,0.0
RDSGD,102,0.8521645021645021,0.8521645021645021,1.0103109319282486,1.0103109319282486,0.6661038961038961,0.3492207792207792,0.8393506493506494,0.8365395603443946,1.6796288482249222,0.0,0.7352941176470481,0.0,0.0
RDSGD,103,0.8523376623376623,0.8523376623376623,1.0120947309853774,1.0120947309853774,0.6660346320346321,0.3492207792207792,0.8393506493506494,0.8365110059945715,1.6796836546051561,0.0,0.7352941176470481,0.0,0.0
RDSGD,104,0.8523809523809524,0.8523809523809524,1.013235510701712,1.013235510701712,0.665823953823954,0.3487878787878788,0.8392640692640693,0.8364688284760482,1.6797988954362209,0.0,0.7352941176470481,0.0,0.0
RDSGD,105,0.8525541125541125,0.8525541125541125,1.0148227719588307,1.014822771958831,0.6656969696969699,0.34896103896103897,0.8397835497835497,0.8364644434499233,1.6795874160118636,0.0,0.7352941176470481,0.0,0.0
RDSGD,106,0.8523809523809524,0.8523809523809524,1.0162865897285749,1.0162865897285749,0.6655064935064934,0.34904761904761905,0.8396103896103896,0.8364205018840518,1.6798956297159773,0.0,0.7352941176470481,0.0,0.0
RDSGD,107,0.8523809523809524,0.8523809523809524,1.0167723922585237,1.0167723922585237,0.6656075036075035,0.3494805194805195,0.8395670995670995,0.8363569811246969,1.6795851705430493,0.0,0.7352941176470481,0.0,0.0
RDSGD,108,0.8522943722943723,0.8522943722943723,1.0176931939616078,1.017693193961608,0.6655440115440113,0.34943722943722944,0.8399567099567099,0.8363880556826222,1.6796800533533762,0.0,0.7352941176470481,0.0,0.0
RDSGD,109,0.8521645021645021,0.8521645021645021,1.017949381640327,1.0179493816403271,0.6656392496392497,0.3496103896103896,0.84,0.8362481724170414,1.6797727708208956,0.0,0.7352941176470481,0.0,0.0
RDSGD,110,0.8526839826839827,0.8526839826839827,1.0186071875970022,1.0186071875970022,0.6657402597402596,0.3496969696969697,0.8398268398268398,0.8361699208328909,1.6790974524484812,0.0,0.7352941176470481,0.0,0.0
RDSGD,111,0.8524675324675325,0.8524675324675325,1.0203022651013385,1.0203022651013387,0.6656479076479076,0.3495670995670996,0.83991341991342,0.8361366026942368,1.6787397338728964,0.0,0.7352941176470481,0.0,0.0
RDSGD,112,0.8526839826839827,0.8526839826839827,1.0215252983919723,1.0215252983919723,0.6655064935064935,0.3498268398268398,0.8398268398268398,0.8361503354339819,1.678739466107297,0.0,0.7352941176470481,0.0,0.0
RDSGD,113,0.8528571428571429,0.8528571428571429,1.0227326392423681,1.0227326392423681,0.6654285714285714,0.34974025974025974,0.8397835497835497,0.8361971574951742,1.6786520242116811,0.0,0.7352941176470481,0.0,0.0
RDSGD,114,0.8526406926406926,0.8526406926406926,1.0236598268972221,1.0236598268972221,0.6653275613275613,0.3495670995670996,0.8398701298701299,0.8361195050771726,1.6785157273025937,0.0,0.7352941176470481,0.0,0.0
RDSGD,115,0.8528571428571429,0.8528571428571429,1.0244003478013262,1.0244003478013264,0.6653708513708513,0.34943722943722944,0.8399567099567099,0.8361061331468032,1.677835464753751,0.0,0.7352941176470481,0.0,0.0
RDSGD,116,0.8527705627705627,0.8527705627705627,1.0254481317211728,1.0254481317211728,0.6652150072150071,0.34935064935064936,0.8397835497835497,0.8361375086581398,1.6777094446346517,0.0,0.7352941176470481,0.0,0.0
RDSGD,117,0.8528138528138528,0.8528138528138528,1.0263656654921178,1.0263656654921178,0.6651168831168833,0.34965367965367966,0.8398268398268398,0.8361311524117154,1.6770458349438102,0.0,0.7352941176470481,0.0,0.0
RDSGD,118,0.8531601731601731,0.8531601731601731,1.0275579623621693,1.0275579623621698,0.6650937950937952,0.34974025974025974,0.8399567099567099,0.8361468380662345,1.6771445670848537,0.0,0.7352941176470481,0.0,0.0
RDSGD,119,0.8533766233766233,0.8533766233766233,1.0286386649767127,1.0286386649767127,0.6650735930735932,0.3494805194805195,0.8401731601731601,0.8361145635736609,1.676770632389687,0.0,0.7352941176470481,0.0,0.0
RDSGD,120,0.8532467532467533,0.8532467532467533,1.029880639406854,1.0298806394068543,0.6649523809523809,0.3491774891774892,0.8404329004329004,0.8360985916118568,1.6765681597245816,0.0,0.7352941176470481,0.0,0.0
RDSGD,121,0.8532467532467533,0.8532467532467533,1.0315175789631639,1.031517578963164,0.6648658008658008,0.34943722943722944,0.8404329004329004,0.8360144056008068,1.6761384303294133,0.0,0.7352941176470481,0.0,0.0
RDSGD,122,0.8535064935064935,0.8535064935064935,1.0326283305800923,1.0326283305800925,0.6648340548340548,0.3495670995670996,0.8404761904761905,0.8359670644585502,1.6765941267966276,0.0,0.7352941176470481,0.0,0.0
RDSGD,123,0.8532034632034632,0.8532034632034632,1.0337371034457128,1.0337371034457128,0.6647532467532467,0.34943722943722944,0.8405627705627705,0.8359528761498201,1.677314636073164,0.0,0.7352941176470481,0.0,0.0
RDSGD,124,0.8532034632034632,0.8532034632034632,1.0347264414620008,1.0347264414620008,0.6645310245310244,0.3491774891774892,0.8405194805194806,0.8358452570247139,1.6770410516562138,0.0,0.7352941176470481,0.0,0.0
RDSGD,125,0.8537229437229438,0.8537229437229438,1.035361892988272,1.0353618929882722,0.6645108225108224,0.3492207792207792,0.8404329004329004,0.8357695460754038,1.6767198601180293,0.0,0.7352941176470481,0.0,0.0
RDSGD,126,0.8535064935064935,0.8535064935064935,1.0360239997853848,1.036023999785385,0.6646002886002886,0.3495670995670996,0.8402597402597403,0.8357362627017014,1.6766116376536444,0.0,0.7352941176470481,0.0,0.0
RDSGD,127,0.8535497835497835,0.8535497835497835,1.0371349305065416,1.0371349305065416,0.6644646464646465,0.34965367965367966,0.8403463203463204,0.8357131019444246,1.6769011020280353,0.0,0.7352941176470481,0.0,0.0
RDSGD,128,0.8535497835497835,0.8535497835497835,1.0378693459500496,1.0378693459500499,0.6644415584415585,0.3495238095238095,0.8405627705627705,0.8356544754021441,1.6769994018161363,0.0,0.7352941176470481,0.0,0.0
RDSGD,129,0.8535497835497835,0.8535497835497835,1.0386844337311691,1.0386844337311694,0.6644300144300144,0.3495238095238095,0.8406493506493506,0.8356332803053839,1.6774681084609169,0.0,0.7352941176470481,0.0,0.0
RDSGD,130,0.8534199134199134,0.8534199134199134,1.0394218311306636,1.0394218311306636,0.6643203463203464,0.3496969696969697,0.8403030303030303,0.8356335383347953,1.6766411097153588,0.0,0.7352941176470481,0.0,0.0
RDSGD,131,0.8535497835497835,0.8535497835497835,1.040254398827055,1.040254398827055,0.6643578643578644,0.34974025974025974,0.8407792207792207,0.8355872471630554,1.677100555970061,0.0,0.7352941176470481,0.0,0.0
RDSGD,132,0.8536796536796537,0.8536796536796537,1.0415413802384916,1.0415413802384916,0.6641702741702742,0.3495670995670996,0.8405194805194806,0.835580968215925,1.6765435607855097,0.0,0.7352941176470481,0.0,0.0
RDSGD,133,0.8538095238095238,0.8538095238095238,1.0420949991146868,1.042094999114687,0.6641529581529582,0.3495670995670996,0.8405627705627705,0.8355212876900011,1.6768531267740023,0.0,0.7352941176470481,0.0,0.0
RDSGD,134,0.8536363636363636,0.8536363636363636,1.0429474805447534,1.0429474805447536,0.6639249639249639,0.34913419913419913,0.8404329004329004,0.8354654390410859,1.6774559377794032,0.0,0.7352941176470481,0.0,0.0
RDSGD,135,0.8538961038961039,0.8538961038961039,1.0434962523284563,1.0434962523284563,0.664049062049062,0.3492207792207792,0.8404329004329004,0.8354283413428857,1.6775143997534605,0.0,0.7352941176470481,0.0,0.0
RDSGD,136,0.8539393939393939,0.8539393939393939,1.0444119346583023,1.0444119346583025,0.6639076479076479,0.3492207792207792,0.8409090909090909,0.8354513311650884,1.6772424194616544,0.0,0.7352941176470481,0.0,0.0
RDSGD,137,0.8539393939393939,0.8539393939393939,1.0450958565345947,1.045095856534595,0.6638759018759017,0.34913419913419913,0.8405627705627705,0.8354348734171522,1.6772835635943373,0.0,0.7352941176470481,0.0,0.0
RDSGD,138,0.8538528138528139,0.8538528138528139,1.0458250284031894,1.0458250284031896,0.6638239538239539,0.34935064935064936,0.8403896103896104,0.8354440265316547,1.6768700239263221,0.0,0.7352941176470481,0.0,0.0
RDSGD,139,0.853982683982684,0.853982683982684,1.0468889039390383,1.0468889039390386,0.6636911976911978,0.34939393939393937,0.8402164502164502,0.8354249485096304,1.6770692920736576,0.0,0.7352941176470481,0.0,0.0
RDSGD,140,0.8538961038961039,0.8538961038961039,1.0477504919109821,1.0477504919109824,0.6635497835497834,0.3493073593073593,0.8400865800865801,0.8353656117509183,1.6768948072431609,0.0,0.7352941176470481,0.0,0.0
RDSGD,141,0.8539393939393939,0.8539393939393939,1.0485978300220626,1.048597830022063,0.6634747474747474,0.3492207792207792,0.8400865800865801,0.8353852004997394,1.6771022300433578,0.0,0.7352941176470481,0.0,0.0
RDSGD,142,0.8538961038961039,0.8538961038961039,1.0492187189060949,1.0492187189060949,0.6633997113997113,0.3495238095238095,0.8403463203463204,0.8353671051513134,1.6772849161462204,0.0,0.7352941176470481,0.0,0.0
RDSGD,143,0.8538528138528139,0.8538528138528139,1.0502259366063396,1.0502259366063393,0.6633391053391053,0.3488744588744589,0.8401298701298702,0.8353019690090955,1.6771889776625348,0.0,0.7352941176470481,0.0,0.0
RDSGD,144,0.854025974025974,0.854025974025974,1.0509647804675564,1.0509647804675564,0.6632669552669553,0.3488311688311688,0.8402597402597403,0.8352801482074761,1.6770802571127064,0.0,0.7352941176470481,0.0,0.0
RDSGD,145,0.8538095238095238,0.8538095238095238,1.0520334868962362,1.0520334868962362,0.6631976911976911,0.3483982683982684,0.8404329004329004,0.8352225515852396,1.6768997763529525,0.0,0.7352941176470481,0.0,0.0
RDSGD,146,0.8539393939393939,0.8539393939393939,1.0529232454802064,1.0529232454802064,0.6630043290043288,0.3481818181818182,0.8402164502164502,0.8352685551009416,1.6770130211336993,0.0,0.7352941176470481,0.0,0.0
RDSGD,147,0.8538961038961039,0.8538961038961039,1.0534555553215286,1.0534555553215286,0.663062049062049,0.3482251082251082,0.84004329004329,0.835237149965333,1.6772455618250395,0.0,0.7352941176470481,0.0,0.0
RDSGD,148,0.853982683982684,0.853982683982684,1.0538561234906503,1.0538561234906503,0.6632207792207793,0.3487012987012987,0.8403896103896104,0.8352295170490358,1.6768555538669316,0.0,0.7352941176470481,0.0,0.0
RDSGD,149,0.8541558441558441,0.8541558441558441,1.0546748533502375,1.0546748533502375,0.663154401154401,0.3486147186147186,0.8403463203463204,0.8352231923162006,1.6769359477366919,0.0,0.7352941176470481,0.0,0.0
RDSGD,150,0.8544588744588745,0.8544588744588745,1.055282608632592,1.0552826086325922,0.6631053391053391,0.3486147186147186,0.8406493506493506,0.8352081725890184,1.6767557972900309,0.0,0.7352941176470481,0.0,0.0
RDSGD,151,0.8541991341991342,0.8541991341991342,1.055826550556569,1.055826550556569,0.6630620490620491,0.34904761904761905,0.8402164502164502,0.8352049879880579,1.676909635578016,0.0,0.7352941176470481,0.0,0.0
RDSGD,152,0.8543722943722943,0.8543722943722943,1.0564487314028246,1.0564487314028246,0.663062049062049,0.34896103896103897,0.8404329004329004,0.8351742590657772,1.6763633173787027,0.0,0.7352941176470481,0.0,0.0
RDSGD,153,0.8541558441558441,0.8541558441558441,1.0566428406242123,1.0566428406242125,0.6631399711399711,0.34865800865800867,0.8406493506493506,0.8351702169185563,1.6766026909939107,0.0,0.7352941176470481,0.0,0.0
RDSGD,154,0.8548917748917749,0.8548917748917749,1.056919021695875,1.056919021695875,0.6631197691197691,0.34874458874458875,0.8406493506493506,0.8351848268849121,1.6761830997845828,0.0,0.7352941176470481,0.0,0.0
RDSGD,155,0.8546753246753247,0.8546753246753247,1.0575057596786819,1.057505759678682,0.663085137085137,0.3490909090909091,0.8406926406926407,0.8351981858133188,1.676135823019691,0.0,0.7352941176470481,0.0,0.0
RDSGD,156,0.8546320346320346,0.8546320346320346,1.058185941093752,1.0581859410937522,0.662975468975469,0.34874458874458875,0.8406493506493506,0.835166954929772,1.6763596479572687,0.0,0.7352941176470481,0.0,0.0
RDSGD,157,0.8545887445887446,0.8545887445887446,1.0588243285287875,1.0588243285287875,0.6629927849927849,0.34874458874458875,0.840952380952381,0.8351709508863552,1.6763915179770033,0.0,0.7352941176470481,0.0,0.0
RDSGD,158,0.8548917748917749,0.8548917748917749,1.0596235792343063,1.0596235792343063,0.6628946608946609,0.3488311688311688,0.8412121212121212,0.8351668509904262,1.6762341049339402,0.0,0.7352941176470481,0.0,0.0
RDSGD,159,0.8548917748917749,0.8548917748917749,1.0599902154064338,1.0599902154064338,0.662813852813853,0.3487012987012987,0.8408658008658009,0.8351065532907649,1.676001045303301,0.0,0.7352941176470481,0.0,0.0
RDSGD,160,0.8547619047619047,0.8547619047619047,1.0604743167780533,1.0604743167780535,0.6628253968253968,0.3488744588744589,0.8407359307359308,0.8350643125098511,1.6760523369916314,0.0,0.7352941176470481,0.0,0.0
RDSGD,161,0.8546753246753247,0.8546753246753247,1.060942430285819,1.0609424302858192,0.6627243867243868,0.349004329004329,0.8407359307359308,0.8350379470072409,1.6763269244117123,0.0,0.7352941176470481,0.0,0.0
RDSGD,162,0.8547619047619047,0.8547619047619047,1.0615316091842448,1.0615316091842448,0.6627417027417029,0.3487012987012987,0.8409090909090909,0.8350907471360521,1.6760952703415999,0.0,0.7352941176470481,0.0,0.0
RDSGD,163,0.8551515151515151,0.8551515151515151,1.0617738745836802,1.0617738745836804,0.6627330447330447,0.34874458874458875,0.8404761904761905,0.8350763607748467,1.6759170171977398,0.0,0.7352941176470481,0.0,0.0
RDSGD,164,0.8551515151515151,0.8551515151515151,1.0619021741761538,1.0619021741761538,0.6628196248196249,0.3487878787878788,0.8408225108225108,0.8350485217512782,1.6759026232188845,0.0,0.7352941176470481,0.0,0.0
RDSGD,165,0.8551082251082252,0.8551082251082252,1.0627327408414486,1.0627327408414486,0.6627272727272727,0.34865800865800867,0.8408658008658009,0.8350045764636351,1.67574609754794,0.0,0.7352941176470481,0.0,0.0
RDSGD,166,0.855021645021645,0.855021645021645,1.063206281645131,1.0632062816451313,0.6628196248196248,0.3486147186147186,0.8408225108225108,0.8349915504617261,1.6758304069095016,0.0,0.7352941176470481,0.0,0.0
RDSGD,167,0.854978354978355,0.854978354978355,1.0635281922474973,1.0635281922474973,0.6626608946608947,0.34865800865800867,0.8408658008658009,0.8350364040028564,1.675264636956603,0.0,0.7352941176470481,0.0,0.0
RDSGD,168,0.8551948051948052,0.8551948051948052,1.064070419440394,1.064070419440394,0.6626926406926407,0.3487878787878788,0.8412121212121212,0.8350124600662625,1.6750970108273864,0.0,0.7352941176470481,0.0,0.0
RDSGD,169,0.855021645021645,0.855021645021645,1.0644701986926797,1.06447019869268,0.6625916305916306,0.34865800865800867,0.8410822510822511,0.8349958420726016,1.6752300714908888,0.0,0.7352941176470481,0.0,0.0
RDSGD,170,0.8551082251082252,0.8551082251082252,1.0653675967402336,1.0653675967402336,0.6625829725829727,0.3481818181818182,0.840952380952381,0.8349930430450543,1.6752581168932181,0.0,0.7352941176470481,0.0,0.0
RDSGD,171,0.854978354978355,0.854978354978355,1.0662172727107808,1.066217272710781,0.6624790764790763,0.3481818181818182,0.8408225108225108,0.834964024365076,1.6753596520390541,0.0,0.7352941176470481,0.0,0.0
RDSGD,172,0.8551948051948052,0.8551948051948052,1.0665558101592132,1.0665558101592134,0.6624126984126982,0.3487012987012987,0.840995670995671,0.8349312905398665,1.6754669801814663,0.0,0.7352941176470481,0.0,0.0
RDSGD,173,0.8552380952380952,0.8552380952380952,1.0669067423895553,1.0669067423895555,0.6624271284271284,0.3485281385281385,0.8408225108225108,0.8349369169524503,1.6758186945935138,0.0,0.7352941176470481,0.0,0.0
RDSGD,174,0.8552380952380952,0.8552380952380952,1.0679057316620442,1.0679057316620444,0.6623722943722944,0.3487878787878788,0.8406926406926407,0.8349532199286427,1.675877091983674,0.0,0.7352941176470481,0.0,0.0
RDSGD,175,0.8554545454545455,0.8554545454545455,1.068395213762799,1.068395213762799,0.6624300144300145,0.34896103896103897,0.8407359307359308,0.8349191083314838,1.6756727939081726,0.0,0.7352941176470481,0.0,0.0
RDSGD,176,0.8554112554112554,0.8554112554112554,1.0688651774615425,1.0688651774615425,0.6623982683982684,0.3492207792207792,0.8406926406926407,0.8348932241433477,1.6753473507234844,0.0,0.7352941176470481,0.0,0.0
RDSGD,177,0.8551948051948052,0.8551948051948052,1.0693847195656103,1.0693847195656105,0.6623665223665224,0.34939393939393937,0.8408225108225108,0.8348972876686175,1.6752387241872326,0.0,0.7352941176470481,0.0,0.0
RDSGD,178,0.8554545454545455,0.8554545454545455,1.0697052193952776,1.0697052193952779,0.6622683982683982,0.3492207792207792,0.8408225108225108,0.8348425803952244,1.6751397010000286,0.0,0.7352941176470481,0.0,0.0
RDSGD,179,0.8555411255411255,0.8555411255411255,1.0699735212494768,1.0699735212494768,0.6622683982683983,0.3495670995670996,0.8409090909090909,0.8348090220682663,1.6749763471206198,0.0,0.7352941176470481,0.0,0.0
RDSGD,180,0.8554978354978355,0.8554978354978355,1.0707372556404535,1.0707372556404537,0.6622914862914865,0.34939393939393937,0.8412121212121212,0.8348125985580837,1.6749087584168116,0.0,0.7352941176470481,0.0,0.0
RDSGD,181,0.8556277056277056,0.8556277056277056,1.0711291439736124,1.0711291439736126,0.6621414141414141,0.3493073593073593,0.840995670995671,0.8348635394832664,1.674793884018649,0.0,0.7352941176470481,0.0,0.0
RDSGD,182,0.8557142857142858,0.8557142857142858,1.071929393484555,1.071929393484555,0.6620952380952381,0.34939393939393937,0.840995670995671,0.8348081921856846,1.6746097965095788,0.0,0.7352941176470481,0.0,0.0
RDSGD,183,0.8554978354978355,0.8554978354978355,1.0725925599298554,1.0725925599298556,0.661959595959596,0.34904761904761905,0.840952380952381,0.8348334847862394,1.6748024852678718,0.0,0.7352941176470481,0.0,0.0
RDSGD,184,0.8556709956709957,0.8556709956709957,1.0730348146178343,1.0730348146178343,0.66204329004329,0.3492207792207792,0.8408225108225108,0.8348022834608131,1.6747106700711116,0.0,0.7352941176470481,0.0,0.0
RDSGD,185,0.8554978354978355,0.8554978354978355,1.073496635750845,1.073496635750845,0.66207215007215,0.34965367965367966,0.8411255411255412,0.8347634478249513,1.6745630933093578,0.0,0.7352941176470481,0.0,0.0
RDSGD,186,0.8556277056277056,0.8556277056277056,1.0741492271731565,1.0741492271731565,0.6619567099567099,0.3494805194805195,0.8409090909090909,0.8347958044938553,1.6745154902989676,0.0,0.7352941176470481,0.0,0.0
RDSGD,187,0.8554545454545455,0.8554545454545455,1.0747108046596776,1.0747108046596776,0.6619538239538241,0.3494805194805195,0.8413419913419914,0.8347813137720913,1.6747244468093232,0.0,0.7352941176470481,0.0,0.0
RDSGD,188,0.8552813852813853,0.8552813852813853,1.0751480409617167,1.0751480409617167,0.6619451659451661,0.34943722943722944,0.840995670995671,0.834762451848756,1.674610803847059,0.0,0.7352941176470481,0.0,0.0
RDSGD,189,0.8554112554112554,0.8554112554112554,1.075822102639174,1.075822102639174,0.6618412698412699,0.3495670995670996,0.8413419913419914,0.8347718758460745,1.6743410199223294,0.0,0.7352941176470481,0.0,0.0
RDSGD,190,0.8555844155844156,0.8555844155844156,1.0761107322895187,1.0761107322895187,0.6618730158730158,0.3494805194805195,0.8413852813852813,0.8347503255499608,1.674482229528145,0.0,0.7352941176470481,0.0,0.0
RDSGD,191,0.8552813852813853,0.8552813852813853,1.0765829052596934,1.0765829052596938,0.6618932178932179,0.3497835497835498,0.8412121212121212,0.8347234646256716,1.674641006342949,0.0,0.7352941176470481,0.0,0.0
RDSGD,192,0.8553679653679653,0.8553679653679653,1.0773711300086726,1.0773711300086728,0.6618585858585858,0.3498268398268398,0.8412554112554113,0.8346937691376568,1.674539843991155,0.0,0.7352941176470481,0.0,0.0
RDSGD,193,0.8552380952380952,0.8552380952380952,1.0778270005941426,1.0778270005941428,0.6618441558441559,0.35004329004329005,0.8414718614718615,0.8346974200758388,1.6748059471923418,0.0,0.7352941176470481,0.0,0.0
RDSGD,194,0.8552380952380952,0.8552380952380952,1.0781735324629897,1.0781735324629897,0.6617518037518036,0.3498268398268398,0.8412121212121212,0.8346645700556696,1.6746088904345264,0.0,0.7352941176470481,0.0,0.0
RDSGD,195,0.8551948051948052,0.8551948051948052,1.0786565556225591,1.0786565556225591,0.6616392496392496,0.3496103896103896,0.8415151515151515,0.8346560806387207,1.674626283813333,0.0,0.7352941176470481,0.0,0.0
RDSGD,196,0.8551515151515151,0.8551515151515151,1.0788299517140718,1.0788299517140718,0.6616825396825398,0.3498268398268398,0.8412121212121212,0.8346181105359066,1.674666946176778,0.0,0.7352941176470481,0.0,0.0
RDSGD,197,0.8553679653679653,0.8553679653679653,1.0792554996422679,1.0792554996422679,0.6616363636363636,0.3497835497835498,0.8411688311688311,0.834654218089617,1.674642310019874,0.0,0.7352941176470481,0.0,0.0
RDSGD,198,0.8552813852813853,0.8552813852813853,1.0794942255170417,1.0794942255170417,0.6615324675324676,0.3498268398268398,0.841038961038961,0.8346249338193569,1.6744967751694224,0.0,0.749999999999989,0.0,0.0
RDSGD,199,0.8554545454545455,0.8554545454545455,1.0794783692521173,1.0794783692521173,0.6614689754689755,0.3498701298701299,0.840952380952381,0.8346291885889112,1.6745015663139562,0.0,0.7352941176470481,0.0,0.0
RDSGD_ORACLE,0,0.7703030303030303,0.7703030303030303,0.03237229102014471,0.03237229102014471,0.5959365079365079,0.45415584415584415,0.6999134199134199,1.864200105046413,2.1836518743789424,,0.10294117647058673,0.045454545454543395,0.009523809523809516
RDSGD_ORACLE,1,0.7980952380952381,0.7980952380952381,0.04889300984696039,0.048893009846960406,0.6722597402597402,0.4783116883116883,0.7752380952380953,1.678873348070157,2.108517280183686,,0.17647058823529155,0.27272727272726033,0.057142857142857155
RDSGD_ORACLE,2,0.7983982683982684,0.7983982683982684,0.05509886034690791,0.05509886034690792,0.7154372294372294,0.5725541125541126,0.8077922077922078,1.5874371606590012,2.008832980558916,,0.13235294117646865,0.09090909090908679,0.019047619047619035
RDSGD_ORACLE,3,0.8084848484848485,0.8084848484848485,0.05380553846716997,0.05380553846716998,0.7475353535353536,0.6131601731601731,0.8106060606060606,1.4432886657785313,1.9751103596488766,,0.10294117647058673,0.22727272727271697,0.0476190476190476
RDSGD_ORACLE,4,0.8122943722943723,0.8122943722943723,0.047008014739527565,0.04700801473952757,0.7716334776334776,0.6743290043290043,0.8232034632034632,1.410509635127247,1.9336489995850497,,0.04411764705882289,0.13636363636363016,0.028571428571428574
RDSGD_ORACLE,5,0.8133766233766234,0.8133766233766234,0.04639120649456683,0.04639120649456683,0.7794574314574315,0.7114718614718615,0.8268398268398268,1.398972248975517,1.9018678284426331,,0.08823529411764577,0.13636363636363016,0.02857142857142857
RDSGD_ORACLE,6,0.817012987012987,0.817012987012987,0.04140922231035316,0.04140922231035317,0.7900173160173161,0.707012987012987,0.8254978354978355,1.451744887855588,1.8697298851101551,,0.04411764705882289,0.09090909090908679,0.01904761904761905
RDSGD_ORACLE,7,0.8212554112554112,0.8212554112554112,0.03814345224018902,0.03814345224018903,0.7989062049062049,0.7392640692640693,0.83004329004329,1.3625614678956293,1.869334093086028,,0.058823529411763845,0.18181818181817358,0.03809523809523807
RDSGD_ORACLE,8,0.8255844155844155,0.8255844155844155,0.04291486551470452,0.042914865514704525,0.8048340548340548,0.7432467532467533,0.8313852813852813,1.2510441864008468,1.832792293653132,,0.1470588235294096,0.09090909090908679,0.01904761904761905
RDSGD_ORACLE,9,0.8261038961038961,0.8261038961038961,0.04719052174675731,0.047190521746757315,0.8066002886002884,0.7458874458874459,0.8347186147186147,1.2251040930653088,1.813260866951554,,0.17647058823529155,0.0,0.0
RDSGD_ORACLE,10,0.8256709956709957,0.8256709956709957,0.04006350393774604,0.04006350393774604,0.8107330447330447,0.7655844155844156,0.8336363636363636,1.2437290948718853,1.7994967864706566,,0.10294117647058673,0.13636363636363016,0.028571428571428567
RDSGD_ORACLE,11,0.8275757575757576,0.8275757575757576,0.04261902488529583,0.04261902488529583,0.8138585858585857,0.7574025974025974,0.8361904761904762,1.1857337431903423,1.7845498309803949,,0.10294117647058673,0.13636363636363016,0.028571428571428584
RDSGD_ORACLE,12,0.8294805194805195,0.8294805194805195,0.036281338477545624,0.03628133847754564,0.8178585858585858,0.775064935064935,0.8363203463203464,1.2076686571878483,1.7762633355748934,,0.1470588235294096,0.13636363636363016,0.02857142857142857
RDSGD_ORACLE,13,0.8306060606060606,0.8306060606060606,0.027318630930417837,0.027318630930417837,0.8217142857142857,0.795974025974026,0.8356277056277056,1.3067776843109842,1.763972740160925,,0.10294117647058673,0.13636363636363016,0.028571428571428567
RDSGD_ORACLE,14,0.830952380952381,0.830952380952381,0.026009620231656018,0.02600962023165602,0.8230591630591629,0.7994805194805195,0.8361471861471862,1.2727675737420605,1.7594442124465275,,0.0735294117647048,0.09090909090908679,0.01904761904761903
RDSGD_ORACLE,15,0.8302597402597403,0.8302597402597403,0.023599241955969418,0.02359924195596942,0.8230851370851372,0.7990909090909091,0.8356277056277056,1.2498873771556192,1.7435169083081394,,0.0735294117647048,0.22727272727271697,0.0476190476190476
RDSGD_ORACLE,16,0.8299134199134199,0.8299134199134199,0.022608046259809386,0.022608046259809386,0.8238903318903319,0.8012554112554112,0.8348917748917749,1.270832756341414,1.7454494999005545,,0.13235294117646865,0.13636363636363016,0.028571428571428553
RDSGD_ORACLE,17,0.8311688311688312,0.8311688311688312,0.017073030355486563,0.017073030355486567,0.8263751803751804,0.8052813852813853,0.8378354978354978,1.3191474357346065,1.7414920385982648,,0.058823529411763845,0.22727272727271697,0.04761904761904762
RDSGD_ORACLE,18,0.8314285714285714,0.8314285714285714,0.013344312874651092,0.013344312874651093,0.8279105339105339,0.8093506493506494,0.8365367965367966,1.3659916265990586,1.731742888850397,,0.10294117647058673,0.18181818181817358,0.03809523809523809
RDSGD_ORACLE,19,0.8323809523809523,0.8323809523809523,0.013182753223129302,0.013182753223129303,0.8294689754689754,0.8074891774891775,0.8389610389610389,1.3689922509446095,1.7065304341171206,,0.1470588235294096,0.18181818181817358,0.03809523809523809
RDSGD_ORACLE,20,0.8327272727272728,0.8327272727272728,0.010681075142593558,0.010681075142593557,0.8302308802308802,0.8141125541125541,0.8392207792207792,1.4089665476442164,1.7201874746078676,,0.10294117647058673,0.22727272727271697,0.04761904761904759
RDSGD_ORACLE,21,0.8327705627705627,0.8327705627705627,0.01020513585696784,0.010205135856967841,0.8303492063492063,0.8153679653679654,0.8393506493506494,1.4105914059210998,1.7218704144524775,,0.11764705882352769,0.13636363636363016,0.02857142857142858
RDSGD_ORACLE,22,0.8338961038961039,0.8338961038961039,0.008105443929178183,0.008105443929178184,0.8314401154401154,0.8161038961038961,0.8413852813852813,1.4413285593224352,1.7098936040659602,,0.04411764705882289,0.13636363636363016,0.028571428571428567
RDSGD_ORACLE,23,0.8337229437229438,0.8337229437229438,0.009105276019520672,0.009105276019520674,0.831010101010101,0.817012987012987,0.8422943722943723,1.3990914726506876,1.6983601547199878,,0.11764705882352769,0.09090909090908679,0.019047619047619056
RDSGD_ORACLE,24,0.8335930735930736,0.8335930735930736,0.007559126454759368,0.007559126454759369,0.8312352092352093,0.8207359307359308,0.8395670995670995,1.4077668963123395,1.7138151717791608,,0.11764705882352769,0.27272727272726033,0.05714285714285711
RDSGD_ORACLE,25,0.8329004329004329,0.8329004329004329,0.006736728275640695,0.006736728275640697,0.8308311688311689,0.8195670995670996,0.8372727272727273,1.4061998615096938,1.7278851257565973,,0.058823529411763845,0.09090909090908679,0.01904761904761902
RDSGD_ORACLE,26,0.8332467532467532,0.8332467532467532,0.0063014622154383484,0.00630146221543835,0.8312582972582974,0.8197835497835498,0.8365367965367966,1.4368964557718846,1.7218532554067203,,0.13235294117646865,0.18181818181817358,0.03809523809523807
RDSGD_ORACLE,27,0.8333333333333334,0.8333333333333334,0.006444944310463083,0.006444944310463083,0.8315064935064934,0.8207792207792208,0.8376623376623377,1.4617137955562238,1.7257291969071833,,0.1470588235294096,0.13636363636363016,0.02857142857142855
RDSGD_ORACLE,28,0.8329870129870129,0.8329870129870129,0.006820047515495278,0.006820047515495279,0.8312323232323233,0.82004329004329,0.8371861471861471,1.4254668623472095,1.7249942641049725,,0.11764705882352769,0.045454545454543395,0.009523809523809504
RDSGD_ORACLE,29,0.8335930735930736,0.8335930735930736,0.006303475410224791,0.006303475410224792,0.831968253968254,0.8187012987012987,0.8384848484848485,1.4272767748662678,1.719796734583721,,0.13235294117646865,0.09090909090908679,0.01904761904761905
RDSGD_ORACLE,30,0.8342857142857143,0.8342857142857143,0.0053117931372768466,0.005311793137276849,0.832946608946609,0.8216017316017316,0.8376190476190476,1.4546749254058398,1.71493610759445,,0.10294117647058673,0.18181818181817358,0.0380952380952381
RDSGD_ORACLE,31,0.8348484848484848,0.8348484848484848,0.004836276775496941,0.004836276775496943,0.8332698412698413,0.8237229437229437,0.8388311688311688,1.431726522671334,1.7269317531437705,,0.08823529411764577,0.31818181818180374,0.06666666666666662
RDSGD_ORACLE,32,0.8348484848484848,0.8348484848484848,0.004746249595531147,0.004746249595531148,0.8330620490620492,0.8237662337662338,0.8373593073593074,1.4575556591868501,1.718860024841733,,0.11764705882352769,0.18181818181817358,0.03809523809523807
RDSGD_ORACLE,33,0.8351948051948052,0.8351948051948052,0.004552773202975835,0.004552773202975835,0.8338989898989897,0.8258874458874459,0.8378787878787879,1.4499733802646182,1.7091854813937735,,0.13235294117646865,0.09090909090908679,0.019047619047619035
RDSGD_ORACLE,34,0.8351082251082251,0.8351082251082251,0.004438079310488285,0.004438079310488285,0.8341616161616161,0.8264069264069264,0.8384415584415584,1.4447309513654032,1.7077834431217125,,0.10294117647058673,0.045454545454543395,0.009523809523809513
RDSGD_ORACLE,35,0.834935064935065,0.834935064935065,0.004230937164868123,0.004230937164868122,0.8343492063492065,0.826926406926407,0.8378787878787879,1.4458980612962269,1.713792832830533,,0.08823529411764577,0.13636363636363016,0.028571428571428546
RDSGD_ORACLE,36,0.8353246753246754,0.8353246753246754,0.004314289441724829,0.004314289441724829,0.8343492063492063,0.8263636363636364,0.8385714285714285,1.4206653283587234,1.7077093275273525,,0.08823529411764577,0.18181818181817358,0.038095238095238085
RDSGD_ORACLE,37,0.8354978354978355,0.8354978354978355,0.003451601366919624,0.0034516013669196248,0.834816738816739,0.8281818181818181,0.8384415584415584,1.4503600110426842,1.7076491444662731,,0.1470588235294096,0.27272727272726033,0.05714285714285713
RDSGD_ORACLE,38,0.8354545454545454,0.8354545454545454,0.002854311483764226,0.002854311483764227,0.835264069264069,0.8292207792207792,0.839047619047619,1.4674945407129372,1.704176770100948,,0.058823529411763845,0.13636363636363016,0.028571428571428574
RDSGD_ORACLE,39,0.8357142857142857,0.8357142857142857,0.0032531910385734126,0.003253191038573413,0.834932178932179,0.8294805194805195,0.8390909090909091,1.4400104031754855,1.7081349333472287,,0.1470588235294096,0.18181818181817358,0.03809523809523807
RDSGD_ORACLE,40,0.8353246753246754,0.8353246753246754,0.002930043022415547,0.002930043022415548,0.8347474747474749,0.8300865800865801,0.84,1.4628329440909986,1.7053784677015564,,0.10294117647058673,0.18181818181817358,0.03809523809523809
RDSGD_ORACLE,41,0.8361471861471862,0.8361471861471862,0.0029770175522260797,0.0029770175522260806,0.8355555555555557,0.8297402597402598,0.8399567099567099,1.456911515922998,1.7058967410825092,,0.0735294117647048,0.0,0.0
RDSGD_ORACLE,42,0.8358441558441558,0.8358441558441558,0.002934229873450006,0.0029342298734500063,0.8358672438672439,0.83,0.8396536796536797,1.470853049364742,1.6992857815107267,,0.10294117647058673,0.045454545454543395,0.009523809523809521
RDSGD_ORACLE,43,0.8365800865800865,0.8365800865800865,0.002960662271227341,0.002960662271227342,0.8363809523809524,0.8304761904761905,0.8404761904761905,1.4631392080076853,1.6911850049502215,,0.11764705882352769,0.09090909090908679,0.019047619047619056
RDSGD_ORACLE,44,0.8364502164502164,0.8364502164502164,0.0026278406074283197,0.00262784060742832,0.8365079365079366,0.8321212121212122,0.8407792207792207,1.4560454173312656,1.6967924565623334,,0.08823529411764577,0.13636363636363016,0.028571428571428574
RDSGD_ORACLE,45,0.8370995670995671,0.8370995670995671,0.0025057013394208065,0.002505701339420807,0.8365598845598845,0.831948051948052,0.8394372294372294,1.45237059842034,1.695149317292802,,0.10294117647058673,0.13636363636363016,0.02857142857142857
RDSGD_ORACLE,46,0.837012987012987,0.837012987012987,0.002606293478609122,0.002606293478609122,0.8367474747474747,0.831948051948052,0.8409090909090909,1.4503623533862817,1.6972520551965176,,0.13235294117646865,0.045454545454543395,0.009523809523809516
RDSGD_ORACLE,47,0.8370995670995671,0.8370995670995671,0.00309993508220344,0.0030999350822034405,0.8366522366522365,0.8306060606060606,0.8403896103896104,1.4188334428242344,1.6963920724563106,,0.16176470588235056,0.045454545454543395,0.009523809523809516
RDSGD_ORACLE,48,0.837922077922078,0.837922077922078,0.0035007671995619777,0.003500767199561978,0.8371746031746031,0.8322077922077922,0.8402164502164502,1.4223494726377854,1.6915122917363277,,0.2647058823529373,0.045454545454543395,0.009523809523809516
RDSGD_ORACLE,49,0.8377922077922078,0.8377922077922078,0.002676957633887961,0.002676957633887962,0.8370505050505049,0.8324675324675325,0.8406926406926407,1.4241036084238936,1.6943564410042358,,0.0735294117647048,0.18181818181817358,0.038095238095238085
RDSGD_ORACLE,50,0.8378354978354978,0.8378354978354978,0.002477865778348423,0.002477865778348423,0.8370822510822511,0.8331168831168831,0.8411255411255412,1.44511744060505,1.6949799943825838,,0.11764705882352769,0.09090909090908679,0.019047619047619046
RDSGD_ORACLE,51,0.8375324675324676,0.8375324675324676,0.0022380523182385426,0.002238052318238543,0.8371630591630591,0.832943722943723,0.8409090909090909,1.4447184629285432,1.6957254362768965,,0.13235294117646865,0.27272727272726033,0.05714285714285712
RDSGD_ORACLE,52,0.838051948051948,0.838051948051948,0.002413141802861698,0.0024131418028616983,0.8372958152958153,0.8322943722943723,0.8406926406926407,1.4279107121484822,1.6958532150529304,,0.0735294117647048,0.0,0.0
RDSGD_ORACLE,53,0.8381385281385282,0.8381385281385282,0.00232402352090266,0.00232402352090266,0.8375873015873015,0.8326406926406926,0.8416017316017316,1.4472018446681658,1.6960933479071776,,0.11764705882352769,0.045454545454543395,0.009523809523809521
RDSGD_ORACLE,54,0.8380952380952381,0.8380952380952381,0.002150180809757155,0.0021501808097571544,0.8376883116883118,0.8326406926406926,0.8423376623376624,1.4472057313262252,1.6942333606463307,,0.0735294117647048,0.045454545454543395,0.009523809523809526
RDSGD_ORACLE,55,0.8381385281385282,0.8381385281385282,0.002192149121749245,0.002192149121749245,0.8380432900432899,0.8335064935064935,0.8412987012987013,1.4494918480813355,1.6947900689646047,,0.11764705882352769,0.09090909090908679,0.019047619047619035
RDSGD_ORACLE,56,0.8383982683982684,0.8383982683982684,0.002159913844533495,0.002159913844533495,0.8382106782106783,0.8332467532467532,0.8417316017316018,1.4478369218217138,1.6947431336775953,,0.10294117647058673,0.045454545454543395,0.009523809523809513
RDSGD_ORACLE,57,0.8384848484848485,0.8384848484848485,0.0022113189230478342,0.0022113189230478342,0.8383549783549783,0.833030303030303,0.8418181818181818,1.4341065478322936,1.6948222179144277,,0.13235294117646865,0.13636363636363016,0.028571428571428567
RDSGD_ORACLE,58,0.8387878787878787,0.8387878787878787,0.001694534775899233,0.0016945347758992328,0.8387041847041846,0.8352380952380952,0.8415151515151515,1.4546998446987098,1.6948074733757006,,0.1470588235294096,0.31818181818180374,0.06666666666666665
RDSGD_ORACLE,59,0.8380952380952381,0.8380952380952381,0.0013085729222960018,0.001308572922296002,0.8383520923520924,0.8336363636363636,0.8421212121212122,1.4829879610294527,1.6951850251638583,,0.0735294117647048,0.27272727272726033,0.057142857142857134
RDSGD_ORACLE,60,0.8380952380952381,0.8380952380952381,0.001242641285433702,0.001242641285433702,0.8381731601731601,0.8332467532467532,0.8420779220779221,1.481185135117708,1.6967977864162958,,0.058823529411763845,0.22727272727271697,0.04761904761904759
RDSGD_ORACLE,61,0.8381818181818181,0.8381818181818181,0.0014330498151135691,0.0014330498151135693,0.8381645021645022,0.8330735930735931,0.841991341991342,1.4700259495584156,1.6923844088931803,,0.16176470588235056,0.18181818181817358,0.03809523809523807
RDSGD_ORACLE,62,0.8382683982683983,0.8382683982683983,0.0014093909551806134,0.0014093909551806136,0.8384098124098124,0.8338095238095238,0.8421212121212122,1.474764137657074,1.6964430442539729,,0.08823529411764577,0.18181818181817358,0.03809523809523807
RDSGD_ORACLE,63,0.8384848484848485,0.8384848484848485,0.001468345695978308,0.0014683456959783076,0.8384675324675326,0.8342424242424242,0.8411255411255412,1.4642268742472113,1.6939773180725022,,0.11764705882352769,0.045454545454543395,0.009523809523809525
RDSGD_ORACLE,64,0.8387012987012987,0.8387012987012987,0.0013180479698114776,0.0013180479698114776,0.8385079365079364,0.8347619047619048,0.8419047619047619,1.4724148312931944,1.6945516744026952,,0.08823529411764577,0.22727272727271697,0.047619047619047616
RDSGD_ORACLE,65,0.8383116883116883,0.8383116883116883,0.0012824607538154675,0.0012824607538154673,0.8383030303030303,0.8338528138528138,0.8405194805194806,1.4778374120730617,1.693756951780815,,0.10294117647058673,0.13636363636363016,0.028571428571428567
RDSGD_ORACLE,66,0.8381385281385282,0.8381385281385282,0.001625586341609793,0.001625586341609793,0.838075036075036,0.8332900432900433,0.8408225108225108,1.4570034260880513,1.6943922012072679,,0.08823529411764577,0.18181818181817358,0.03809523809523809
RDSGD_ORACLE,67,0.8385281385281386,0.8385281385281386,0.0016451738949443322,0.0016451738949443326,0.8385281385281386,0.8345454545454546,0.8416883116883117,1.4454180263049035,1.6935853687435818,,0.16176470588235056,0.22727272727271697,0.047619047619047616
RDSGD_ORACLE,68,0.8387012987012987,0.8387012987012987,0.0013517476536444458,0.0013517476536444464,0.8384473304473306,0.835021645021645,0.8407792207792207,1.4476315278751422,1.6943291895203059,,0.10294117647058673,0.22727272727271697,0.04761904761904761
RDSGD_ORACLE,69,0.8388311688311688,0.8388311688311688,0.001386681208008447,0.001386681208008447,0.8383088023088023,0.8348917748917749,0.8403463203463204,1.439009636800478,1.6944818469750405,,0.17647058823529155,0.09090909090908679,0.01904761904761903
RDSGD_ORACLE,70,0.839047619047619,0.839047619047619,0.0016387065273354188,0.0016387065273354192,0.8385425685425686,0.8348484848484848,0.841038961038961,1.418040665289207,1.6903770457907104,,0.10294117647058673,0.18181818181817358,0.0380952380952381
RDSGD_ORACLE,71,0.8394805194805195,0.8394805194805195,0.0015363703346380723,0.0015363703346380725,0.8389033189033189,0.835930735930736,0.841038961038961,1.4248005368603047,1.6908172553852798,,0.08823529411764577,0.13636363636363016,0.02857142857142856
RDSGD_ORACLE,72,0.8392640692640693,0.8392640692640693,0.0014966644374260552,0.0014966644374260554,0.8389264069264069,0.8361038961038961,0.8405627705627705,1.4299649483687964,1.6902604657267826,,0.1470588235294096,0.18181818181817358,0.0380952380952381
RDSGD_ORACLE,73,0.8393073593073593,0.8393073593073593,0.001595458988291264,0.0015954589882912643,0.8391428571428572,0.8352380952380952,0.8408658008658009,1.423327369536398,1.6911737358242624,,0.11764705882352769,0.09090909090908679,0.019047619047619042
RDSGD_ORACLE,74,0.8394805194805195,0.8394805194805195,0.0016658431685458819,0.0016658431685458814,0.8393189033189031,0.8352813852813853,0.8416450216450216,1.4168526947679283,1.6893201462629484,,0.1470588235294096,0.045454545454543395,0.009523809523809525
RDSGD_ORACLE,75,0.8393939393939394,0.8393939393939394,0.001361582899908982,0.0013615828999089818,0.8394632034632034,0.8355411255411256,0.8418181818181818,1.434987708097887,1.689037864464313,,0.058823529411763845,0.09090909090908679,0.019047619047619046
RDSGD_ORACLE,76,0.8393073593073593,0.8393073593073593,0.001420775680615512,0.0014207756806155123,0.8392698412698413,0.835930735930736,0.8412554112554113,1.4288520302916692,1.6930668310263508,,0.13235294117646865,0.18181818181817358,0.03809523809523808
RDSGD_ORACLE,77,0.8396969696969697,0.8396969696969697,0.0015374979267018247,0.001537497926701825,0.8394141414141416,0.8359740259740259,0.8416017316017316,1.4236771236590768,1.690688931976678,,0.13235294117646865,0.045454545454543395,0.00952380952380952
RDSGD_ORACLE,78,0.8396536796536797,0.8396536796536797,0.0013269805873973987,0.0013269805873973987,0.8394545454545455,0.837056277056277,0.8416450216450216,1.429452852172383,1.692331399527352,,0.0735294117647048,0.22727272727271697,0.04761904761904758
RDSGD_ORACLE,79,0.8394805194805195,0.8394805194805195,0.0014010606580546557,0.0014010606580546557,0.8394776334776334,0.8364935064935065,0.8413852813852813,1.4219150941411334,1.6958790315674859,,0.04411764705882289,0.13636363636363016,0.028571428571428532
RDSGD_ORACLE,80,0.8396536796536797,0.8396536796536797,0.001032777294443114,0.0010327772944431143,0.8396854256854256,0.8377922077922078,0.841948051948052,1.4515953963012735,1.6947090259362478,,0.10294117647058673,0.31818181818180374,0.06666666666666662
RDSGD_ORACLE,81,0.8396103896103896,0.8396103896103896,0.0010257061443319881,0.0010257061443319881,0.8397575757575758,0.8363636363636363,0.8412987012987013,1.4542214851690396,1.6930243087680554,,0.1470588235294096,0.18181818181817358,0.0380952380952381
RDSGD_ORACLE,82,0.8397835497835497,0.8397835497835497,0.0010383406041050932,0.0010383406041050934,0.8397489177489177,0.8365367965367966,0.841948051948052,1.456553810325361,1.6901396647337081,,0.1470588235294096,0.045454545454543395,0.009523809523809516
RDSGD_ORACLE,83,0.84,0.84,0.0009767866251825714,0.0009767866251825714,0.8398412698412698,0.8370995670995671,0.8426406926406926,1.4598984988512744,1.6918501735536948,,0.13235294117646865,0.09090909090908679,0.01904761904761903
RDSGD_ORACLE,84,0.83991341991342,0.83991341991342,0.0011218283385676037,0.0011218283385676041,0.8397113997113997,0.8367532467532468,0.8424675324675325,1.4600808432131367,1.6884420889972367,,0.16176470588235056,0.09090909090908679,0.01904761904761906
RDSGD_ORACLE,85,0.8401731601731601,0.8401731601731601,0.0008774302027276676,0.0008774302027276676,0.8399365079365079,0.8372727272727273,0.8425974025974026,1.4626454238581308,1.6901398409277222,,0.0,0.13636363636363016,0.028571428571428567
RDSGD_ORACLE,86,0.8404329004329004,0.8404329004329004,0.0008845731300056985,0.0008845731300056985,0.8398643578643578,0.8375757575757575,0.8418181818181818,1.4538145937119953,1.6932369933963578,,0.10294117647058673,0.18181818181817358,0.03809523809523808
RDSGD_ORACLE,87,0.8400865800865801,0.8400865800865801,0.0010322793426534888,0.001032279342653489,0.8397835497835497,0.8358008658008658,0.842034632034632,1.4564946706679,1.6887492984732178,,0.17647058823529155,0.13636363636363016,0.028571428571428574
RDSGD_ORACLE,88,0.84004329004329,0.84004329004329,0.0007852178673389749,0.0007852178673389751,0.8397287157287158,0.8364069264069264,0.8414285714285714,1.4690483253798168,1.6911769426799301,,0.0735294117647048,0.13636363636363016,0.02857142857142857
RDSGD_ORACLE,89,0.8402164502164502,0.8402164502164502,0.0009153954468255173,0.0009153954468255175,0.8400548340548342,0.8362770562770563,0.8418614718614719,1.4616847245528561,1.6905748336998943,,0.11764705882352769,0.045454545454543395,0.009523809523809516
RDSGD_ORACLE,90,0.8403030303030303,0.8403030303030303,0.0008596150343137005,0.0008596150343137005,0.83988455988456,0.8368831168831169,0.8412121212121212,1.4525781867023844,1.6905224781428956,,0.13235294117646865,0.22727272727271697,0.047619047619047616
RDSGD_ORACLE,91,0.8400865800865801,0.8400865800865801,0.0009216560527333137,0.0009216560527333138,0.8397171717171719,0.8359740259740259,0.8416017316017316,1.456381888599308,1.6905724884745492,,0.22058823529411442,0.22727272727271697,0.0476190476190476
RDSGD_ORACLE,92,0.8400865800865801,0.8400865800865801,0.0008595146678219959,0.000859514667821996,0.8397720057720056,0.8360606060606061,0.8415584415584415,1.4596002169832678,1.6905535345069365,,0.11764705882352769,0.18181818181817358,0.038095238095238085
RDSGD_ORACLE,93,0.8401731601731601,0.8401731601731601,0.0009267063028406307,0.000926706302840631,0.8397893217893219,0.8361471861471862,0.8425974025974026,1.460041259672167,1.6904132882169154,,0.1470588235294096,0.13636363636363016,0.02857142857142856
RDSGD_ORACLE,94,0.8399567099567099,0.8399567099567099,0.0008611983101636289,0.000861198310163629,0.8396594516594518,0.8364502164502164,0.8425541125541125,1.46026426353723,1.6897494070342456,,0.10294117647058673,0.13636363636363016,0.028571428571428546
RDSGD_ORACLE,95,0.8398268398268398,0.8398268398268398,0.0008257671152313752,0.0008257671152313752,0.8398210678210679,0.8361471861471862,0.8423809523809523,1.4616213380836511,1.689570657753736,,0.0735294117647048,0.0,0.0
RDSGD_ORACLE,96,0.8396536796536797,0.8396536796536797,0.0007157762836575682,0.0007157762836575682,0.8396219336219336,0.836926406926407,0.8413852813852813,1.4632372895657406,1.6907674699969661,,0.10294117647058673,0.18181818181817358,0.038095238095238106
RDSGD_ORACLE,97,0.8396103896103896,0.8396103896103896,0.000656661882140472,0.0006566618821404722,0.8395151515151515,0.8372294372294372,0.8411688311688311,1.4733241021846988,1.6939162171779527,,0.10294117647058673,0.13636363636363016,0.028571428571428553
RDSGD_ORACLE,98,0.8394372294372294,0.8394372294372294,0.0006163876590707481,0.0006163876590707481,0.8395670995670996,0.837056277056277,0.8413419913419914,1.4726855545306132,1.6947949702982357,,0.04411764705882289,0.18181818181817358,0.03809523809523807
RDSGD_ORACLE,99,0.8397835497835497,0.8397835497835497,0.0005882457106896763,0.0005882457106896762,0.8397633477633478,0.8374025974025974,0.8414718614718615,1.4724450550162949,1.6933906236089526,,0.08823529411764577,0.09090909090908679,0.01904761904761905
RDSGD_ORACLE,100,0.8396103896103896,0.8396103896103896,0.0005636797246566708,0.0005636797246566709,0.8397633477633479,0.8376623376623377,0.8410822510822511,1.4729457307510834,1.6942873799029732,,0.10294117647058673,0.18181818181817358,0.038095238095238064
RDSGD_ORACLE,101,0.8396969696969697,0.8396969696969697,0.0005149049879721759,0.000514904987972176,0.8395670995670995,0.836926406926407,0.8412121212121212,1.471565931135126,1.6909988001199847,,0.04411764705882289,0.18181818181817358,0.0380952380952381
RDSGD_ORACLE,102,0.8396103896103896,0.8396103896103896,0.0004803974542355632,0.00048039745423556325,0.8395757575757578,0.8377922077922078,0.8415584415584415,1.4713043161812864,1.6958750695491598,,0.058823529411763845,0.18181818181817358,0.03809523809523806
RDSGD_ORACLE,103,0.8397835497835497,0.8397835497835497,0.0005980653366870784,0.0005980653366870783,0.8395988455988456,0.8381818181818181,0.840952380952381,1.4634451685937524,1.6945612715059943,,0.11764705882352769,0.13636363636363016,0.02857142857142855
RDSGD_ORACLE,104,0.8393939393939394,0.8393939393939394,0.0005042272924156724,0.0005042272924156723,0.8397200577200578,0.8382251082251082,0.8410822510822511,1.4732792447952971,1.693126570876138,,0.0735294117647048,0.13636363636363016,0.02857142857142856
RDSGD_ORACLE,105,0.8396536796536797,0.8396536796536797,0.0005029432590115461,0.0005029432590115462,0.8397113997113999,0.8382251082251082,0.840995670995671,1.4717463080124655,1.6927784265788715,,0.08823529411764577,0.13636363636363016,0.02857142857142856
RDSGD_ORACLE,106,0.8396969696969697,0.8396969696969697,0.0005274928767042189,0.0005274928767042189,0.8399134199134198,0.8375757575757575,0.8414285714285714,1.4712734575536068,1.691491427687295,,0.11764705882352769,0.13636363636363016,0.02857142857142856
RDSGD_ORACLE,107,0.8398701298701299,0.8398701298701299,0.0005011235083317351,0.0005011235083317351,0.8399797979797979,0.8373160173160173,0.8413852813852813,1.4722002181225367,1.690986094988446,,0.0735294117647048,0.13636363636363016,0.02857142857142857
RDSGD_ORACLE,108,0.8399567099567099,0.8399567099567099,0.0005010650256652837,0.0005010650256652837,0.8400115440115441,0.8377922077922078,0.8415584415584415,1.4722003592143236,1.6897892495480462,,0.16176470588235056,0.18181818181817358,0.038095238095238106
RDSGD_ORACLE,109,0.8401731601731601,0.8401731601731601,0.00048358511905018965,0.00048358511905018976,0.8401125541125541,0.8380952380952381,0.8412554112554113,1.4725356938103067,1.6912961640580282,,0.058823529411763845,0.045454545454543395,0.009523809523809521
RDSGD_ORACLE,110,0.8401731601731601,0.8401731601731601,0.0005549896836837142,0.0005549896836837143,0.8401789321789324,0.8377056277056277,0.8417316017316018,1.464647881958245,1.6934205587932984,,0.0735294117647048,0.13636363636363016,0.02857142857142854
RDSGD_ORACLE,111,0.8402597402597403,0.8402597402597403,0.0006335452648154812,0.0006335452648154813,0.8402395382395381,0.8383982683982684,0.8416883116883117,1.4591326548001735,1.6920739146139583,,0.13235294117646865,0.13636363636363016,0.02857142857142856
RDSGD_ORACLE,112,0.8398268398268398,0.8398268398268398,0.000555995610346953,0.0005559956103469531,0.8400490620490619,0.8385281385281386,0.8412554112554113,1.4598123338742768,1.695029950302193,,0.0735294117647048,0.27272727272726033,0.057142857142857106
RDSGD_ORACLE,113,0.84004329004329,0.84004329004329,0.0005652015432435132,0.0005652015432435132,0.83992784992785,0.8381818181818181,0.8418614718614719,1.4621206597450551,1.6944709839872611,,0.13235294117646865,0.13636363636363016,0.02857142857142855
RDSGD_ORACLE,114,0.84004329004329,0.84004329004329,0.0005458967001287546,0.0005458967001287548,0.8399220779220778,0.8378354978354978,0.8419047619047619,1.464501833006367,1.6942729389631375,,0.08823529411764577,0.18181818181817358,0.03809523809523807
RDSGD_ORACLE,115,0.84,0.84,0.0006196851517985805,0.0006196851517985806,0.839922077922078,0.837922077922078,0.8413852813852813,1.4591759837434304,1.6917181323190205,,0.16176470588235056,0.045454545454543395,0.009523809523809521
RDSGD_ORACLE,116,0.8401731601731601,0.8401731601731601,0.0006041691853165748,0.0006041691853165747,0.8399913419913418,0.8381818181818181,0.8418181818181818,1.4541522850190285,1.6927930729183964,,0.0735294117647048,0.09090909090908679,0.01904761904761902
RDSGD_ORACLE,117,0.8401298701298702,0.8401298701298702,0.0005928349170389517,0.0005928349170389518,0.839959595959596,0.8383116883116883,0.8418181818181818,1.4571170376873162,1.6929585032384868,,0.11764705882352769,0.09090909090908679,0.01904761904761903
RDSGD_ORACLE,118,0.8398701298701299,0.8398701298701299,0.000605846477410245,0.0006058464774102451,0.8398874458874459,0.8387445887445888,0.8413852813852813,1.4519675675899784,1.692264992505884,,0.13235294117646865,0.13636363636363016,0.02857142857142856
RDSGD_ORACLE,119,0.84,0.84,0.0005397330473502092,0.0005397330473502093,0.8400173160173161,0.8388311688311688,0.8415151515151515,1.4645063447936764,1.690260071205785,,0.1470588235294096,0.09090909090908679,0.019047619047619046
RDSGD_ORACLE,120,0.8401298701298702,0.8401298701298702,0.0004995910064854143,0.0004995910064854144,0.8401212121212122,0.8388311688311688,0.8416450216450216,1.4662647086118188,1.6906923008658237,,0.11764705882352769,0.18181818181817358,0.0380952380952381
RDSGD_ORACLE,121,0.8402164502164502,0.8402164502164502,0.0005639029781828696,0.0005639029781828698,0.8402135642135644,0.8385714285714285,0.8418614718614719,1.460966668114556,1.6896692533334556,,0.16176470588235056,0.18181818181817358,0.03809523809523809
RDSGD_ORACLE,122,0.8403030303030303,0.8403030303030303,0.0004299313511034617,0.0004299313511034619,0.8402395382395382,0.8387012987012987,0.8416017316017316,1.4716450581768115,1.688324849870144,,0.10294117647058673,0.31818181818180374,0.06666666666666665
RDSGD_ORACLE,123,0.8403896103896104,0.8403896103896104,0.0004670126631251607,0.0004670126631251607,0.8403809523809525,0.8391341991341992,0.8413419913419914,1.464679362839499,1.6897238232320282,,0.08823529411764577,0.09090909090908679,0.01904761904761905
RDSGD_ORACLE,124,0.8403030303030303,0.8403030303030303,0.00043592918873820307,0.0004359291887382031,0.8403607503607505,0.8387445887445888,0.8416883116883117,1.4672824592129232,1.6889955013476219,,0.08823529411764577,0.22727272727271697,0.04761904761904759
RDSGD_ORACLE,125,0.8402597402597403,0.8402597402597403,0.00047795117722220886,0.0004779511772222089,0.8402683982683984,0.8387445887445888,0.8417316017316018,1.462490021636949,1.68766846275846,,0.10294117647058673,0.13636363636363016,0.028571428571428574
RDSGD_ORACLE,126,0.8402597402597403,0.8402597402597403,0.0005162447071171393,0.0005162447071171394,0.8402222222222221,0.8383116883116883,0.8414285714285714,1.4564743844496064,1.6921380749722066,,0.13235294117646865,0.18181818181817358,0.038095238095238085
RDSGD_ORACLE,127,0.8405627705627705,0.8405627705627705,0.0006222930826879912,0.0006222930826879914,0.8403030303030304,0.8383116883116883,0.8413852813852813,1.4438098408677906,1.6911846095243948,,0.16176470588235056,0.045454545454543395,0.009523809523809525
RDSGD_ORACLE,128,0.8403896103896104,0.8403896103896104,0.000547032781115193,0.0005470327811151931,0.8401414141414142,0.8384848484848485,0.8417748917748917,1.447174393654869,1.694346435973913,,0.13235294117646865,0.31818181818180374,0.06666666666666662
RDSGD_ORACLE,129,0.84004329004329,0.84004329004329,0.00043785123770204653,0.00043785123770204664,0.840095238095238,0.838917748917749,0.8412987012987013,1.4585461346627704,1.6916647375977227,,0.10294117647058673,0.22727272727271697,0.04761904761904761
RDSGD_ORACLE,130,0.8402164502164502,0.8402164502164502,0.0004345849041104564,0.00043458490411045643,0.8402481962481965,0.8385714285714285,0.8415584415584415,1.4622027689539243,1.693454805831099,,0.10294117647058673,0.09090909090908679,0.01904761904761903
RDSGD_ORACLE,131,0.8404761904761905,0.8404761904761905,0.0004259182359062747,0.0004259182359062747,0.8403665223665222,0.8388744588744589,0.8415151515151515,1.4655704856407266,1.6908597850635398,,0.08823529411764577,0.045454545454543395,0.009523809523809525
RDSGD_ORACLE,132,0.8405194805194806,0.8405194805194806,0.0004398711087104576,0.0004398711087104578,0.8404617604617605,0.838917748917749,0.841991341991342,1.468698223400689,1.6909529470256826,,0.08823529411764577,0.09090909090908679,0.01904761904761905
RDSGD_ORACLE,133,0.8407359307359308,0.8407359307359308,0.0004182339166494055,0.0004182339166494056,0.8406060606060606,0.8388311688311688,0.8422077922077922,1.4701255319776203,1.6897953154379037,,0.10294117647058673,0.13636363636363016,0.028571428571428567
RDSGD_ORACLE,134,0.8407792207792207,0.8407792207792207,0.0003554698341946881,0.00035546983419468823,0.8407157287157286,0.8389610389610389,0.8416450216450216,1.4720970264987314,1.6901744708384023,,0.04411764705882289,0.09090909090908679,0.01904761904761905
RDSGD_ORACLE,135,0.8407359307359308,0.8407359307359308,0.00038654421980826816,0.0003865442198082682,0.8408427128427128,0.8387878787878787,0.8422510822510823,1.4656325350630643,1.6898587705653831,,0.058823529411763845,0.09090909090908679,0.01904761904761905
RDSGD_ORACLE,136,0.8404761904761905,0.8404761904761905,0.00032299334162588284,0.0003229933416258828,0.8406753246753246,0.8390909090909091,0.8418181818181818,1.474865244262691,1.6889788371084968,,0.0735294117647048,0.13636363636363016,0.02857142857142856
RDSGD_ORACLE,137,0.8405627705627705,0.8405627705627705,0.00034405811825054846,0.00034405811825054846,0.8408917748917749,0.8397835497835497,0.8418181818181818,1.4677566681405294,1.6901608460047355,,0.0735294117647048,0.18181818181817358,0.03809523809523809
RDSGD_ORACLE,138,0.8405194805194806,0.8405194805194806,0.00038836903686037343,0.00038836903686037343,0.8407099567099569,0.8397402597402598,0.8417316017316018,1.4632970150624733,1.6904649794391284,,0.16176470588235056,0.13636363636363016,0.02857142857142858
RDSGD_ORACLE,139,0.8407792207792207,0.8407792207792207,0.00038672637330999365,0.00038672637330999365,0.8406984126984127,0.8392207792207792,0.841948051948052,1.4661836840295022,1.6912710267715498,,0.11764705882352769,0.13636363636363016,0.02857142857142856
RDSGD_ORACLE,140,0.8403896103896104,0.8403896103896104,0.00042854615339403437,0.0004285461533940344,0.8404790764790764,0.839047619047619,0.842034632034632,1.4676547672885436,1.691137103169852,,0.24999999999999634,0.13636363636363016,0.02857142857142856
RDSGD_ORACLE,141,0.8404761904761905,0.8404761904761905,0.0004228063784471608,0.0004228063784471609,0.8407330447330447,0.8390909090909091,0.841948051948052,1.4629489553952584,1.6910894946910364,,0.13235294117646865,0.13636363636363016,0.028571428571428584
RDSGD_ORACLE,142,0.8407792207792207,0.8407792207792207,0.0003817713314177291,0.00038177133141772913,0.8407994227994229,0.8396536796536797,0.8422077922077922,1.465773078654324,1.690243848154322,,0.058823529411763845,0.0,0.0
RDSGD_ORACLE,143,0.8406926406926407,0.8406926406926407,0.00032551691053462635,0.0003255169105346264,0.8407359307359308,0.8396103896103896,0.8418614718614719,1.4749505509354388,1.6904789255750672,,0.13235294117646865,0.13636363636363016,0.02857142857142857
RDSGD_ORACLE,144,0.8406926406926407,0.8406926406926407,0.000331983777418343,0.000331983777418343,0.8407186147186146,0.8393939393939394,0.8416017316017316,1.4683116878360642,1.6907416687229906,,0.08823529411764577,0.09090909090908679,0.01904761904761905
RDSGD_ORACLE,145,0.8406060606060606,0.8406060606060606,0.0003042443674116949,0.00030424436741169504,0.8408051948051949,0.8393939393939394,0.8418614718614719,1.4767735587654356,1.6905950541812875,,0.1470588235294096,0.13636363636363016,0.02857142857142856
RDSGD_ORACLE,146,0.840952380952381,0.840952380952381,0.0002783225910619376,0.0002783225910619376,0.8408398268398269,0.8390909090909091,0.8421212121212122,1.4829846017154655,1.690858513647097,,0.11764705882352769,0.31818181818180374,0.06666666666666662
RDSGD_ORACLE,147,0.8406493506493506,0.8406493506493506,0.00026959592030702576,0.00026959592030702576,0.8407099567099565,0.8393073593073593,0.8417316017316018,1.481641199484535,1.690789458396791,,0.13235294117646865,0.22727272727271697,0.04761904761904762
RDSGD_ORACLE,148,0.8406060606060606,0.8406060606060606,0.00027076304437736066,0.0002707630443773607,0.8406666666666667,0.8394805194805195,0.8414718614718615,1.4802628470639618,1.6898348960258622,,0.10294117647058673,0.09090909090908679,0.01904761904761905
RDSGD_ORACLE,149,0.8406060606060606,0.8406060606060606,0.00026470265265229236,0.00026470265265229247,0.8407330447330447,0.8394805194805195,0.8418181818181818,1.479385187625344,1.6887075860188179,,0.10294117647058673,0.09090909090908679,0.01904761904761905
RDSGD_ORACLE,150,0.8404761904761905,0.8404761904761905,0.00026585651813896085,0.00026585651813896085,0.8407821067821069,0.8393073593073593,0.8419047619047619,1.4839937750625176,1.6897530262594223,,0.13235294117646865,0.18181818181817358,0.0380952380952381
RDSGD_ORACLE,151,0.8407359307359308,0.8407359307359308,0.0002811337308804667,0.0002811337308804667,0.8408080808080807,0.8394372294372294,0.8416883116883117,1.480918466730051,1.692059330171567,,0.13235294117646865,0.13636363636363016,0.02857142857142854
RDSGD_ORACLE,152,0.840995670995671,0.840995670995671,0.00027163943422484603,0.0002716394342248461,0.8408282828282826,0.839004329004329,0.8417316017316018,1.4806414863524644,1.6898689053650533,,0.08823529411764577,0.09090909090908679,0.019047619047619046
RDSGD_ORACLE,153,0.8408658008658009,0.8408658008658009,0.00031934317726003893,0.00031934317726003904,0.8408571428571427,0.8387445887445888,0.8417316017316018,1.4796279059380664,1.6911654901579856,,0.16176470588235056,0.09090909090908679,0.01904761904761903
RDSGD_ORACLE,154,0.8412987012987013,0.8412987012987013,0.0003014117986738283,0.00030141179867382837,0.841044733044733,0.8392640692640693,0.8418614718614719,1.4792487997812487,1.690899084168855,,0.13235294117646865,0.09090909090908679,0.019047619047619035
RDSGD_ORACLE,155,0.8412554112554113,0.8412554112554113,0.00028521038773200394,0.00028521038773200404,0.8410995670995671,0.8394372294372294,0.8418614718614719,1.4783177471677758,1.6918936032852772,,0.0735294117647048,0.13636363636363016,0.02857142857142855
RDSGD_ORACLE,156,0.8408658008658009,0.8408658008658009,0.0002612137992177228,0.0002612137992177228,0.8409033189033188,0.8392207792207792,0.8416883116883117,1.4780525218564504,1.6910336804824024,,0.0735294117647048,0.13636363636363016,0.028571428571428574
RDSGD_ORACLE,157,0.8409090909090909,0.8409090909090909,0.00020976613851189665,0.00020976613851189673,0.8408888888888889,0.8396103896103896,0.841948051948052,1.4851940198958518,1.690008872704567,,0.10294117647058673,0.22727272727271697,0.047619047619047616
RDSGD_ORACLE,158,0.8412121212121212,0.8412121212121212,0.00020293742937315534,0.0002029374293731554,0.8410274170274171,0.8402597402597403,0.8417748917748917,1.4891210826615509,1.690412102892953,,0.08823529411764577,0.18181818181817358,0.038095238095238085
RDSGD_ORACLE,159,0.840952380952381,0.840952380952381,0.00021549492694179794,0.000215494926941798,0.8410476190476189,0.84004329004329,0.8418181818181818,1.4851249306250447,1.6903673833016335,,0.10294117647058673,0.18181818181817358,0.0380952380952381
RDSGD_ORACLE,160,0.8410822510822511,0.8410822510822511,0.0002065265799669907,0.00020652657996699067,0.841096681096681,0.84004329004329,0.8418181818181818,1.4842066342239915,1.6924505114148154,,0.08823529411764577,0.18181818181817358,0.038095238095238064
RDSGD_ORACLE,161,0.841038961038961,0.841038961038961,0.00018256918199892824,0.00018256918199892826,0.8412525252525253,0.8403463203463204,0.8420779220779221,1.4825655857660227,1.6923857824966624,,0.0735294117647048,0.4090909090908905,0.08571428571428569
RDSGD_ORACLE,162,0.8412121212121212,0.8412121212121212,0.00021296957466572438,0.0002129695746657244,0.8412352092352092,0.8399567099567099,0.8421645021645021,1.4815238287502988,1.6916167978076047,,0.0735294117647048,0.045454545454543395,0.00952380952380952
RDSGD_ORACLE,163,0.8413419913419914,0.8413419913419914,0.00023749512137596278,0.0002374951213759628,0.8413708513708513,0.8398701298701299,0.8421645021645021,1.485760213411274,1.690254860944182,,0.13235294117646865,0.045454545454543395,0.009523809523809521
RDSGD_ORACLE,164,0.8413852813852813,0.8413852813852813,0.00024737377455325265,0.00024737377455325265,0.8413650793650794,0.8398268398268398,0.8423809523809523,1.4831485512396203,1.6893704474211129,,0.10294117647058673,0.09090909090908679,0.019047619047619042
RDSGD_ORACLE,165,0.8414285714285714,0.8414285714285714,0.00021394575045551067,0.00021394575045551064,0.8414170274170273,0.8394805194805195,0.8425974025974026,1.4923702810696282,1.6885920236674195,,0.0735294117647048,0.18181818181817358,0.038095238095238085
RDSGD_ORACLE,166,0.8412121212121212,0.8412121212121212,0.0002468034585534323,0.00024680345855343234,0.841252525252525,0.8394805194805195,0.8424675324675325,1.4833818745408365,1.688773774847544,,0.1470588235294096,0.13636363636363016,0.028571428571428553
RDSGD_ORACLE,167,0.8413419913419914,0.8413419913419914,0.0002566368780385011,0.00025663687803850115,0.8414054834054835,0.8397835497835497,0.8425108225108225,1.4821079304431766,1.688932360944818,,0.10294117647058673,0.09090909090908679,0.019047619047619046
RDSGD_ORACLE,168,0.8414285714285714,0.8414285714285714,0.0002346028144686929,0.00023460281446869283,0.8414545454545456,0.8398268398268398,0.8423809523809523,1.4816557200948741,1.6901353159613213,,0.10294117647058673,0.13636363636363016,0.028571428571428546
RDSGD_ORACLE,169,0.8415584415584415,0.8415584415584415,0.0002631778224697875,0.00026317782246978755,0.8415786435786434,0.8396536796536797,0.8424242424242424,1.4822247960849615,1.6906863336198275,,0.13235294117646865,0.0,0.0
RDSGD_ORACLE,170,0.8415151515151515,0.8415151515151515,0.00022993488413319049,0.00022993488413319057,0.8415613275613276,0.84004329004329,0.8425974025974026,1.4818098574955436,1.6899779295200588,,0.10294117647058673,0.18181818181817358,0.0380952380952381
RDSGD_ORACLE,171,0.8415151515151515,0.8415151515151515,0.00023622296170989349,0.00023622296170989354,0.8414978354978355,0.8396969696969697,0.8428138528138528,1.4818125012664094,1.6905636680093417,,0.10294117647058673,0.13636363636363016,0.028571428571428577
RDSGD_ORACLE,172,0.8413852813852813,0.8413852813852813,0.0002304984500320043,0.00023049845003200433,0.8414199134199134,0.8396536796536797,0.8422943722943723,1.4820671939136232,1.6907895018852699,,0.11764705882352769,0.045454545454543395,0.009523809523809525
RDSGD_ORACLE,173,0.8412987012987013,0.8412987012987013,0.00020305480485304246,0.00020305480485304251,0.8413419913419914,0.8394805194805195,0.8423376623376624,1.4925039452876334,1.6931537590344818,,0.10294117647058673,0.22727272727271697,0.047619047619047575
RDSGD_ORACLE,174,0.8411688311688311,0.8411688311688311,0.00022317292038698,0.00022317292038698006,0.8413593073593074,0.8396536796536797,0.8422077922077922,1.488100398725599,1.6913693314430587,,0.10294117647058673,0.0,0.0
RDSGD_ORACLE,175,0.841038961038961,0.841038961038961,0.00018502524292310295,0.000185025242923103,0.8412150072150072,0.8397835497835497,0.841948051948052,1.4871331051325791,1.6911689418696483,,0.058823529411763845,0.22727272727271697,0.047619047619047616
RDSGD_ORACLE,176,0.8412987012987013,0.8412987012987013,0.00023551120279586237,0.00023551120279586242,0.8412178932178932,0.8399567099567099,0.8420779220779221,1.4769702787861492,1.6919395081204007,,0.13235294117646865,0.09090909090908679,0.01904761904761902
RDSGD_ORACLE,177,0.8413419913419914,0.8413419913419914,0.00021639646924628372,0.00021639646924628372,0.8412698412698412,0.84,0.8422077922077922,1.4783364429496115,1.691342439507958,,0.058823529411763845,0.09090909090908679,0.01904761904761905
RDSGD_ORACLE,178,0.8413852813852813,0.8413852813852813,0.00025260446399323085,0.0002526044639932309,0.8412409812409812,0.8389610389610389,0.8424675324675325,1.4797871955793227,1.6910863965212002,,0.17647058823529155,0.0,0.0
RDSGD_ORACLE,179,0.8412987012987013,0.8412987012987013,0.0002492154387022147,0.0002492154387022147,0.8412929292929294,0.8393506493506494,0.8423376623376624,1.4849378310098529,1.6910784049962904,,0.1470588235294096,0.09090909090908679,0.019047619047619046
RDSGD_ORACLE,180,0.8412554112554113,0.8412554112554113,0.00023373810184075267,0.00023373810184075275,0.841264069264069,0.8396103896103896,0.8422510822510823,1.485032050185591,1.6907718748324283,,0.10294117647058673,0.0,0.0
RDSGD_ORACLE,181,0.8412554112554113,0.8412554112554113,0.0001931391265184933,0.00019313912651849332,0.8410880230880231,0.8396536796536797,0.841948051948052,1.48970478085806,1.6920922878306446,,0.16176470588235056,0.36363636363634716,0.07619047619047617
RDSGD_ORACLE,182,0.8412554112554113,0.8412554112554113,0.00016760848391517385,0.00016760848391517388,0.8412438672438675,0.84004329004329,0.841991341991342,1.4877474400038424,1.6913178484658964,,0.058823529411763845,0.18181818181817358,0.0380952380952381
RDSGD_ORACLE,183,0.8414285714285714,0.8414285714285714,0.00017565160526001821,0.00017565160526001821,0.8413044733044734,0.8400865800865801,0.841991341991342,1.4875313540890407,1.6915552060825225,,0.10294117647058673,0.22727272727271697,0.047619047619047596
RDSGD_ORACLE,184,0.8412987012987013,0.8412987012987013,0.00018632174892985035,0.00018632174892985038,0.8413015873015876,0.8403896103896104,0.8420779220779221,1.487543106966956,1.6895119516883426,,0.17647058823529155,0.13636363636363016,0.02857142857142856
RDSGD_ORACLE,185,0.8414285714285714,0.8414285714285714,0.00017383676135460352,0.00017383676135460352,0.8413564213564213,0.8405627705627705,0.842034632034632,1.4866475841141367,1.6904614150088046,,0.04411764705882289,0.09090909090908679,0.01904761904761905
RDSGD_ORACLE,186,0.8411255411255412,0.8411255411255412,0.00014936808755234814,0.00014936808755234814,0.8412669552669555,0.8402597402597403,0.8421645021645021,1.4907647962105592,1.6911410478229525,,0.16176470588235056,0.27272727272726033,0.057142857142857134
RDSGD_ORACLE,187,0.8412987012987013,0.8412987012987013,0.00014579304406571258,0.00014579304406571263,0.8414372294372294,0.8405627705627705,0.8422077922077922,1.4891372687840763,1.691132441261543,,0.0735294117647048,0.09090909090908679,0.019047619047619056
RDSGD_ORACLE,188,0.8412987012987013,0.8412987012987013,0.00018709135187130324,0.00018709135187130327,0.8414862914862914,0.8404329004329004,0.8421645021645021,1.483996091079145,1.6900822404608926,,0.13235294117646865,0.09090909090908679,0.01904761904761904
RDSGD_ORACLE,189,0.8414285714285714,0.8414285714285714,0.00017498680010503967,0.00017498680010503975,0.8414545454545455,0.8403030303030303,0.8421645021645021,1.484430536066589,1.6905968184076299,,0.0735294117647048,0.045454545454543395,0.009523809523809525
RDSGD_ORACLE,190,0.8416883116883117,0.8416883116883117,0.0001973085597694085,0.00019730855976940852,0.8415266955266956,0.8405194805194806,0.8425108225108225,1.4800601920194438,1.6904567817568896,,0.1470588235294096,0.13636363636363016,0.028571428571428567
RDSGD_ORACLE,191,0.8416883116883117,0.8416883116883117,0.0001886151886344971,0.00018861518863449715,0.8415873015873016,0.8406926406926407,0.8424242424242424,1.482291320950712,1.6897532114048321,,0.11764705882352769,0.13636363636363016,0.028571428571428553
RDSGD_ORACLE,192,0.8417748917748917,0.8417748917748917,0.00017154543330270483,0.00017154543330270489,0.8416767676767676,0.8406060606060606,0.8425974025974026,1.4870294384708087,1.6897004220865177,,0.10294117647058673,0.18181818181817358,0.03809523809523808
RDSGD_ORACLE,193,0.841991341991342,0.841991341991342,0.00018659068038042695,0.00018659068038042698,0.8417113997113999,0.8408658008658009,0.8425974025974026,1.486392011659337,1.690141218332501,,0.11764705882352769,0.09090909090908679,0.019047619047619046
RDSGD_ORACLE,194,0.8418614718614719,0.8418614718614719,0.0001782768339027669,0.00017827683390276693,0.8415497835497835,0.8405194805194806,0.8422077922077922,1.4857726837037823,1.6907718949458843,,0.11764705882352769,0.22727272727271697,0.047619047619047596
RDSGD_ORACLE,195,0.8417316017316018,0.8417316017316018,0.00021532627461291428,0.0002153262746129143,0.8416681096681096,0.8404329004329004,0.8424242424242424,1.4767323821953966,1.6907874922743393,,0.1470588235294096,0.045454545454543395,0.009523809523809525
RDSGD_ORACLE,196,0.8419047619047619,0.8419047619047619,0.00021319433411957033,0.00021319433411957033,0.8418152958152959,0.8403896103896104,0.8428138528138528,1.4787873266805251,1.690208287998766,,0.08823529411764577,0.045454545454543395,0.009523809523809516
RDSGD_ORACLE,197,0.841991341991342,0.841991341991342,0.00020742533298294895,0.00020742533298294898,0.8418210678210679,0.8404761904761905,0.8431601731601731,1.4801987768241458,1.6895865575701399,,0.08823529411764577,0.13636363636363016,0.028571428571428546
RDSGD_ORACLE,198,0.841991341991342,0.841991341991342,0.00017026710423965753,0.00017026710423965756,0.8418239538239537,0.8402597402597403,0.842943722943723,1.4862801834537356,1.6894671825372236,,0.0735294117647048,0.27272727272726033,0.05714285714285715
RDSGD_ORACLE,199,0.8417748917748917,0.8417748917748917,0.00014082059364391614,0.0001408205936439162,0.8418354978354977,0.8406926406926407,0.8428138528138528,1.486055405582833,1.6909637677295373,,0.058823529411763845,0.27272727272726033,0.05714285714285711
IOS,0,0.7364935064935065,0.7364935064935065,0.02893014049493429,0.02893014049493429,0.573015873015873,0.19090909090909092,0.705021645021645,2.1078283191252924,2.2897985358260087,,,,
IOS,1,0.7748917748917749,0.7748917748917749,0.04245361490510499,0.042453614905105,0.6679855699855699,0.2888311688311688,0.7772727272727272,1.9747567137675952,2.250478416543869,,,,
IOS,2,0.7876190476190477,0.7876190476190477,0.04897801927596389,0.04897801927596391,0.7141010101010102,0.4046753246753247,0.8035497835497836,1.9044225708925135,2.1890231240445974,,,,
IOS,3,0.7923809523809524,0.7923809523809524,0.05103409796178151,0.05103409796178151,0.7447936507936507,0.5163203463203463,0.8102597402597402,1.8441838680798621,2.1759897434650712,,,,
IOS,4,0.802034632034632,0.802034632034632,0.04952272617523837,0.04952272617523837,0.7655238095238095,0.5856709956709957,0.818051948051948,1.8129408642322207,2.1303622142547662,,,,
IOS,5,0.8043290043290043,0.8043290043290043,0.04461930151029531,0.04461930151029532,0.7799451659451658,0.6506060606060606,0.8203896103896103,1.7744379916914799,2.0739308373748178,,,,
IOS,6,0.8055844155844156,0.8055844155844156,0.04488316890033852,0.04488316890033853,0.7846522366522366,0.6879220779220779,0.8235064935064935,1.7246281656627096,2.0160688039485564,,,,
IOS,7,0.807012987012987,0.807012987012987,0.04054791178589014,0.04054791178589014,0.7899595959595961,0.7200865800865801,0.8206493506493506,1.6933100230854818,1.9770247687577263,,,,
IOS,8,0.8053679653679654,0.8053679653679654,0.03632966694149476,0.03632966694149476,0.793004329004329,0.7271428571428571,0.8250649350649351,1.6834916463699177,1.9382362006785974,,,,
IOS,9,0.8083116883116883,0.8083116883116883,0.03388422299831412,0.03388422299831412,0.7955699855699855,0.7351515151515151,0.8254978354978355,1.6660614566889411,1.906116427137233,,,,
IOS,10,0.8071428571428572,0.8071428571428572,0.030389432378282004,0.030389432378282007,0.7963578643578644,0.7421212121212121,0.8237229437229437,1.646694594006312,1.8524037197000591,,,,
IOS,11,0.8076623376623376,0.8076623376623376,0.02727239267326837,0.027272392673268378,0.7985743145743146,0.7448917748917749,0.8245454545454546,1.636514244913031,1.8255430727006612,,,,
IOS,12,0.8091341991341992,0.8091341991341992,0.024339930769485752,0.024339930769485756,0.8017489177489178,0.7524242424242424,0.8253679653679654,1.6222151530359374,1.8003869041896365,,,,
IOS,13,0.81004329004329,0.81004329004329,0.02203263263897027,0.022032632638970265,0.803047619047619,0.7595238095238095,0.8253679653679654,1.6124867809522927,1.792357081808223,,,,
IOS,14,0.8092207792207792,0.8092207792207792,0.02043388638643523,0.020433886386435236,0.8035757575757575,0.7580519480519481,0.8265800865800865,1.6015237371862066,1.7884692576887689,,,,
IOS,15,0.8094805194805195,0.8094805194805195,0.01781348124982051,0.017813481249820507,0.8048513708513708,0.763982683982684,0.826060606060606,1.5935096647333553,1.7839620950736461,,,,
IOS,16,0.8102597402597402,0.8102597402597402,0.01634024523910435,0.016340245239104354,0.806060606060606,0.767965367965368,0.8253246753246753,1.5855882943660984,1.77819193301207,,,,
IOS,17,0.8123376623376624,0.8123376623376624,0.014582683308412255,0.014582683308412255,0.8083520923520923,0.7716883116883116,0.826060606060606,1.5796619306253856,1.7712934789914014,,,,
IOS,18,0.8125974025974027,0.8125974025974027,0.013277426406766133,0.013277426406766137,0.8085714285714285,0.7766666666666666,0.8263636363636364,1.5722546156213357,1.7647825638345829,,,,
IOS,19,0.8127705627705628,0.8127705627705628,0.01204860023871698,0.012048600238716976,0.8092092352092352,0.7778787878787878,0.8258874458874459,1.568322824522367,1.7557581092266414,,,,
IOS,20,0.8138528138528138,0.8138528138528138,0.011002991853245462,0.011002991853245464,0.8107272727272726,0.782987012987013,0.8251515151515152,1.563780726930718,1.7524523236318164,,,,
IOS,21,0.8138095238095238,0.8138095238095238,0.010099058925704457,0.010099058925704459,0.8115584415584415,0.7861471861471861,0.8264069264069264,1.5591047418646844,1.745021647212315,,,,
IOS,22,0.8144588744588744,0.8144588744588744,0.009128023312161514,0.009128023312161514,0.8115728715728715,0.7885281385281385,0.8255411255411256,1.556065226722322,1.741556366742222,,,,
IOS,23,0.8138528138528138,0.8138528138528138,0.008484334498318265,0.008484334498318263,0.8117085137085137,0.788008658008658,0.8255844155844155,1.551456467184289,1.7403878034989473,,,,
IOS,24,0.8143722943722944,0.8143722943722944,0.007874541135449257,0.007874541135449257,0.8123722943722943,0.791038961038961,0.8253679653679654,1.5492210055483975,1.7382178675491735,,,,
IOS,25,0.8154112554112554,0.8154112554112554,0.007527557797879355,0.007527557797879355,0.8133621933621933,0.7933333333333333,0.8257142857142857,1.5444276827147334,1.7363785602921729,,,,
IOS,26,0.8158441558441558,0.8158441558441558,0.007084154384856185,0.007084154384856186,0.8137575757575757,0.7941991341991342,0.8253679653679654,1.5407056064388394,1.7341177984065814,,,,
IOS,27,0.8158874458874459,0.8158874458874459,0.00647458412719159,0.006474584127191591,0.8133131313131313,0.7951515151515152,0.8246320346320346,1.5394486094117392,1.7324756771068832,,,,
IOS,28,0.8158008658008657,0.8158008658008657,0.005972348061879891,0.00597234806187989,0.8136479076479078,0.796060606060606,0.8248484848484848,1.5382055406652704,1.7319822965622684,,,,
IOS,29,0.8157575757575758,0.8157575757575758,0.005583558593199552,0.005583558593199552,0.8133881673881674,0.7971861471861472,0.8246320346320346,1.5354820916165517,1.7339114372684732,,,,
IOS,30,0.8148917748917749,0.8148917748917749,0.005361575439538114,0.005361575439538114,0.8130216450216452,0.7987445887445888,0.8214718614718615,1.5326681303870047,1.7343677995377922,,,,
IOS,31,0.8136796536796537,0.8136796536796537,0.0051209251238540365,0.0051209251238540365,0.8122020202020203,0.7996103896103897,0.8193939393939393,1.5291597528433114,1.7346956700443912,,,,
IOS,32,0.8134632034632034,0.8134632034632034,0.005024294315003159,0.00502429431500316,0.8126320346320347,0.8005194805194805,0.8196103896103896,1.5265419010018764,1.7345714970118031,,,,
IOS,33,0.8136363636363636,0.8136363636363636,0.004777931057539725,0.004777931057539726,0.8128138528138529,0.7995238095238095,0.8196536796536796,1.5247586692007395,1.7326816104637133,,,,
IOS,34,0.813030303030303,0.813030303030303,0.0044831786344824084,0.004483178634482409,0.8119682539682539,0.7994805194805195,0.8192640692640693,1.5242949002779105,1.73318214485634,,,,
IOS,35,0.811948051948052,0.811948051948052,0.0041841133931714665,0.004184113393171467,0.8108571428571428,0.8006926406926407,0.8186147186147186,1.5215156239558878,1.7439182696040914,,,,
IOS,36,0.8113852813852814,0.8113852813852814,0.004006720895642134,0.0040067208956421334,0.8097575757575758,0.7997402597402598,0.8177489177489178,1.5207269480041536,1.7441792617100866,,,,
IOS,37,0.8095670995670996,0.8095670995670996,0.0036833447866896876,0.003683344786689687,0.8082020202020203,0.798961038961039,0.8177922077922077,1.5188429174087723,1.7494658780503471,,,,
IOS,38,0.8083116883116883,0.8083116883116883,0.0032747062238910217,0.0032747062238910217,0.8071659451659451,0.8004329004329004,0.8161471861471862,1.5160196484113637,1.7500998085574886,,,,
IOS,39,0.8066666666666666,0.8066666666666666,0.003071807055327763,0.0030718070553277634,0.8057604617604619,0.79995670995671,0.8144588744588744,1.513033161564303,1.7516162031083455,,,,
IOS,40,0.8068398268398268,0.8068398268398268,0.002754101175571817,0.0027541011755718176,0.8058181818181818,0.7985281385281385,0.814025974025974,1.5108850117885788,1.746330270481635,,,,
IOS,41,0.8061471861471862,0.8061471861471862,0.002503866775136596,0.0025038667751365964,0.805186147186147,0.7980086580086581,0.8135497835497836,1.5102659557166471,1.7457939709775014,,,,
IOS,42,0.8054112554112555,0.8054112554112555,0.002281489623734214,0.0022814896237342147,0.8049956709956712,0.7978787878787879,0.810952380952381,1.5087260427278297,1.7447079375856813,,,,
IOS,43,0.8056277056277056,0.8056277056277056,0.002223935736741479,0.0022239357367414793,0.8051861471861472,0.7985714285714286,0.8113419913419914,1.507742885919491,1.7439317829852299,,,,
IOS,44,0.8045887445887446,0.8045887445887446,0.0021733404525141804,0.002173340452514181,0.804213564213564,0.796969696969697,0.8093073593073593,1.5063466185873318,1.7454273081250151,,,,
IOS,45,0.8041558441558442,0.8041558441558442,0.002126319066983727,0.0021263190669837265,0.8037056277056277,0.7971861471861472,0.8086147186147186,1.5041195960696934,1.7499323876578963,,,,
IOS,46,0.803030303030303,0.803030303030303,0.0020713636935611127,0.002071363693561113,0.803024531024531,0.7973160173160173,0.8086147186147186,1.5027327542238456,1.7554282458497377,,,,
IOS,47,0.8026406926406926,0.8026406926406926,0.0020681356942487228,0.0020681356942487236,0.8024733044733044,0.7970995670995671,0.8070995670995671,1.501096074222171,1.7542688410262095,,,,
IOS,48,0.8020779220779221,0.8020779220779221,0.002011863625428625,0.002011863625428625,0.801867243867244,0.7966233766233767,0.8066233766233766,1.500803956294208,1.7544887784350593,,,,
IOS,49,0.8015584415584416,0.8015584415584416,0.0021079345889806916,0.002107934588980691,0.8013593073593074,0.7957142857142857,0.8055844155844156,1.498935721430028,1.7550673764298423,,,,
IOS,50,0.8010822510822511,0.8010822510822511,0.0019363955050070115,0.0019363955050070124,0.8007474747474748,0.7947186147186147,0.8063203463203463,1.4977000076297386,1.757257696219599,,,,
IOS,51,0.8005194805194805,0.8005194805194805,0.001897694596865467,0.0018976945968654675,0.8,0.7933333333333333,0.8053246753246753,1.4955869091889835,1.757520915123713,,,,
IOS,52,0.8001298701298701,0.8001298701298701,0.00180181939609795,0.0018018193960979505,0.7996681096681096,0.7930303030303031,0.8044588744588744,1.4958504422241143,1.7577905545009218,,,,
IOS,53,0.7994805194805195,0.7994805194805195,0.0018446700136606126,0.0018446700136606129,0.799038961038961,0.7928138528138529,0.8037662337662338,1.494960983118434,1.7576164039486082,,,,
IOS,54,0.799047619047619,0.799047619047619,0.0018947873693137248,0.001894787369313725,0.7983838383838385,0.7925541125541126,0.8036796536796537,1.4942468776575497,1.7583829415026815,,,,
IOS,55,0.7983549783549784,0.7983549783549784,0.0019736478394845832,0.0019736478394845832,0.7981385281385283,0.792034632034632,0.8043722943722944,1.4947357202266158,1.7571028351059632,,,,
IOS,56,0.7972727272727272,0.7972727272727272,0.0020537719276111904,0.002053771927611191,0.7971399711399713,0.7913419913419913,0.8032900432900433,1.4940220992088133,1.7577755640065895,,,,
IOS,57,0.7969264069264069,0.7969264069264069,0.00204262440965272,0.0020426244096527196,0.7965829725829727,0.7909090909090909,0.8027272727272727,1.4925846600631159,1.7583533675338345,,,,
IOS,58,0.7965800865800866,0.7965800865800866,0.0021367136748536458,0.002136713674853646,0.7959711399711399,0.7905627705627706,0.8016883116883117,1.4923082759125943,1.7581641878259977,,,,
IOS,59,0.7957142857142857,0.7957142857142857,0.002207325385934518,0.0022073253859345183,0.7955036075036073,0.79,0.8008225108225108,1.490706804715103,1.758940302953745,,,,
IOS,60,0.7954978354978355,0.7954978354978355,0.002205721854551588,0.002205721854551588,0.7947532467532468,0.7882683982683982,0.8006493506493506,1.4901941035193749,1.7597195703855728,,,,
IOS,61,0.7949350649350649,0.7949350649350649,0.0023002556763975406,0.0023002556763975406,0.7943896103896103,0.788008658008658,0.8007359307359307,1.4893725032896619,1.7603352726529637,,,,
IOS,62,0.793939393939394,0.793939393939394,0.002350445930940025,0.0023504459309400256,0.793873015873016,0.7881385281385281,0.7996969696969697,1.4884481532028153,1.7609032073920636,,,,
IOS,63,0.793982683982684,0.793982683982684,0.0024205104424510015,0.0024205104424510028,0.7935324675324674,0.7877922077922078,0.8001298701298701,1.489013582749325,1.761534785413254,,,,
IOS,64,0.7935930735930736,0.7935930735930736,0.0025189638135145027,0.0025189638135145027,0.7930707070707073,0.7865800865800866,0.8003463203463204,1.4898548738214052,1.7617732857132482,,,,
IOS,65,0.7935497835497836,0.7935497835497836,0.002520046131530779,0.00252004613153078,0.7928080808080809,0.7864502164502164,0.7998701298701298,1.4894000260754396,1.76212109408754,,,,
IOS,66,0.7931168831168831,0.7931168831168831,0.0025651373642288297,0.00256513736422883,0.7922510822510822,0.7862770562770562,0.7988311688311688,1.4888805379304535,1.7621374129249812,,,,
IOS,67,0.7931168831168831,0.7931168831168831,0.0026238883588131294,0.0026238883588131303,0.7921356421356422,0.7863203463203463,0.7988311688311688,1.4883096915195266,1.763505965586984,,,,
IOS,68,0.7930303030303031,0.7930303030303031,0.0026217894883128947,0.002621789488312895,0.7918210678210678,0.7866233766233767,0.7983116883116883,1.4875284662415076,1.7638515049669148,,,,
IOS,69,0.7932900432900433,0.7932900432900433,0.002658730195426839,0.002658730195426839,0.7918124098124099,0.7859307359307359,0.7982683982683982,1.4875952005567648,1.763263695501428,,,,
IOS,70,0.7922510822510822,0.7922510822510822,0.0025690966083372164,0.0025690966083372164,0.7913189033189032,0.785974025974026,0.7975757575757576,1.4870926908984408,1.765492237868234,,,,
IOS,71,0.7921212121212121,0.7921212121212121,0.0026288749484151344,0.0026288749484151357,0.7912467532467532,0.7852380952380953,0.7975324675324675,1.4866925508492774,1.7643390712171407,,,,
IOS,72,0.7918614718614718,0.7918614718614718,0.002713584909984257,0.0027135849099842574,0.790984126984127,0.7853246753246753,0.7973160173160173,1.4855246770603874,1.7649391060180146,,,,
IOS,73,0.7917748917748918,0.7917748917748918,0.002647599789736897,0.002647599789736898,0.7905454545454546,0.7849350649350649,0.797056277056277,1.484944849220622,1.7659951476701636,,,,
IOS,74,0.7917748917748918,0.7917748917748918,0.0026208357330183233,0.0026208357330183233,0.7904877344877345,0.7846320346320347,0.7968831168831169,1.4841271017220647,1.7658990519205506,,,,
IOS,75,0.7915151515151515,0.7915151515151515,0.002616834392420153,0.002616834392420153,0.7904386724386725,0.7842857142857143,0.7964935064935065,1.4834417762495926,1.7668560750319116,,,,
IOS,76,0.7911688311688312,0.7911688311688312,0.002528963614569386,0.0025289636145693867,0.7901587301587302,0.7838961038961039,0.795974025974026,1.4831457613448247,1.7672892648914857,,,,
IOS,77,0.7905627705627706,0.7905627705627706,0.002482222448362774,0.002482222448362774,0.789979797979798,0.7841558441558442,0.7959307359307359,1.4822626399335421,1.7683753854843707,,,,
IOS,78,0.7900865800865801,0.7900865800865801,0.0025240073198062696,0.00252400731980627,0.7897864357864357,0.7838528138528138,0.7959307359307359,1.4820601912877378,1.768700519294177,,,,
IOS,79,0.7894372294372294,0.7894372294372294,0.00244017341878908,0.0024401734187890806,0.7893102453102454,0.7839393939393939,0.7954112554112555,1.4810715418825748,1.7690797277474155,,,,
IOS,80,0.7895670995670996,0.7895670995670996,0.0023646254425868348,0.002364625442586835,0.7890245310245309,0.7835064935064935,0.7952813852813853,1.4812689131601193,1.7689199285444661,,,,
IOS,81,0.789004329004329,0.789004329004329,0.0024363892310982154,0.002436389231098216,0.788825396825397,0.7831168831168831,0.7954112554112555,1.4802978486758267,1.7692294764368013,,,,
IOS,82,0.7888744588744588,0.7888744588744588,0.0024722137245169703,0.0024722137245169716,0.7886464646464646,0.7827705627705628,0.7950216450216451,1.480185500752113,1.770579645012547,,,,
IOS,83,0.7887012987012987,0.7887012987012987,0.0024367825787213865,0.0024367825787213865,0.7887186147186148,0.7827272727272727,0.7951515151515152,1.479513252212512,1.7704672543473359,,,,
IOS,84,0.7884848484848485,0.7884848484848485,0.0023780279000893403,0.002378027900089341,0.7882886002886004,0.7818614718614718,0.7948051948051948,1.4793394090851157,1.7706522394386803,,,,
IOS,85,0.7883116883116883,0.7883116883116883,0.0023934807465588585,0.0023934807465588594,0.7883463203463204,0.7827705627705628,0.7945021645021645,1.478547331944812,1.7710423712734602,,,,
IOS,86,0.7881818181818182,0.7881818181818182,0.002338549972503946,0.0023385499725039464,0.7882251082251082,0.782987012987013,0.7945021645021645,1.4780643910513263,1.7711182807471015,,,,
IOS,87,0.7881818181818182,0.7881818181818182,0.0022870310914571037,0.0022870310914571046,0.7878672438672438,0.7821212121212121,0.794069264069264,1.4778338912877405,1.7713423500414596,,,,
IOS,88,0.7877489177489178,0.7877489177489178,0.0022676299316606364,0.002267629931660637,0.7875180375180374,0.7817748917748918,0.7937662337662338,1.4770412789584206,1.7712147339542974,,,,
IOS,89,0.7875324675324675,0.7875324675324675,0.0022089033029044198,0.0022089033029044206,0.787148629148629,0.7818181818181819,0.7933333333333333,1.4766930275881711,1.7709211504972546,,,,
IOS,90,0.7867965367965368,0.7867965367965368,0.002136047109098313,0.002136047109098313,0.7868427128427129,0.7816883116883117,0.7927705627705628,1.4760202547979875,1.7725953555757377,,,,
IOS,91,0.7864935064935065,0.7864935064935065,0.0020528303638394745,0.002052830363839475,0.7864502164502165,0.7812987012987013,0.7922943722943723,1.4756922568927309,1.7724903028442014,,,,
IOS,92,0.786060606060606,0.786060606060606,0.0020149272433121444,0.002014927243312145,0.7863751803751804,0.7812987012987013,0.792077922077922,1.4749850684237986,1.7728255250353795,,,,
IOS,93,0.7862770562770562,0.7862770562770562,0.0019533268446986184,0.001953326844698619,0.7862337662337662,0.7814718614718614,0.7916883116883117,1.475298058092878,1.7730853944122105,,,,
IOS,94,0.7861471861471861,0.7861471861471861,0.0019312245510552557,0.0019312245510552562,0.7861240981240981,0.7816883116883117,0.7917316017316017,1.474617408521359,1.7721265297401039,,,,
IOS,95,0.7861471861471861,0.7861471861471861,0.0018782722742438102,0.0018782722742438104,0.7861154401154401,0.7817316017316017,0.7917748917748918,1.4742232980935324,1.7730476007788234,,,,
IOS,96,0.7859307359307359,0.7859307359307359,0.0018557693857789983,0.0018557693857789988,0.7858903318903319,0.7807359307359307,0.7917748917748918,1.473557378781994,1.773210713506641,,,,
IOS,97,0.7854978354978355,0.7854978354978355,0.001809528238995764,0.0018095282389957645,0.7857662337662338,0.7807792207792208,0.7916017316017316,1.4730902236008232,1.7732621217010722,,,,
IOS,98,0.7852813852813852,0.7852813852813852,0.0017405045563764782,0.0017405045563764787,0.7856623376623376,0.7808225108225109,0.7913419913419913,1.4737136244604216,1.7741524949013954,,,,
IOS,99,0.7848484848484848,0.7848484848484848,0.0016320072188672522,0.001632007218867253,0.7853997113997114,0.7805627705627706,0.7916450216450216,1.4729123691784296,1.7748757987467456,,,,
IOS,100,0.7848484848484848,0.7848484848484848,0.0016009862027891162,0.0016009862027891167,0.7851572871572869,0.7801298701298701,0.7913419913419913,1.4727412858936262,1.7744714871099834,,,,
IOS,101,0.7846320346320347,0.7846320346320347,0.001570038422957872,0.0015700384229578722,0.7852467532467533,0.7806493506493507,0.7906493506493506,1.4726758645293727,1.7751837913423465,,,,
IOS,102,0.7844588744588744,0.7844588744588744,0.0015806037680646658,0.001580603768064666,0.785033189033189,0.7806926406926407,0.7907792207792208,1.471988697420487,1.7756913941768064,,,,
IOS,103,0.7845021645021645,0.7845021645021645,0.0016047169978881564,0.0016047169978881566,0.7847878787878788,0.7806060606060606,0.790952380952381,1.4705725875219784,1.77566431317624,,,,
IOS,104,0.7841991341991342,0.7841991341991342,0.0015507288473308955,0.0015507288473308961,0.7844646464646466,0.78008658008658,0.7901731601731602,1.4706367974927432,1.7756810694004468,,,,
IOS,105,0.784069264069264,0.784069264069264,0.0015386018001127108,0.001538601800112711,0.7841154401154401,0.7795670995670996,0.7896103896103897,1.470291436966875,1.77586525481409,,,,
IOS,106,0.784069264069264,0.784069264069264,0.0015228729613377158,0.0015228729613377156,0.7841760461760462,0.7795238095238095,0.7902164502164503,1.4698414306199632,1.7763225997745737,,,,
IOS,107,0.7841991341991342,0.7841991341991342,0.0015250112459967147,0.001525011245996715,0.7839451659451658,0.7792640692640692,0.7893073593073593,1.4696531190458764,1.7764480064332953,,,,
IOS,108,0.7836363636363637,0.7836363636363637,0.0014492444521799538,0.0014492444521799542,0.7835468975468977,0.7789177489177489,0.7887445887445887,1.4691228539509595,1.7773645326795828,,,,
IOS,109,0.7837229437229437,0.7837229437229437,0.001402796483773898,0.0014027964837738983,0.7836594516594517,0.7793939393939394,0.7883116883116883,1.4696673812740397,1.7778471202961499,,,,
IOS,110,0.7835064935064935,0.7835064935064935,0.001425088669079381,0.0014250886690793817,0.7836219336219336,0.7791341991341991,0.7885714285714286,1.4692138768016105,1.7774151951334964,,,,
IOS,111,0.7835064935064935,0.7835064935064935,0.001411082487944623,0.0014110824879446234,0.7836479076479076,0.7793506493506493,0.7884415584415584,1.4686813021997949,1.7777345558883497,,,,
IOS,112,0.7837662337662338,0.7837662337662338,0.0014056621859156629,0.0014056621859156633,0.7836940836940837,0.7798701298701298,0.7884848484848485,1.4687665791135402,1.777889057984939,,,,
IOS,113,0.7838528138528138,0.7838528138528138,0.001383339229025201,0.0013833392290252015,0.7836940836940838,0.7802597402597402,0.7879220779220779,1.4685156999767761,1.7786101478137368,,,,
IOS,114,0.7840259740259741,0.7840259740259741,0.0013463762561628963,0.0013463762561628965,0.7834083694083696,0.78008658008658,0.7879220779220779,1.4681638822086398,1.7787287291075486,,,,
IOS,115,0.7841125541125541,0.7841125541125541,0.0012819950026503719,0.0012819950026503723,0.7833737373737374,0.7795670995670996,0.7876190476190477,1.468568611402647,1.77842459133936,,,,
IOS,116,0.783982683982684,0.783982683982684,0.0012443324278228341,0.0012443324278228348,0.7832554112554112,0.7796969696969697,0.7874458874458874,1.4685549848541202,1.7784925835042382,,,,
IOS,117,0.7839393939393939,0.7839393939393939,0.0012418455356879435,0.001241845535687944,0.7834343434343435,0.77995670995671,0.7873160173160173,1.468909734163313,1.7783665437117087,,,,
IOS,118,0.7836796536796536,0.7836796536796536,0.0012433167928780934,0.0012433167928780939,0.7834314574314575,0.7801298701298701,0.7874025974025974,1.4685772599676263,1.7789551783924815,,,,
IOS,119,0.7835930735930736,0.7835930735930736,0.0012165142330674678,0.001216514233067468,0.7833506493506494,0.7792640692640692,0.7871428571428571,1.468162799813502,1.7784298148241278,,,,
IOS,120,0.7837662337662338,0.7837662337662338,0.0011968306303433887,0.0011968306303433889,0.7832958152958154,0.7794372294372295,0.7876190476190477,1.4680091432578972,1.7789618184706135,,,,
IOS,121,0.7834632034632034,0.7834632034632034,0.0011919949498031548,0.001191994949803155,0.7832698412698413,0.7795670995670996,0.7879220779220779,1.4679971029102,1.7784377564455676,,,,
IOS,122,0.782987012987013,0.782987012987013,0.0011778146121181226,0.0011778146121181226,0.7829639249639251,0.7791341991341991,0.7874891774891775,1.467721503154129,1.779334766173018,,,,
IOS,123,0.7830303030303031,0.7830303030303031,0.0011497885373581485,0.0011497885373581485,0.7827445887445886,0.7789177489177489,0.7866233766233767,1.4676636284900946,1.7800285328718202,,,,
IOS,124,0.7829437229437229,0.7829437229437229,0.0011235787022293943,0.0011235787022293943,0.7826204906204908,0.779004329004329,0.7869264069264069,1.467420484887252,1.7802621980549658,,,,
IOS,125,0.7826839826839826,0.7826839826839826,0.001106365150135423,0.001106365150135423,0.7825339105339105,0.7790476190476191,0.7864935064935065,1.467129852518982,1.7799225875267035,,,,
IOS,126,0.7823809523809524,0.7823809523809524,0.001079964396993699,0.001079964396993699,0.7822972582972583,0.7788744588744588,0.785974025974026,1.466731414463039,1.7804635368535824,,,,
IOS,127,0.7823809523809524,0.7823809523809524,0.0010335615947496396,0.0010335615947496396,0.7821558441558444,0.778961038961039,0.7858008658008658,1.4667024663574724,1.7808084304011387,,,,
IOS,128,0.7823809523809524,0.7823809523809524,0.0010145920228310978,0.001014592022831098,0.7821673881673884,0.779004329004329,0.785974025974026,1.4665941628678894,1.7812073729629792,,,,
IOS,129,0.7823376623376623,0.7823376623376623,0.0010058497179924097,0.0010058497179924102,0.7819711399711399,0.7786147186147186,0.7862337662337663,1.466217891394619,1.7817142501047247,,,,
IOS,130,0.781948051948052,0.781948051948052,0.000981609650949497,0.0009816096509494973,0.7820115440115439,0.7787012987012987,0.7863636363636364,1.4660616631065646,1.781535627042732,,,,
IOS,131,0.7818181818181819,0.7818181818181819,0.0009290321236081743,0.0009290321236081743,0.7817518037518039,0.7787445887445887,0.7852380952380953,1.4658584746216192,1.7822703943784628,,,,
IOS,132,0.7816883116883117,0.7816883116883117,0.0009380664314254325,0.0009380664314254324,0.7815180375180374,0.7781385281385281,0.7854978354978355,1.4659010534162558,1.782293271679324,,,,
IOS,133,0.7815584415584416,0.7815584415584416,0.000931538998305442,0.0009315389983054422,0.7815844155844156,0.7787878787878788,0.7852380952380953,1.465703500292131,1.782503343132553,,,,
IOS,134,0.780952380952381,0.780952380952381,0.0009322279448802864,0.0009322279448802865,0.7812467532467532,0.7778787878787878,0.7848051948051948,1.4653728715286916,1.7834938579082378,,,,
IOS,135,0.7811255411255411,0.7811255411255411,0.0008901051992577132,0.0008901051992577134,0.7811053391053392,0.7776190476190477,0.7844155844155845,1.4654246134792255,1.7836226406733364,,,,
IOS,136,0.7806926406926407,0.7806926406926407,0.0008920111066167908,0.0008920111066167909,0.7809062049062049,0.7777489177489177,0.7844588744588744,1.4649405108457692,1.7838191521160316,,,,
IOS,137,0.780995670995671,0.780995670995671,0.0009094114093907649,0.000909411409390765,0.780966810966811,0.7780519480519481,0.7842857142857143,1.4648937224378709,1.7838353563363416,,,,
IOS,138,0.7806926406926407,0.7806926406926407,0.0009021019319225759,0.0009021019319225761,0.7808340548340549,0.7774891774891775,0.7844155844155845,1.4648371668486428,1.7837338174489663,,,,
IOS,139,0.7806926406926407,0.7806926406926407,0.0009025278131847884,0.0009025278131847885,0.7807705627705628,0.7782251082251083,0.7840259740259741,1.4642018669286376,1.78386513024387,,,,
IOS,140,0.7806926406926407,0.7806926406926407,0.000904876038510414,0.0009048760385104141,0.7807012987012988,0.7778354978354979,0.7838961038961039,1.4641917708570737,1.783637896925668,,,,
IOS,141,0.7803030303030303,0.7803030303030303,0.0008849215247793541,0.0008849215247793545,0.7805310245310245,0.7774025974025974,0.7837662337662338,1.4638172404898846,1.7839310537267217,,,,
IOS,142,0.7801731601731602,0.7801731601731602,0.0008545759941621086,0.0008545759941621086,0.7803203463203465,0.7771861471861472,0.7835930735930736,1.463870564467925,1.7841313502282579,,,,
IOS,143,0.7802164502164503,0.7802164502164503,0.0008341330302460699,0.0008341330302460699,0.7803722943722945,0.7776190476190477,0.7838961038961039,1.4635060940829012,1.7843153660239406,,,,
IOS,144,0.78,0.78,0.0008194993002694709,0.000819499300269471,0.7802135642135641,0.777012987012987,0.7840259740259741,1.4636931289467274,1.7846595228409439,,,,
IOS,145,0.7799134199134199,0.7799134199134199,0.0008180115181282507,0.0008180115181282508,0.780089466089466,0.7772727272727272,0.7833333333333333,1.463738868996932,1.7844429306982414,,,,
IOS,146,0.78,0.78,0.0008002940620138101,0.0008002940620138102,0.7799134199134199,0.7768398268398269,0.7832034632034632,1.4635786170366125,1.7846179873078245,,,,
IOS,147,0.7799134199134199,0.7799134199134199,0.0007665697099887517,0.000766569709988752,0.7798095238095238,0.7765800865800866,0.7827705627705628,1.4635970534526206,1.7851578651688236,,,,
IOS,148,0.7799134199134199,0.7799134199134199,0.000758604774082753,0.0007586047740827534,0.7798095238095237,0.777012987012987,0.7829437229437229,1.4636028528606975,1.7853056702311363,,,,
IOS,149,0.7801731601731602,0.7801731601731602,0.0007593073749489386,0.0007593073749489387,0.7799711399711401,0.7771861471861472,0.7831601731601732,1.4635282797182205,1.7854854470881745,,,,
IOS,150,0.7801298701298701,0.7801298701298701,0.0007387682276290988,0.0007387682276290989,0.779988455988456,0.7777056277056277,0.7829004329004329,1.4630830505101833,1.785431662891725,,,,
IOS,151,0.7800432900432901,0.7800432900432901,0.0007167774738827453,0.0007167774738827455,0.7798932178932179,0.7774458874458875,0.7828138528138529,1.4632854779483508,1.7856987497829722,,,,
IOS,152,0.7801731601731602,0.7801731601731602,0.0007144091496699926,0.0007144091496699928,0.7798701298701298,0.7774458874458875,0.783073593073593,1.4633398173707972,1.7851731663617647,,,,
IOS,153,0.7797835497835498,0.7797835497835498,0.0006897541208878877,0.0006897541208878878,0.7796277056277056,0.7770995670995671,0.7828571428571428,1.4628109793039052,1.7854911870277956,,,,
IOS,154,0.7799134199134199,0.7799134199134199,0.0006731730138172199,0.0006731730138172202,0.7795353535353535,0.7768831168831168,0.7829437229437229,1.4626435693530322,1.7855588582490494,,,,
IOS,155,0.7797402597402597,0.7797402597402597,0.0006488925780383631,0.0006488925780383632,0.7794632034632035,0.7768398268398269,0.7825541125541126,1.4624455839205304,1.785752336532353,,,,
IOS,156,0.7796536796536796,0.7796536796536796,0.0006461038135601784,0.0006461038135601784,0.7792236652236652,0.7768398268398269,0.7825974025974026,1.4621547174515301,1.7862974335441186,,,,
IOS,157,0.7794805194805194,0.7794805194805194,0.0006295086148657545,0.0006295086148657546,0.779096681096681,0.7766233766233767,0.7824675324675324,1.461969252809236,1.7863334240061162,,,,
IOS,158,0.7796103896103896,0.7796103896103896,0.0006350418200095396,0.0006350418200095396,0.7791284271284272,0.7764069264069264,0.7825974025974026,1.4619672273358915,1.7865686551194844,,,,
IOS,159,0.7793073593073593,0.7793073593073593,0.0006372448734993807,0.0006372448734993808,0.7790909090909092,0.7765367965367965,0.7828138528138529,1.461788570344288,1.7868222123158515,,,,
IOS,160,0.7790909090909091,0.7790909090909091,0.0006223181115775217,0.0006223181115775217,0.7789783549783549,0.7763203463203463,0.7828138528138529,1.4618227834276187,1.7867293363201662,,,,
IOS,161,0.7792207792207793,0.7792207792207793,0.0006214327802479137,0.0006214327802479137,0.7789090909090911,0.7762770562770562,0.7823376623376623,1.461574940040897,1.78730423322519,,,,
IOS,162,0.7790909090909091,0.7790909090909091,0.0006013352464520318,0.0006013352464520318,0.778998556998557,0.7767532467532468,0.7825108225108225,1.461643990546868,1.7874354057185333,,,,
IOS,163,0.7792207792207793,0.7792207792207793,0.00061658033667807,0.0006165803366780702,0.7788917748917751,0.775974025974026,0.7822510822510822,1.4612051332229252,1.7872063104131615,,,,
IOS,164,0.778961038961039,0.778961038961039,0.0006151765073076543,0.0006151765073076544,0.7788398268398269,0.7757575757575758,0.781991341991342,1.461279416835022,1.7874295309043342,,,,
IOS,165,0.7788744588744588,0.7788744588744588,0.000606200932341106,0.0006062009323411061,0.7787878787878789,0.775974025974026,0.7820346320346321,1.461198723498725,1.7877560860876378,,,,
IOS,166,0.7790476190476191,0.7790476190476191,0.0006041377803710886,0.0006041377803710889,0.7786406926406927,0.7758441558441559,0.7819047619047619,1.4610143565129632,1.7878230508436808,,,,
IOS,167,0.7787878787878788,0.7787878787878788,0.00060823237744345,0.0006082323774434501,0.7785974025974025,0.776060606060606,0.7818614718614718,1.4611796341305971,1.7876670994470423,,,,
IOS,168,0.7787878787878788,0.7787878787878788,0.0006007431260408026,0.0006007431260408028,0.7785310245310245,0.7758008658008658,0.7816017316017316,1.4606981219918491,1.7874977684254865,,,,
IOS,169,0.7787012987012987,0.7787012987012987,0.0006111891106267886,0.0006111891106267886,0.7783376623376622,0.7757575757575758,0.7818181818181819,1.4602686851755924,1.7878772755542982,,,,
IOS,170,0.7787445887445887,0.7787445887445887,0.0005974798993400573,0.0005974798993400575,0.7782799422799425,0.7758008658008658,0.7811688311688312,1.4601847154024958,1.7878562978060213,,,,
IOS,171,0.7784415584415585,0.7784415584415585,0.0005877915987615702,0.0005877915987615703,0.7781847041847041,0.7763203463203463,0.7811688311688312,1.4604060803378442,1.788254739422601,,,,
IOS,172,0.7785714285714286,0.7785714285714286,0.0005858466202225277,0.0005858466202225277,0.7780404040404041,0.7759307359307359,0.780952380952381,1.4600885436060531,1.788300460188139,,,,
IOS,173,0.7781385281385281,0.7781385281385281,0.0005816601293694418,0.0005816601293694417,0.7778095238095237,0.7757142857142857,0.7807359307359307,1.4598885014362308,1.7887357237503898,,,,
IOS,174,0.7780952380952381,0.7780952380952381,0.000577880282960207,0.0005778802829602073,0.7777893217893219,0.7755844155844156,0.7809090909090909,1.4597201029643518,1.788886121334808,,,,
IOS,175,0.7778787878787878,0.7778787878787878,0.0005703437342630544,0.0005703437342630545,0.7777922077922078,0.7757575757575758,0.7808658008658008,1.4595946253145011,1.789198647368959,,,,
IOS,176,0.7778354978354979,0.7778354978354979,0.0005712503972182145,0.0005712503972182147,0.7777229437229438,0.7755411255411255,0.7808225108225109,1.4594664530826815,1.78891253850727,,,,
IOS,177,0.7776190476190477,0.7776190476190477,0.0005618046131349671,0.0005618046131349672,0.7775873015873017,0.7756709956709956,0.7805627705627706,1.4593992099003656,1.7888375363701818,,,,
IOS,178,0.7777922077922078,0.7777922077922078,0.0005502619229601772,0.0005502619229601773,0.7776940836940838,0.7758008658008658,0.7804329004329005,1.4590232424214886,1.7890305775012236,,,,
IOS,179,0.7778787878787878,0.7778787878787878,0.0005364389568299051,0.0005364389568299052,0.7775959595959595,0.7756277056277057,0.7803896103896104,1.45924022775567,1.7891107350859687,,,,
IOS,180,0.7778354978354979,0.7778354978354979,0.0005360684854618461,0.0005360684854618462,0.7775901875901875,0.7754545454545455,0.7803896103896104,1.459195422102007,1.7892032506316027,,,,
IOS,181,0.7779220779220779,0.7779220779220779,0.0005287453773481442,0.0005287453773481443,0.7775988455988456,0.7752813852813852,0.7805627705627706,1.4590876069713004,1.7892075361565538,,,,
IOS,182,0.7777922077922078,0.7777922077922078,0.0005296220724449583,0.0005296220724449584,0.7773968253968256,0.7753246753246753,0.78,1.4587896390477044,1.7893582196983342,,,,
IOS,183,0.7773593073593074,0.7773593073593074,0.0005163867342909561,0.0005163867342909562,0.7772294372294372,0.775064935064935,0.7803030303030303,1.4586605636384957,1.790072036204801,,,,
IOS,184,0.7775324675324675,0.7775324675324675,0.0005042846398505237,0.0005042846398505237,0.7771890331890331,0.7748917748917749,0.7800432900432901,1.4584283274451444,1.7900795160879985,,,,
IOS,185,0.7772294372294373,0.7772294372294373,0.0004952219564513891,0.0004952219564513892,0.7772034632034632,0.7748051948051948,0.78008658008658,1.4585920156857037,1.7897617571493993,,,,
IOS,186,0.7772727272727272,0.7772727272727272,0.0004984062815668841,0.0004984062815668841,0.7770966810966813,0.7746320346320347,0.78,1.4583310036211141,1.7900839352900157,,,,
IOS,187,0.7772727272727272,0.7772727272727272,0.0005031431834289395,0.0005031431834289397,0.7769812409812412,0.7744155844155844,0.7800432900432901,1.4580434342376372,1.7902134483760153,,,,
IOS,188,0.7770562770562771,0.7770562770562771,0.000502766849815978,0.0005027668498159779,0.776961038961039,0.7744588744588745,0.7798268398268399,1.4581438402801614,1.7899639000144907,,,,
IOS,189,0.776969696969697,0.776969696969697,0.0005044173079414012,0.0005044173079414013,0.7767994227994229,0.7743722943722944,0.7796969696969697,1.4580455768180443,1.7902908546208862,,,,
IOS,190,0.7770995670995671,0.7770995670995671,0.0004890903817574829,0.0004890903817574831,0.776923520923521,0.7745454545454545,0.7804329004329005,1.4577964402588528,1.790449124332154,,,,
IOS,191,0.7768398268398269,0.7768398268398269,0.0004875427321454355,0.00048754273214543563,0.7768196248196247,0.7743722943722944,0.7802597402597402,1.457933212169131,1.7905524585205366,,,,
IOS,192,0.7767965367965368,0.7767965367965368,0.00047709836640791824,0.0004770983664079184,0.7767041847041848,0.7745021645021645,0.7798268398268399,1.4579510824153605,1.7910026153339365,,,,
IOS,193,0.777012987012987,0.777012987012987,0.0004680785687213766,0.00046807856872137677,0.7768138528138526,0.7745454545454545,0.77995670995671,1.4580772676230667,1.791331143834987,,,,
IOS,194,0.7771428571428571,0.7771428571428571,0.00047148758314811165,0.00047148758314811176,0.7768253968253968,0.7744155844155844,0.7795670995670996,1.4579614266765124,1.791245026819077,,,,
IOS,195,0.7770562770562771,0.7770562770562771,0.0004690621682127396,0.00046906216821273976,0.7767965367965368,0.7744155844155844,0.7796969696969697,1.457989454280624,1.7913643316356005,,,,
IOS,196,0.7770995670995671,0.7770995670995671,0.00046432391320139676,0.00046432391320139687,0.7767676767676768,0.7743290043290043,0.7795670995670996,1.4578122049182882,1.7916012431048107,,,,
IOS,197,0.7770995670995671,0.7770995670995671,0.0004567471290727142,0.0004567471290727143,0.7767128427128428,0.7744155844155844,0.7794372294372295,1.4578831892273694,1.7915133719064331,,,,
IOS,198,0.7769264069264069,0.7769264069264069,0.00045596141738750933,0.00045596141738750944,0.7766378066378066,0.7741991341991342,0.7794372294372295,1.4578115015022828,1.791651732235601,,,,
IOS,199,0.7768831168831168,0.7768831168831168,0.0004418231103330666,0.0004418231103330668,0.7765772005772005,0.7742424242424243,0.7792207792207793,1.4577236072174098,1.7916285207267295,,,,
SCC,0,0.7522077922077922,0.7522077922077922,0.0452593042595676,0.045259304259567604,0.47691486291486296,0.32476190476190475,0.6045021645021645,1.8501108916133575,2.167744498480658,,,,
SCC,1,0.7732467532467533,0.7732467532467533,0.07945643679039664,0.07945643679039667,0.5611053391053391,0.38125541125541124,0.694978354978355,1.6011424040501203,2.0841536250331587,,,,
SCC,2,0.7863203463203463,0.7863203463203463,0.09658330689201218,0.0965833068920122,0.6202049062049062,0.42718614718614717,0.7454978354978355,1.5078130164224872,2.025792144822497,,,,
SCC,3,0.7907792207792208,0.7907792207792208,0.09828403053598297,0.09828403053598299,0.6678354978354978,0.48978354978354977,0.7878787878787878,1.4493321269876025,1.9875125632359725,,,,
SCC,4,0.7987878787878788,0.7987878787878788,0.08910549292856247,0.08910549292856246,0.7036305916305916,0.549004329004329,0.8076190476190476,1.4306035411458573,1.9545700413838287,,,,
SCC,5,0.8011688311688312,0.8011688311688312,0.0763924442485472,0.07639244424854721,0.7327994227994228,0.617012987012987,0.8206493506493506,1.4165669591198229,1.930013753972451,,,,
SCC,6,0.8023809523809524,0.8023809523809524,0.06416897233238811,0.06416897233238812,0.7528629148629148,0.659047619047619,0.8266666666666667,1.4085872170196572,1.9143910767854322,,,,
SCC,7,0.8023376623376623,0.8023376623376623,0.04709369562205342,0.04709369562205343,0.7690851370851371,0.6973593073593074,0.8303030303030303,1.438917919659634,1.9123631890694661,,,,
SCC,8,0.7995670995670996,0.7995670995670996,0.03427391911104369,0.03427391911104368,0.7782568542568542,0.7124242424242424,0.8266666666666667,1.4672367347484843,1.911002666742409,,,,
SCC,9,0.7993939393939394,0.7993939393939394,0.023672104743768286,0.02367210474376829,0.7866551226551226,0.7330735930735931,0.8226839826839827,1.4962875916602107,1.9051000747263929,,,,
SCC,10,0.7958441558441558,0.7958441558441558,0.016664940614080137,0.01666494061408014,0.7882799422799422,0.746017316017316,0.8191774891774892,1.5306633458544576,1.9041496517720886,,,,
SCC,11,0.793939393939394,0.793939393939394,0.010749869233217156,0.010749869233217158,0.7894747474747474,0.7537229437229437,0.8135064935064935,1.600753347419155,1.904867854229974,,,,
SCC,12,0.7932034632034632,0.7932034632034632,0.007765877090165987,0.007765877090165987,0.7893015873015873,0.7606926406926406,0.8081818181818182,1.632421598863072,1.897534008203289,,,,
SCC,13,0.7905627705627706,0.7905627705627706,0.005934632789847193,0.005934632789847195,0.787965367965368,0.7632467532467533,0.8070995670995671,1.6815262631325043,1.8971956818470783,,,,
SCC,14,0.7866666666666666,0.7866666666666666,0.004949606336090909,0.004949606336090909,0.7852496392496392,0.7602597402597403,0.803982683982684,1.6891053431125755,1.8950189374341115,,,,
SCC,15,0.7838528138528138,0.7838528138528138,0.004191175161959342,0.004191175161959342,0.7828427128427129,0.7600432900432901,0.8016017316017316,1.6770757211087233,1.890829181682382,,,,
SCC,16,0.7811688311688312,0.7811688311688312,0.0036677560181848454,0.003667756018184845,0.7809206349206349,0.7597835497835498,0.7987445887445888,1.6697744378601211,1.8843985960260432,,,,
SCC,17,0.7824242424242425,0.7824242424242425,0.003188949142141265,0.0031889491421412657,0.7813477633477636,0.7593073593073593,0.7977922077922078,1.6611735182518772,1.877245423693851,,,,
SCC,18,0.7808225108225109,0.7808225108225109,0.0029161214487958176,0.002916121448795817,0.779148629148629,0.7609090909090909,0.7924675324675324,1.6542807276862068,1.876134707361412,,,,
SCC,19,0.7793939393939394,0.7793939393939394,0.0026810618656089814,0.002681061865608981,0.7780404040404041,0.7593939393939394,0.7918181818181819,1.6433969129333674,1.8739776608403056,,,,
SCC,20,0.7792207792207793,0.7792207792207793,0.002389595900806411,0.0023895959008064112,0.7781731601731602,0.7613852813852814,0.7901298701298701,1.6400967297378353,1.867794302249688,,,,
SCC,21,0.7787012987012987,0.7787012987012987,0.0022732590607234364,0.002273259060723436,0.7774862914862914,0.7617316017316017,0.7903463203463204,1.6325571902758118,1.8640542505730804,,,,
SCC,22,0.7774458874458875,0.7774458874458875,0.002084452922840283,0.002084452922840283,0.7762049062049063,0.7614285714285715,0.7877489177489178,1.6263704278936526,1.8633265729988118,,,,
SCC,23,0.7759307359307359,0.7759307359307359,0.0019316016438701107,0.0019316016438701102,0.7747186147186146,0.7583982683982684,0.7862770562770562,1.6208314947165414,1.8621403632928777,,,,
SCC,24,0.7754112554112554,0.7754112554112554,0.0018342169345505128,0.0018342169345505126,0.7742049062049061,0.76,0.7858441558441558,1.6147249363755187,1.8593594727771559,,,,
SCC,25,0.7741991341991342,0.7741991341991342,0.001803198297677815,0.0018031982976778145,0.7738585858585859,0.7606926406926406,0.785974025974026,1.6101720248502924,1.8580587088423925,,,,
SCC,26,0.7732900432900432,0.7732900432900432,0.0016602463720595205,0.0016602463720595201,0.7727532467532466,0.7585714285714286,0.7828571428571428,1.6047179928491093,1.8556094876485179,,,,
SCC,27,0.7734632034632034,0.7734632034632034,0.0015412808915331495,0.0015412808915331497,0.7722395382395381,0.7595670995670996,0.7817748917748918,1.600419900307735,1.8525618459251323,,,,
SCC,28,0.772077922077922,0.772077922077922,0.0014107136446514755,0.0014107136446514757,0.7717922077922077,0.7595670995670996,0.7810389610389611,1.5965282991516463,1.8521248432475248,,,,
SCC,29,0.7712987012987013,0.7712987012987013,0.0013312820493832209,0.001331282049383221,0.771113997113997,0.7593073593073593,0.7805627705627706,1.593412244527688,1.8520067918578755,,,,
SCC,30,0.7702597402597403,0.7702597402597403,0.0012917562720911415,0.0012917562720911413,0.7703896103896105,0.7593939393939394,0.7792207792207793,1.5865791917150522,1.8513724912276652,,,,
SCC,31,0.7697402597402597,0.7697402597402597,0.0012283578939387828,0.0012283578939387826,0.7692005772005771,0.7592640692640693,0.7777922077922078,1.583606795848404,1.8497996866226094,,,,
SCC,32,0.7697835497835498,0.7697835497835498,0.0012231906310940415,0.0012231906310940415,0.7694891774891774,0.7598268398268399,0.7776190476190477,1.5790041278961389,1.847344492961637,,,,
SCC,33,0.7696103896103896,0.7696103896103896,0.001142169086022604,0.0011421690860226041,0.7697777777777778,0.7584848484848485,0.7787445887445887,1.5766221917658894,1.845770168617193,,,,
SCC,34,0.768961038961039,0.768961038961039,0.0011033420422594522,0.0011033420422594522,0.7690880230880232,0.7585714285714286,0.7777056277056277,1.5728818810580818,1.8454327717952514,,,,
SCC,35,0.7684415584415585,0.7684415584415585,0.0010022742048930555,0.0010022742048930557,0.7684963924963923,0.7595670995670996,0.7758874458874458,1.570493670752202,1.8441825165660781,,,,
SCC,36,0.7688744588744588,0.7688744588744588,0.0009569472498792426,0.0009569472498792426,0.7687676767676768,0.7584415584415585,0.7767532467532468,1.567354073810925,1.8423547179235764,,,,
SCC,37,0.7677056277056277,0.7677056277056277,0.000925992881132101,0.000925992881132101,0.7680894660894662,0.7591341991341991,0.7755844155844156,1.5651416693343552,1.842476070509009,,,,
SCC,38,0.7678354978354979,0.7678354978354979,0.0008715062320796677,0.0008715062320796677,0.768106782106782,0.7601731601731602,0.774978354978355,1.5650539527082787,1.8401540871777862,,,,
SCC,39,0.7677489177489177,0.7677489177489177,0.0008587906499115916,0.0008587906499115916,0.7678903318903318,0.7593506493506493,0.7753679653679654,1.5625590866928223,1.8394431115597984,,,,
SCC,40,0.7678354978354979,0.7678354978354979,0.0007966562285629016,0.0007966562285629016,0.7681414141414142,0.7587012987012987,0.776060606060606,1.5594242842068804,1.8390422843707188,,,,
SCC,41,0.7673160173160173,0.7673160173160173,0.0007761365068766334,0.0007761365068766334,0.7677229437229438,0.7586580086580087,0.7754978354978355,1.5567373845123433,1.838226922350809,,,,
SCC,42,0.7675757575757576,0.7675757575757576,0.0007657874585097489,0.0007657874585097487,0.768075036075036,0.7582683982683983,0.7757575757575758,1.55547473778162,1.8372895534637277,,,,
SCC,43,0.7684415584415585,0.7684415584415585,0.0007261160475178046,0.0007261160475178046,0.7686089466089466,0.7600432900432901,0.7755411255411255,1.5529513990651183,1.8349641951470024,,,,
SCC,44,0.7676190476190476,0.7676190476190476,0.0006818065634312323,0.0006818065634312323,0.7676161616161615,0.7607359307359307,0.7744155844155844,1.5502188117060598,1.8343916465536434,,,,
SCC,45,0.7671861471861472,0.7671861471861472,0.0006748825234716682,0.0006748825234716682,0.7674862914862915,0.7598701298701299,0.774069264069264,1.549674793356402,1.833978765624273,,,,
SCC,46,0.767965367965368,0.767965367965368,0.0006349412849765804,0.0006349412849765805,0.7678037518037519,0.7612121212121212,0.7740259740259741,1.5475661783621533,1.8335562637477576,,,,
SCC,47,0.7677056277056277,0.7677056277056277,0.0006234228693059524,0.0006234228693059525,0.7675959595959596,0.7603896103896104,0.7734199134199135,1.5455047741342862,1.8325053173872108,,,,
SCC,48,0.7673160173160173,0.7673160173160173,0.0005832516811348165,0.0005832516811348164,0.7673795093795094,0.76008658008658,0.7735064935064935,1.544283820181745,1.8315759710004895,,,,
SCC,49,0.7674025974025974,0.7674025974025974,0.0005605969912560508,0.0005605969912560508,0.7672698412698413,0.7603896103896104,0.7732034632034632,1.5412677900096967,1.831253575653014,,,,
SCC,50,0.767012987012987,0.767012987012987,0.0005430310289784969,0.0005430310289784968,0.7671111111111111,0.7594805194805195,0.7736363636363637,1.5409566373605514,1.8318236818473022,,,,
SCC,51,0.7669264069264069,0.7669264069264069,0.0005394112872727855,0.0005394112872727855,0.7669090909090909,0.7587878787878788,0.7731601731601732,1.5382111404050183,1.830788319163944,,,,
SCC,52,0.7668831168831168,0.7668831168831168,0.0005139881720501997,0.0005139881720501998,0.766854256854257,0.7596536796536797,0.7722077922077922,1.5364950630626752,1.8298005765441896,,,,
SCC,53,0.7667965367965368,0.7667965367965368,0.0005018762619554526,0.0005018762619554527,0.7665800865800866,0.7594372294372295,0.7725108225108225,1.5351866547776603,1.8283319856815343,,,,
SCC,54,0.7663203463203463,0.7663203463203463,0.0004697438006535161,0.00046974380065351604,0.7663636363636364,0.7596536796536797,0.7715584415584416,1.5333733317196943,1.829440505429864,,,,
SCC,55,0.7663203463203463,0.7663203463203463,0.00044290206522524806,0.00044290206522524817,0.7663838383838384,0.7601298701298701,0.7723809523809524,1.531711337711159,1.8281746301796207,,,,
SCC,56,0.7656709956709957,0.7656709956709957,0.0004358152113403099,0.00043581521134030977,0.7658961038961037,0.7593939393939394,0.7712554112554113,1.5306130952757484,1.8285740682938945,,,,
SCC,57,0.7655844155844156,0.7655844155844156,0.0004044763103607433,0.00040447631036074326,0.7655382395382395,0.7602164502164502,0.7704761904761904,1.529484867397137,1.8284450121039089,,,,
SCC,58,0.7655411255411255,0.7655411255411255,0.0003962089534421828,0.0003962089534421827,0.7653015873015875,0.7593939393939394,0.7702164502164502,1.5290982254198642,1.827176014996835,,,,
SCC,59,0.7655844155844156,0.7655844155844156,0.0003890485125432426,0.0003890485125432427,0.7653419913419914,0.7594805194805195,0.76995670995671,1.5282252091362214,1.8267929184986262,,,,
SCC,60,0.7654978354978355,0.7654978354978355,0.00037560847435234217,0.00037560847435234217,0.7655007215007215,0.7592640692640693,0.76995670995671,1.5265268293956429,1.826902075458272,,,,
SCC,61,0.7654545454545455,0.7654545454545455,0.00037667276465708867,0.00037667276465708867,0.7651861471861471,0.759004329004329,0.7697835497835498,1.525140161625418,1.8270215128630176,,,,
SCC,62,0.7647619047619048,0.7647619047619048,0.0003602234616507143,0.00036022346165071436,0.7648369408369409,0.7596536796536797,0.7693939393939394,1.5245878473708194,1.82659580563365,,,,
SCC,63,0.7650649350649351,0.7650649350649351,0.0003578856518395903,0.00035788565183959023,0.765018759018759,0.7596103896103896,0.7696536796536797,1.5236714070323847,1.8266763709339808,,,,
SCC,64,0.7650649350649351,0.7650649350649351,0.00034904239009287655,0.0003490423900928765,0.7648946608946608,0.7599567099567099,0.7693939393939394,1.5223183894348318,1.826810471105565,,,,
SCC,65,0.7653246753246753,0.7653246753246753,0.00033640336742216483,0.0003364033674221649,0.7650331890331888,0.7604329004329005,0.7693073593073593,1.5214761609592395,1.8266776270232794,,,,
SCC,66,0.7648051948051948,0.7648051948051948,0.0003241271532928373,0.0003241271532928372,0.765053391053391,0.7603030303030303,0.7689177489177489,1.520399140355829,1.8261652523738923,,,,
SCC,67,0.7648484848484849,0.7648484848484849,0.0003245446653135168,0.00032454466531351675,0.765012987012987,0.7597402597402597,0.7692207792207792,1.519309599558639,1.8262635114355072,,,,
SCC,68,0.7646753246753247,0.7646753246753247,0.00030016109749803814,0.00030016109749803825,0.7646839826839827,0.7605194805194805,0.7687878787878788,1.5184348189454835,1.8261474954291836,,,,
SCC,69,0.7651515151515151,0.7651515151515151,0.0002897056213880933,0.0002897056213880934,0.7649350649350651,0.7604329004329005,0.7688744588744588,1.5176952555828815,1.824653400574226,,,,
SCC,70,0.7647186147186147,0.7647186147186147,0.00028850533708856923,0.0002885053370885692,0.7645945165945166,0.7596969696969696,0.7683549783549783,1.5170664765869668,1.826013446958209,,,,
SCC,71,0.765021645021645,0.765021645021645,0.0002782743374669931,0.00027827433746699316,0.7645829725829727,0.7600432900432901,0.7684415584415585,1.516323977786688,1.8243811564570982,,,,
SCC,72,0.765021645021645,0.765021645021645,0.0002702979896566791,0.0002702979896566791,0.7646060606060606,0.7602164502164502,0.7683982683982684,1.5151537897403253,1.8248357005122187,,,,
SCC,73,0.7646753246753247,0.7646753246753247,0.00026734317190881993,0.00026734317190881993,0.7642914862914861,0.7605194805194805,0.7676623376623377,1.5150125822784426,1.8248963950662649,,,,
SCC,74,0.7644155844155844,0.7644155844155844,0.0002686737751672112,0.0002686737751672113,0.7642135642135642,0.7595670995670996,0.7683116883116883,1.5138878768970958,1.8246318374935344,,,,
SCC,75,0.7646320346320347,0.7646320346320347,0.0002627006656864833,0.00026270066568648325,0.7645252525252526,0.7598268398268399,0.7689177489177489,1.5131277822373141,1.8242678206790837,,,,
SCC,76,0.7644155844155844,0.7644155844155844,0.00024340109392466765,0.0002434010939246677,0.7643578643578645,0.7601298701298701,0.7680519480519481,1.5121818154084385,1.8245391886322406,,,,
SCC,77,0.7641558441558441,0.7641558441558441,0.00023772389878156283,0.00023772389878156286,0.7643838383838385,0.76008658008658,0.7679220779220779,1.5116749368830722,1.82447752053569,,,,
SCC,78,0.7642424242424243,0.7642424242424243,0.00023562248853642635,0.00023562248853642632,0.7644271284271283,0.7600432900432901,0.768095238095238,1.5109944544800402,1.8240636155488867,,,,
SCC,79,0.7638095238095238,0.7638095238095238,0.00023672388860857753,0.0002367238886085775,0.7642193362193362,0.7605627705627706,0.7676623376623377,1.5100196991759451,1.8238473681771665,,,,
SCC,80,0.7638528138528139,0.7638528138528139,0.00022843064064361697,0.00022843064064361694,0.7642655122655122,0.7609523809523809,0.7673593073593074,1.5101103958105135,1.8231802939980193,,,,
SCC,81,0.7644155844155844,0.7644155844155844,0.0002276880642227138,0.00022768806422271382,0.7643463203463204,0.7603030303030303,0.7677056277056277,1.5094647645659718,1.8232046202458887,,,,
SCC,82,0.7644155844155844,0.7644155844155844,0.00022560847258378054,0.00022560847258378057,0.7644155844155844,0.7603030303030303,0.7681385281385281,1.5092049311477593,1.8234626662001148,,,,
SCC,83,0.7643722943722944,0.7643722943722944,0.00021609657898327635,0.00021609657898327635,0.7645079365079365,0.7602597402597403,0.7683116883116883,1.5085666987415922,1.8230742949421095,,,,
SCC,84,0.7646320346320347,0.7646320346320347,0.00020542469717677825,0.00020542469717677823,0.7646147186147185,0.7612121212121212,0.7682251082251083,1.5082244222429468,1.8226968128845855,,,,
SCC,85,0.7646320346320347,0.7646320346320347,0.0002029074506532206,0.00020290745065322066,0.7647503607503607,0.7611255411255411,0.768095238095238,1.5073470597456737,1.8223299907637687,,,,
SCC,86,0.7647619047619048,0.7647619047619048,0.00019178637914762337,0.0001917863791476234,0.764831168831169,0.7610389610389611,0.767965367965368,1.5070789387032135,1.8218806185220127,,,,
SCC,87,0.764978354978355,0.764978354978355,0.00019261383922899094,0.00019261383922899094,0.764782106782107,0.7609523809523809,0.7673593073593074,1.5067387614791654,1.8219560179035754,,,,
SCC,88,0.7648484848484849,0.7648484848484849,0.00019365832514488615,0.00019365832514488615,0.7646233766233765,0.7605194805194805,0.7678787878787878,1.5060230102797725,1.8212878414018177,,,,
SCC,89,0.7648484848484849,0.7648484848484849,0.00018300500940304323,0.0001830050094030432,0.7644877344877344,0.7606926406926406,0.7675324675324675,1.5054206560955492,1.820102061126717,,,,
SCC,90,0.7639393939393939,0.7639393939393939,0.00018048637902535612,0.0001804863790253561,0.7641183261183262,0.7606060606060606,0.7671861471861472,1.5048335775917663,1.8217055695551976,,,,
SCC,91,0.7643722943722944,0.7643722943722944,0.00017685557267190356,0.00017685557267190356,0.7641587301587301,0.7605627705627706,0.7673593073593074,1.5042459981015621,1.821297166223939,,,,
SCC,92,0.7642857142857142,0.7642857142857142,0.00017483125539252825,0.00017483125539252833,0.7644675324675325,0.7608225108225108,0.7673593073593074,1.5035218592108475,1.8210140334216263,,,,
SCC,93,0.7641125541125541,0.7641125541125541,0.0001615232338739615,0.0001615232338739615,0.7642886002886004,0.7608658008658009,0.7671428571428571,1.503722308584678,1.8209437176432983,,,,
SCC,94,0.7641991341991342,0.7641991341991342,0.00016375363448706097,0.00016375363448706094,0.7644069264069263,0.7610389610389611,0.7674458874458875,1.5028983101490698,1.8198831005883935,,,,
SCC,95,0.7642424242424243,0.7642424242424243,0.0001608712959697556,0.00016087129596975558,0.7643607503607505,0.7612554112554113,0.7674025974025974,1.5026043801819655,1.8201441048337998,,,,
SCC,96,0.7638528138528139,0.7638528138528139,0.00016149066603156985,0.00016149066603156985,0.7642510822510822,0.7612987012987013,0.7674458874458875,1.501775622051618,1.819984430871609,,,,
SCC,97,0.7636796536796536,0.7636796536796536,0.00015870125668538196,0.00015870125668538196,0.7643694083694084,0.7611688311688312,0.7674025974025974,1.5013395731562134,1.8197072112161867,,,,
SCC,98,0.7641558441558441,0.7641558441558441,0.0001550962120045129,0.0001550962120045129,0.7643290043290044,0.7615584415584415,0.7671428571428571,1.5013998063389686,1.8199683988813344,,,,
SCC,99,0.7641125541125541,0.7641125541125541,0.00014826018935036278,0.00014826018935036275,0.7644444444444445,0.7612121212121212,0.7679220779220779,1.5006064668290768,1.8201053251746804,,,,
SCC,100,0.7644588744588745,0.7644588744588745,0.00014545171841378064,0.00014545171841378061,0.7645512265512264,0.7617316017316017,0.7678354978354979,1.5000103308262323,1.8192955761508145,,,,
SCC,101,0.7645454545454545,0.7645454545454545,0.00014043178246615022,0.00014043178246615022,0.7646233766233765,0.7618614718614719,0.7672294372294373,1.4996057675029584,1.8193061419043184,,,,
SCC,102,0.7641991341991342,0.7641991341991342,0.0001361359671054464,0.00013613596710544646,0.7643434343434344,0.7617748917748918,0.7670995670995671,1.4989659115696585,1.8195029233898126,,,,
SCC,103,0.7642424242424243,0.7642424242424243,0.00014141246737801833,0.00014141246737801836,0.7643809523809524,0.7613419913419913,0.7675324675324675,1.4979889760518226,1.8195376055445225,,,,
SCC,104,0.7641125541125541,0.7641125541125541,0.0001349050762423909,0.0001349050762423909,0.7642539682539683,0.7616017316017316,0.766969696969697,1.4977111449249412,1.8191729032428385,,,,
SCC,105,0.7639393939393939,0.7639393939393939,0.000139582203885993,0.00013958220388599296,0.7641933621933621,0.7614718614718615,0.7668398268398269,1.4971143068348671,1.8190095885933761,,,,
SCC,106,0.7637229437229437,0.7637229437229437,0.0001362656110221227,0.00013626561102212276,0.7641269841269841,0.7615584415584415,0.7663203463203463,1.496378582744845,1.818985303402916,,,,
SCC,107,0.7638528138528139,0.7638528138528139,0.0001334594100744826,0.00013345941007448261,0.764132756132756,0.7609090909090909,0.7667099567099567,1.4963920056455042,1.8186044448064371,,,,
SCC,108,0.7638528138528139,0.7638528138528139,0.0001328805099886903,0.00013288050998869032,0.7641125541125541,0.7615584415584415,0.7662770562770562,1.4958446586540677,1.8190687071957568,,,,
SCC,109,0.7639393939393939,0.7639393939393939,0.00012327862895066523,0.00012327862895066523,0.7641529581529581,0.7619047619047619,0.7664502164502165,1.4959977171152616,1.8187812782874042,,,,
SCC,110,0.7640692640692641,0.7640692640692641,0.00012242902277327013,0.0001224290227732701,0.7642972582972584,0.7616450216450217,0.7667099567099567,1.4957714537795908,1.818113939597924,,,,
SCC,111,0.7643290043290043,0.7643290043290043,0.00011966436344445876,0.00011966436344445877,0.7645079365079365,0.7621212121212121,0.7667099567099567,1.495121464668839,1.8176227685395958,,,,
SCC,112,0.7647186147186147,0.7647186147186147,0.00011821795098177032,0.00011821795098177028,0.7646031746031746,0.7622943722943722,0.7667965367965368,1.4951315959843952,1.8174633036031391,,,,
SCC,113,0.7644588744588745,0.7644588744588745,0.00011231379855662205,0.00011231379855662205,0.7645858585858585,0.7623376623376623,0.767012987012987,1.494664860164213,1.817691673837172,,,,
SCC,114,0.7644588744588745,0.7644588744588745,0.00011399170652411368,0.00011399170652411368,0.7646926406926406,0.7621645021645022,0.7668398268398269,1.4945388091028857,1.8175276512020129,,,,
SCC,115,0.7651082251082251,0.7651082251082251,0.00011268661846576787,0.00011268661846576785,0.764972582972583,0.7622943722943722,0.7670995670995671,1.4946946918331692,1.8167347522254054,,,,
SCC,116,0.7651948051948052,0.7651948051948052,0.00010716581185111461,0.00010716581185111465,0.7651197691197691,0.7629004329004329,0.7674025974025974,1.4943749627288687,1.8161664950239353,,,,
SCC,117,0.7654112554112554,0.7654112554112554,0.00010853693570838991,0.00010853693570838991,0.7654083694083693,0.7632467532467533,0.7678787878787878,1.494553950454358,1.8159276723107896,,,,
SCC,118,0.7656709956709957,0.7656709956709957,0.00010956903927386719,0.00010956903927386718,0.7654747474747475,0.7632900432900432,0.7677922077922078,1.4943130557552133,1.8161814651785904,,,,
SCC,119,0.7655844155844156,0.7655844155844156,0.00010392979452813538,0.00010392979452813537,0.7656681096681095,0.7631168831168831,0.7678787878787878,1.4939241038119395,1.81563949420485,,,,
SCC,120,0.7658441558441559,0.7658441558441559,0.00010502686345283178,0.00010502686345283181,0.7656594516594517,0.7629437229437229,0.7678787878787878,1.493662703435597,1.8155360076828995,,,,
SCC,121,0.7659307359307359,0.7659307359307359,0.00010497749459225137,0.00010497749459225134,0.765823953823954,0.7631168831168831,0.768008658008658,1.4935075735973717,1.8148542702856498,,,,
SCC,122,0.7659307359307359,0.7659307359307359,0.00010309071227828437,0.00010309071227828437,0.76589898989899,0.7634199134199134,0.7679220779220779,1.493184041643389,1.815349045605422,,,,
SCC,123,0.7661904761904762,0.7661904761904762,0.00010144734032973288,0.00010144734032973288,0.7659999999999999,0.7636796536796536,0.7683982683982684,1.4931839791012242,1.815677533333639,,,,
SCC,124,0.7660606060606061,0.7660606060606061,0.00010011463977499764,0.00010011463977499761,0.7660144300144299,0.762987012987013,0.7681385281385281,1.4930737958852023,1.815542400130661,,,,
SCC,125,0.766017316017316,0.766017316017316,9.716072755719902e-05,9.716072755719904e-05,0.7660028860028859,0.7633333333333333,0.7681818181818182,1.4926899985831235,1.8148737597435656,,,,
SCC,126,0.765974025974026,0.765974025974026,9.414254528799428e-05,9.414254528799428e-05,0.7657691197691199,0.7630735930735931,0.7679220779220779,1.4924486806302986,1.8150151048178702,,,,
SCC,127,0.7655411255411255,0.7655411255411255,8.88137531108026e-05,8.881375311080261e-05,0.7656450216450216,0.762987012987013,0.768095238095238,1.4920980233290382,1.815008520377043,,,,
SCC,128,0.7656709956709957,0.7656709956709957,8.979644481232734e-05,8.979644481232736e-05,0.7657316017316017,0.7635497835497835,0.7674458874458875,1.4918529761172254,1.8150767437474133,,,,
SCC,129,0.7656709956709957,0.7656709956709957,8.772924255898506e-05,8.772924255898508e-05,0.7656940836940838,0.7632900432900432,0.7675757575757576,1.4912622482336346,1.8152280781231749,,,,
SCC,130,0.7657575757575757,0.7657575757575757,8.640658271394466e-05,8.640658271394464e-05,0.7657748917748918,0.7631601731601731,0.7681818181818182,1.4912316281919893,1.814661218594674,,,,
SCC,131,0.7658874458874458,0.7658874458874458,8.390224676218904e-05,8.390224676218901e-05,0.7656796536796536,0.7632467532467533,0.7677489177489177,1.490774694735539,1.8150207184263025,,,,
SCC,132,0.7657575757575757,0.7657575757575757,8.686515762554844e-05,8.686515762554845e-05,0.7657806637806638,0.7632900432900432,0.7678787878787878,1.4907877870735855,1.8149421722383479,,,,
SCC,133,0.766017316017316,0.766017316017316,8.163774563718652e-05,8.163774563718651e-05,0.7658845598845598,0.7636363636363637,0.7680519480519481,1.4905317547214723,1.814767995430847,,,,
SCC,134,0.765974025974026,0.765974025974026,8.44913612499015e-05,8.449136124990152e-05,0.7657316017316018,0.7630303030303031,0.7677922077922078,1.490018735042069,1.815516006949825,,,,
SCC,135,0.7661038961038961,0.7661038961038961,8.056238776561465e-05,8.056238776561467e-05,0.7659365079365078,0.7636363636363637,0.7681818181818182,1.4899988273017353,1.815093133014937,,,,
SCC,136,0.765974025974026,0.765974025974026,8.461147073191674e-05,8.461147073191675e-05,0.7659451659451659,0.7638095238095238,0.7680519480519481,1.4895105157869941,1.8150084970222198,,,,
SCC,137,0.7661471861471861,0.7661471861471861,8.393864341704272e-05,8.393864341704276e-05,0.7659740259740259,0.7638528138528139,0.7681385281385281,1.4893942674077436,1.8148372366545986,,,,
SCC,138,0.7661038961038961,0.7661038961038961,8.05514651461585e-05,8.05514651461585e-05,0.765867243867244,0.7637229437229437,0.7677489177489177,1.489288751115173,1.8145433893178462,,,,
SCC,139,0.7662770562770562,0.7662770562770562,8.074776467704566e-05,8.074776467704565e-05,0.7660865800865803,0.7639393939393939,0.768008658008658,1.4888389596278753,1.8143891945718806,,,,
SCC,140,0.7661904761904762,0.7661904761904762,8.05897029029986e-05,8.05897029029986e-05,0.7660519480519479,0.7638961038961039,0.7677922077922078,1.4885959097046362,1.8140005289428078,,,,
SCC,141,0.7659307359307359,0.7659307359307359,7.638459231355022e-05,7.638459231355022e-05,0.766031746031746,0.7636796536796536,0.7677922077922078,1.4883443900463633,1.8138815590694508,,,,
SCC,142,0.7658874458874458,0.7658874458874458,7.342720989482187e-05,7.342720989482187e-05,0.7659624819624822,0.7635930735930736,0.768008658008658,1.4881138445822293,1.8139085528745162,,,,
SCC,143,0.7658008658008658,0.7658008658008658,7.341310043992565e-05,7.341310043992566e-05,0.7661067821067822,0.7636363636363637,0.7682251082251083,1.4876888742528502,1.8137841138094724,,,,
SCC,144,0.7658874458874458,0.7658874458874458,7.310363324910579e-05,7.310363324910578e-05,0.766141414141414,0.7634632034632035,0.7686580086580087,1.4879722721541497,1.8137758144409828,,,,
SCC,145,0.7659307359307359,0.7659307359307359,7.257296358405937e-05,7.257296358405937e-05,0.7660865800865804,0.7634199134199134,0.7684848484848484,1.4879309209159255,1.8134065530953212,,,,
SCC,146,0.7658441558441559,0.7658441558441559,7.20646542137673e-05,7.206465421376731e-05,0.7659451659451659,0.7632900432900432,0.7682251082251083,1.487664959889012,1.8132297046655108,,,,
SCC,147,0.7663636363636364,0.7663636363636364,6.846040700080645e-05,6.846040700080643e-05,0.7661904761904762,0.7635497835497835,0.7680519480519481,1.4875678869396256,1.8133182130729701,,,,
SCC,148,0.7663203463203463,0.7663203463203463,6.748653937915619e-05,6.74865393791562e-05,0.7662914862914862,0.7638961038961039,0.7682683982683983,1.4874198082127408,1.8130762420157525,,,,
SCC,149,0.7661471861471861,0.7661471861471861,6.772208550913528e-05,6.77220855091353e-05,0.7662366522366525,0.7641125541125541,0.7685714285714286,1.4873693738665326,1.8132364047307723,,,,
SCC,150,0.7663203463203463,0.7663203463203463,6.675538213656154e-05,6.675538213656152e-05,0.7663953823953824,0.7642424242424243,0.7680519480519481,1.4870415928779566,1.8129065272080434,,,,
SCC,151,0.7661038961038961,0.7661038961038961,6.421998032325424e-05,6.421998032325423e-05,0.7662077922077922,0.7644155844155844,0.7679220779220779,1.4870255025553867,1.8129116754730288,,,,
SCC,152,0.7661471861471861,0.7661471861471861,6.497085295464445e-05,6.497085295464445e-05,0.7663088023088023,0.7639393939393939,0.7684848484848484,1.487003561529413,1.8123325626305964,,,,
SCC,153,0.7660606060606061,0.7660606060606061,6.338033096401126e-05,6.338033096401126e-05,0.766152958152958,0.7644155844155844,0.7677922077922078,1.486651845399035,1.8123861622585369,,,,
SCC,154,0.7662337662337663,0.7662337662337663,6.045369435299135e-05,6.045369435299135e-05,0.7663896103896104,0.7638961038961039,0.7682251082251083,1.4865107934543904,1.8125308958595814,,,,
SCC,155,0.7663203463203463,0.7663203463203463,5.935725837589284e-05,5.935725837589284e-05,0.7662655122655123,0.7641991341991342,0.7679220779220779,1.486118034734409,1.8124375121799234,,,,
SCC,156,0.7661471861471861,0.7661471861471861,6.007878874501433e-05,6.007878874501433e-05,0.7662106782106781,0.7641125541125541,0.7678354978354979,1.485632577113813,1.8126604445769754,,,,
SCC,157,0.7662337662337663,0.7662337662337663,5.721060378598687e-05,5.721060378598686e-05,0.7663376623376623,0.7643290043290043,0.7678354978354979,1.4854072708969244,1.8123564028887638,,,,
SCC,158,0.7665367965367965,0.7665367965367965,5.970931790722432e-05,5.970931790722432e-05,0.7665454545454545,0.7644588744588745,0.7683549783549783,1.4853405204757146,1.8124409003131585,,,,
SCC,159,0.7667532467532467,0.7667532467532467,5.920507034688379e-05,5.920507034688379e-05,0.7666089466089466,0.7645454545454545,0.768008658008658,1.4851494351510455,1.8125645107585313,,,,
SCC,160,0.767012987012987,0.767012987012987,5.6882583658538684e-05,5.68825836585387e-05,0.7667012987012986,0.7646320346320347,0.7682683982683983,1.484948861754111,1.8122584288065957,,,,
SCC,161,0.7669264069264069,0.7669264069264069,5.7784270546027104e-05,5.778427054602711e-05,0.7667849927849928,0.764978354978355,0.7682683982683983,1.4846258283688516,1.812594324865798,,,,
SCC,162,0.7668831168831168,0.7668831168831168,5.549533074235062e-05,5.549533074235062e-05,0.7667186147186147,0.7648484848484849,0.768095238095238,1.4845232295187802,1.8122088108252061,,,,
SCC,163,0.7668398268398269,0.7668398268398269,5.702042113347612e-05,5.7020421133476114e-05,0.7666926406926408,0.7644588744588745,0.7683982683982684,1.4841082372405063,1.8120146547547016,,,,
SCC,164,0.766969696969697,0.766969696969697,5.568467681162986e-05,5.568467681162985e-05,0.7668311688311689,0.7645887445887446,0.7683549783549783,1.48423431564657,1.8120592136474807,,,,
SCC,165,0.766969696969697,0.766969696969697,5.7908568850130725e-05,5.7908568850130725e-05,0.7668744588744588,0.7645454545454545,0.7683982683982684,1.4843360143447413,1.8121983072942491,,,,
SCC,166,0.7667965367965368,0.7667965367965368,5.5893540495024776e-05,5.589354049502478e-05,0.7667994227994227,0.7645887445887446,0.7683982683982684,1.483913721775317,1.8118794260173172,,,,
SCC,167,0.7668398268398269,0.7668398268398269,5.233966730718935e-05,5.2339667307189346e-05,0.7668253968253966,0.7646320346320347,0.7681818181818182,1.4842660513631305,1.811693862225335,,,,
SCC,168,0.7667532467532467,0.7667532467532467,5.1532071408507776e-05,5.153207140850778e-05,0.7668455988455989,0.7644588744588745,0.7683116883116883,1.483881366183724,1.8113850201392725,,,,
SCC,169,0.7668398268398269,0.7668398268398269,5.277250754440421e-05,5.2772507544404226e-05,0.7667878787878788,0.7646320346320347,0.7685281385281385,1.4834532335072348,1.811558748581868,,,,
SCC,170,0.7668398268398269,0.7668398268398269,5.123268123306785e-05,5.123268123306785e-05,0.7669437229437229,0.7652380952380953,0.7685714285714286,1.483387282861115,1.8114523570269343,,,,
SCC,171,0.7668831168831168,0.7668831168831168,5.108610478137043e-05,5.108610478137044e-05,0.7668253968253967,0.7648917748917748,0.7681385281385281,1.4835912311734987,1.8116341279316757,,,,
SCC,172,0.767012987012987,0.767012987012987,5.0000923967720886e-05,5.000092396772089e-05,0.7668455988455988,0.7650649350649351,0.7682683982683983,1.4832189138145124,1.811476400546038,,,,
SCC,173,0.7668831168831168,0.7668831168831168,5.1413457348638904e-05,5.141345734863889e-05,0.7668369408369408,0.7646753246753247,0.7683549783549783,1.4829454246956055,1.811645980623515,,,,
SCC,174,0.7668398268398269,0.7668398268398269,5.124900303943723e-05,5.124900303943721e-05,0.7667705627705629,0.7650649350649351,0.7683982683982684,1.4827983376709148,1.811621587375193,,,,
SCC,175,0.7668831168831168,0.7668831168831168,5.041092546212322e-05,5.041092546212323e-05,0.7668773448773449,0.7648917748917748,0.7683982683982684,1.4827296714289184,1.8116297817227107,,,,
SCC,176,0.7669264069264069,0.7669264069264069,4.93090396311656e-05,4.9309039631165596e-05,0.7668455988455987,0.7648484848484849,0.7684415584415585,1.482589489636387,1.8111239662581446,,,,
SCC,177,0.7669264069264069,0.7669264069264069,4.796110712095324e-05,4.7961107120953225e-05,0.7668744588744588,0.7648051948051948,0.7683982683982684,1.4825453118932608,1.8109064027432509,,,,
SCC,178,0.766969696969697,0.766969696969697,4.743985913632076e-05,4.743985913632076e-05,0.7668629148629147,0.765021645021645,0.7684848484848484,1.4821199102037417,1.81086917109936,,,,
SCC,179,0.7672727272727272,0.7672727272727272,4.640676169141849e-05,4.640676169141849e-05,0.767082251082251,0.7651515151515151,0.7687012987012987,1.4822577937437227,1.810832700113843,,,,
SCC,180,0.7672727272727272,0.7672727272727272,4.781776131054699e-05,4.781776131054699e-05,0.767047619047619,0.765021645021645,0.7687445887445887,1.482145190438102,1.8108800203047264,,,,
SCC,181,0.7671861471861472,0.7671861471861472,4.3948527983960236e-05,4.3948527983960236e-05,0.7671255411255412,0.7647619047619048,0.7685714285714286,1.4819548319378681,1.810552606864578,,,,
SCC,182,0.7672727272727272,0.7672727272727272,4.691323057823784e-05,4.691323057823784e-05,0.7670303030303031,0.7648051948051948,0.7685714285714286,1.4817611896444218,1.8105882821438046,,,,
SCC,183,0.7671861471861472,0.7671861471861472,4.56267233475219e-05,4.56267233475219e-05,0.766958152958153,0.7651082251082251,0.7683549783549783,1.481459811365491,1.8109601650062621,,,,
SCC,184,0.7672294372294373,0.7672294372294373,4.601417366802948e-05,4.601417366802947e-05,0.7669610389610388,0.7647186147186147,0.7683982683982684,1.481227379570026,1.8108385149031903,,,,
SCC,185,0.766969696969697,0.766969696969697,4.282738839779538e-05,4.2827388397795386e-05,0.7669523809523809,0.7649350649350649,0.7682251082251083,1.4812283358994849,1.8106118433027467,,,,
SCC,186,0.7667965367965368,0.7667965367965368,4.4104920491459046e-05,4.4104920491459046e-05,0.7668629148629148,0.7648917748917748,0.7681385281385281,1.4809964425777233,1.810747538698186,,,,
SCC,187,0.7667532467532467,0.7667532467532467,4.472858504617364e-05,4.472858504617364e-05,0.7668744588744587,0.765021645021645,0.7680519480519481,1.4808774892470384,1.8105145131384068,,,,
SCC,188,0.7665800865800866,0.7665800865800866,4.160016451062623e-05,4.1600164510626253e-05,0.7669062049062049,0.7652380952380953,0.7681385281385281,1.480984314451948,1.8103127440263194,,,,
SCC,189,0.7668398268398269,0.7668398268398269,4.2263561994762405e-05,4.22635619947624e-05,0.7668860028860028,0.7651948051948052,0.7682251082251083,1.4808553657249321,1.810382933373119,,,,
SCC,190,0.7667965367965368,0.7667965367965368,4.03583631574855e-05,4.03583631574855e-05,0.7669696969696972,0.7653246753246753,0.7683982683982684,1.480579677697985,1.810261813050662,,,,
SCC,191,0.7667965367965368,0.7667965367965368,4.152813892028994e-05,4.152813892028993e-05,0.766914862914863,0.7654978354978355,0.768008658008658,1.4806312822708112,1.8102731679186093,,,,
SCC,192,0.7670995670995671,0.7670995670995671,4.1509095475891745e-05,4.150909547589174e-05,0.7670880230880232,0.7653679653679654,0.7684415584415585,1.4806582362367355,1.8104205717404271,,,,
SCC,193,0.7671861471861472,0.7671861471861472,4.041172623146201e-05,4.041172623146201e-05,0.7671803751803752,0.7656709956709957,0.7686147186147186,1.4807199395732202,1.810543900429094,,,,
SCC,194,0.7673593073593074,0.7673593073593074,4.116042378331436e-05,4.116042378331436e-05,0.7672496392496392,0.7656277056277057,0.7685714285714286,1.480465900588222,1.8102945906257455,,,,
SCC,195,0.7670995670995671,0.7670995670995671,4.018337493656304e-05,4.018337493656306e-05,0.7672005772005773,0.7655411255411255,0.7685281385281385,1.4804297797840864,1.8100426268141676,,,,
SCC,196,0.7672294372294373,0.7672294372294373,3.981011838220886e-05,3.9810118382208875e-05,0.7672611832611832,0.7656277056277057,0.7688311688311689,1.48034108595558,1.8102111821954117,,,,
SCC,197,0.7675324675324675,0.7675324675324675,3.840336119819207e-05,3.840336119819207e-05,0.7674199134199132,0.7658441558441559,0.7688311688311689,1.4803489806608532,1.8099012980195237,,,,
SCC,198,0.7674025974025974,0.7674025974025974,3.913262519225078e-05,3.913262519225077e-05,0.7673823953823953,0.7657575757575757,0.7687012987012987,1.480230466448949,1.80990063722106,,,,
SCC,199,0.7674458874458875,0.7674458874458875,3.691521177148449e-05,3.691521177148449e-05,0.7674256854256856,0.7658874458874458,0.7688311688311689,1.4801729688974656,1.8097470146083898,,,,
TriMean,0,0.7402164502164502,0.7402164502164502,0.020681860518293016,0.02068186051829302,0.5162049062049061,0.3283982683982684,0.6707359307359307,2.068836578178692,2.208747262481229,,,,
TriMean,1,0.7583116883116883,0.7583116883116883,0.0289713602239001,0.028971360223900105,0.6159538239538239,0.39956709956709957,0.7519480519480519,1.9771088596493247,2.164720530335285,,,,
TriMean,2,0.7659307359307359,0.7659307359307359,0.0308121346899232,0.030812134689923203,0.6729812409812409,0.5106926406926406,0.7844588744588744,1.9509102981454665,2.1207913584933142,,,,
TriMean,3,0.7642424242424243,0.7642424242424243,0.030083554545832503,0.0300835545458325,0.7044790764790764,0.5632467532467532,0.8005627705627706,1.902902845623703,2.084241317783608,,,,
TriMean,4,0.7695238095238095,0.7695238095238095,0.028092843087874377,0.028092843087874384,0.7238152958152958,0.5978354978354978,0.8064935064935065,1.881141248635628,2.059217505416797,,,,
TriMean,5,0.7691774891774892,0.7691774891774892,0.02499800526552013,0.024998005265520134,0.7366118326118325,0.6255411255411255,0.811991341991342,1.8440486117767112,2.0339980570503933,,,,
TriMean,6,0.7710389610389611,0.7710389610389611,0.02332995859054321,0.023329958590543216,0.7442279942279941,0.6366666666666667,0.8108658008658008,1.839264748300595,2.013035934239052,,,,
TriMean,7,0.7682251082251083,0.7682251082251083,0.0200377965098881,0.020037796509888104,0.7493217893217893,0.6506926406926407,0.8148051948051948,1.8235470151881852,2.001244084368498,,,,
TriMean,8,0.7661471861471861,0.7661471861471861,0.018179863287217386,0.01817986328721739,0.7501933621933624,0.6568398268398269,0.8137662337662338,1.811862832563527,1.9930296486725754,,,,
TriMean,9,0.767965367965368,0.767965367965368,0.01650850013153755,0.01650850013153755,0.7546984126984128,0.6726406926406926,0.8121645021645022,1.800958178362683,1.9763512454661436,,,,
TriMean,10,0.7649350649350649,0.7649350649350649,0.015101569200249573,0.015101569200249573,0.7531168831168832,0.6793939393939394,0.811948051948052,1.7857048907329065,1.9659000998155929,,,,
TriMean,11,0.7638528138528139,0.7638528138528139,0.01340639416407658,0.013406394164076582,0.7539163059163059,0.6833766233766234,0.806017316017316,1.7686202538714737,1.9616665641245,,,,
TriMean,12,0.7641991341991342,0.7641991341991342,0.011964935572088331,0.01196493557208833,0.7563116883116884,0.6919047619047619,0.802987012987013,1.7641325602469082,1.9500903275612134,,,,
TriMean,13,0.7632034632034632,0.7632034632034632,0.010877166175751544,0.010877166175751548,0.755991341991342,0.6955844155844156,0.802987012987013,1.742452243363929,1.9448431669907762,,,,
TriMean,14,0.7622077922077922,0.7622077922077922,0.010094520628811294,0.010094520628811296,0.7562568542568543,0.6974025974025974,0.801038961038961,1.7381413830793502,1.9371741500601571,,,,
TriMean,15,0.7610822510822511,0.7610822510822511,0.009217263864928266,0.009217263864928266,0.7556479076479076,0.7022943722943723,0.8005194805194805,1.728096441950512,1.933068671426699,,,,
TriMean,16,0.7602164502164502,0.7602164502164502,0.008468335061275142,0.008468335061275142,0.7555151515151516,0.7048917748917749,0.796060606060606,1.7164013508255207,1.9246825130973646,,,,
TriMean,17,0.7615584415584415,0.7615584415584415,0.007583202296801356,0.007583202296801358,0.7578354978354979,0.7087878787878787,0.7931601731601732,1.7062091582131431,1.915816361888756,,,,
TriMean,18,0.7596103896103896,0.7596103896103896,0.00690186321312833,0.00690186321312833,0.7573910533910534,0.7161038961038961,0.789004329004329,1.6973762297725539,1.913444437057487,,,,
TriMean,19,0.7598701298701299,0.7598701298701299,0.0064396626171581445,0.006439662617158146,0.7565627705627705,0.7145887445887446,0.7906060606060606,1.6838365827552706,1.9099458495681392,,,,
TriMean,20,0.7598268398268399,0.7598268398268399,0.005734773085723035,0.0057347730857230375,0.7567359307359306,0.7197402597402598,0.7858874458874459,1.6771318043984482,1.90339369454833,,,,
TriMean,21,0.7587878787878788,0.7587878787878788,0.00541589170919669,0.00541589170919669,0.7565772005772006,0.7207792207792207,0.7867532467532468,1.6686630786854453,1.8990045009105723,,,,
TriMean,22,0.7578354978354979,0.7578354978354979,0.00489935844657488,0.004899358446574881,0.7548946608946611,0.722987012987013,0.7841991341991342,1.661055171558953,1.8974452340873675,,,,
TriMean,23,0.755974025974026,0.755974025974026,0.004574557928910993,0.004574557928910993,0.7543318903318904,0.7216017316017316,0.7841991341991342,1.6547335293900796,1.8941340656462622,,,,
TriMean,24,0.7558874458874459,0.7558874458874459,0.004219000374981738,0.004219000374981738,0.7546724386724386,0.7241991341991342,0.7838095238095238,1.6475356641440952,1.890539793488028,,,,
TriMean,25,0.7564935064935064,0.7564935064935064,0.004139089116271094,0.004139089116271094,0.7552611832611833,0.7248917748917749,0.7809090909090909,1.6427051960976606,1.8875005063884367,,,,
TriMean,26,0.754978354978355,0.754978354978355,0.003920812184877588,0.003920812184877588,0.7544444444444444,0.7252813852813853,0.7806493506493507,1.636267003667449,1.8853856628989698,,,,
TriMean,27,0.7547619047619047,0.7547619047619047,0.003670832111840542,0.0036708321118405426,0.753988455988456,0.7263636363636363,0.7787012987012987,1.6333635891969538,1.8818959730840892,,,,
TriMean,28,0.7538961038961038,0.7538961038961038,0.0034258601757471193,0.0034258601757471193,0.7536738816738815,0.7283116883116884,0.7782683982683982,1.6270475091496734,1.8808470859058712,,,,
TriMean,29,0.7532034632034632,0.7532034632034632,0.003219204178649787,0.003219204178649788,0.7532265512265511,0.7293506493506493,0.7763203463203463,1.6218384802474495,1.8806023726378913,,,,
TriMean,30,0.7533766233766234,0.7533766233766234,0.003066780655862458,0.0030667806558624584,0.7530476190476191,0.7309523809523809,0.7761471861471861,1.6153213709849403,1.88010025656006,,,,
TriMean,31,0.7526839826839827,0.7526839826839827,0.0029579011796131076,0.0029579011796131076,0.7519711399711401,0.7309523809523809,0.7724675324675324,1.609633662205032,1.876998742353617,,,,
TriMean,32,0.7523376623376623,0.7523376623376623,0.0029012244595635725,0.0029012244595635725,0.7517142857142858,0.7306926406926407,0.7726406926406927,1.6042077459651019,1.8752292798608323,,,,
TriMean,33,0.7529437229437229,0.7529437229437229,0.0026112166558146703,0.0026112166558146708,0.7527272727272728,0.7318181818181818,0.7728571428571429,1.6003449959188352,1.8730245258244718,,,,
TriMean,34,0.7521645021645021,0.7521645021645021,0.002485378173485122,0.0024853781734851224,0.7524761904761905,0.7324242424242424,0.7725108225108225,1.5955710484014551,1.8721774897875167,,,,
TriMean,35,0.7520779220779221,0.7520779220779221,0.00231409863874283,0.00231409863874283,0.7518066378066377,0.7312987012987013,0.7703030303030303,1.5921833658485616,1.870421852807877,,,,
TriMean,36,0.7522510822510823,0.7522510822510823,0.0021677973924548915,0.0021677973924548915,0.7524733044733044,0.7339393939393939,0.7694805194805194,1.5879147590717588,1.86769515839922,,,,
TriMean,37,0.7518614718614719,0.7518614718614719,0.0021085604442039,0.0021085604442039,0.7516334776334775,0.7320779220779221,0.7688311688311689,1.5850486459712698,1.866255535767149,,,,
TriMean,38,0.7516450216450217,0.7516450216450217,0.001960056270531284,0.0019600562705312844,0.7516536796536797,0.7352380952380952,0.768961038961039,1.584625722602449,1.8645311176171468,,,,
TriMean,39,0.7516017316017316,0.7516017316017316,0.0019290414877088857,0.0019290414877088855,0.7518759018759017,0.7350649350649351,0.7688744588744588,1.5817908476540832,1.863916929226394,,,,
TriMean,40,0.7513419913419913,0.7513419913419913,0.0018159795250748442,0.0018159795250748444,0.7513823953823953,0.7338961038961039,0.7693073593073593,1.5775920986988636,1.8623972211854758,,,,
TriMean,41,0.7512121212121212,0.7512121212121212,0.0017632974268242984,0.0017632974268242986,0.750966810966811,0.7329437229437229,0.7685281385281385,1.5741143411087806,1.862245311465735,,,,
TriMean,42,0.7512121212121212,0.7512121212121212,0.0017260987909191508,0.0017260987909191508,0.7516046176046175,0.7338961038961039,0.7682683982683983,1.5723058633805747,1.860919338428833,,,,
TriMean,43,0.7513852813852814,0.7513852813852814,0.0016550719399724332,0.0016550719399724336,0.7519451659451659,0.7356709956709957,0.7677489177489177,1.5692675071960416,1.857039576017628,,,,
TriMean,44,0.7512554112554113,0.7512554112554113,0.0015430657865566212,0.001543065786556621,0.7511053391053392,0.7364502164502165,0.7643722943722944,1.565493229063681,1.8561039518569626,,,,
TriMean,45,0.7510389610389611,0.7510389610389611,0.001517422057985687,0.0015174220579856873,0.7514256854256854,0.7348484848484849,0.765021645021645,1.5635557370897768,1.8552924118683578,,,,
TriMean,46,0.7518614718614719,0.7518614718614719,0.0014219831853298924,0.0014219831853298929,0.751907647907648,0.7367099567099568,0.7641125541125541,1.5610970002179585,1.8541547853812332,,,,
TriMean,47,0.7516017316017316,0.7516017316017316,0.00140198928984729,0.0014019892898472902,0.751849927849928,0.735974025974026,0.7633766233766234,1.558916767475123,1.8529145432510266,,,,
TriMean,48,0.7521645021645021,0.7521645021645021,0.0013024448630655865,0.0013024448630655863,0.7520404040404042,0.7380519480519481,0.763982683982684,1.5573017335840469,1.8505069141377457,,,,
TriMean,49,0.7522510822510823,0.7522510822510823,0.001260282803279691,0.001260282803279691,0.7521673881673882,0.7365367965367965,0.7645454545454545,1.553880630929216,1.8508689529609847,,,,
TriMean,50,0.7521645021645021,0.7521645021645021,0.001225479269385911,0.0012254792693859112,0.7522106782106782,0.7374458874458875,0.7647186147186147,1.5521820368009185,1.850626370402227,,,,
TriMean,51,0.7518181818181818,0.7518181818181818,0.0012277592240994087,0.0012277592240994089,0.7521240981240981,0.7379220779220779,0.7644588744588745,1.5498975117557767,1.8498725121826456,,,,
TriMean,52,0.7525108225108225,0.7525108225108225,0.0011804637559055457,0.001180463755905546,0.7524011544011543,0.7387445887445887,0.7630735930735931,1.5476586535803207,1.848545446877018,,,,
TriMean,53,0.7521212121212121,0.7521212121212121,0.0011482624217795704,0.0011482624217795704,0.7521385281385281,0.7389610389610389,0.7634632034632035,1.5458933203400176,1.8471809508807362,,,,
TriMean,54,0.7526406926406927,0.7526406926406927,0.0010934513230956761,0.0010934513230956766,0.7521183261183262,0.7394805194805195,0.7631601731601731,1.5433770880700763,1.847704850005518,,,,
TriMean,55,0.7525541125541125,0.7525541125541125,0.001050686481164744,0.0010506864811647442,0.7522251082251081,0.7396103896103896,0.7645021645021645,1.540913736638827,1.8459960237235131,,,,
TriMean,56,0.7520779220779221,0.7520779220779221,0.0010269890604635433,0.0010269890604635433,0.7518672438672438,0.7389177489177489,0.7622943722943722,1.5394671798173787,1.8465446903124683,,,,
TriMean,57,0.7516883116883117,0.7516883116883117,0.0009620459787949819,0.000962045978794982,0.7515699855699854,0.7385281385281385,0.7625974025974026,1.5377645187136864,1.8458724244666167,,,,
TriMean,58,0.7516450216450217,0.7516450216450217,0.000945432336594882,0.000945432336594882,0.7515295815295814,0.7400865800865801,0.7612987012987013,1.5374330504411544,1.844786065648798,,,,
TriMean,59,0.7514718614718615,0.7514718614718615,0.000907992834053113,0.0009079928340531132,0.7513737373737375,0.7399567099567099,0.7611688311688312,1.5357036440073313,1.8438910274161666,,,,
TriMean,60,0.7513419913419913,0.7513419913419913,0.0008810164390502109,0.000881016439050211,0.7513708513708514,0.7402164502164502,0.7613852813852814,1.5341075726662234,1.8438410879331129,,,,
TriMean,61,0.7516450216450217,0.7516450216450217,0.0008642479138665119,0.0008642479138665119,0.7512784992784993,0.7406926406926407,0.7624242424242424,1.5322921243477208,1.8435580708449404,,,,
TriMean,62,0.7507792207792208,0.7507792207792208,0.0008242465374770013,0.0008242465374770014,0.7508340548340549,0.7407359307359307,0.7617748917748918,1.5313313632860517,1.8424978655427655,,,,
TriMean,63,0.750995670995671,0.750995670995671,0.0007931646931058019,0.0007931646931058019,0.750865800865801,0.7401298701298701,0.7619480519480519,1.5297980447134523,1.843495261992855,,,,
TriMean,64,0.7512121212121212,0.7512121212121212,0.000762077854130164,0.000762077854130164,0.7505974025974026,0.7403463203463203,0.7608658008658009,1.5286990900900537,1.8425996832310103,,,,
TriMean,65,0.7511688311688312,0.7511688311688312,0.0007271787539660651,0.0007271787539660651,0.7510043290043289,0.740909090909091,0.7607359307359307,1.527016968710179,1.8422912882386269,,,,
TriMean,66,0.7509090909090909,0.7509090909090909,0.0007136685041517304,0.0007136685041517305,0.7506291486291485,0.741038961038961,0.7596536796536797,1.52593659994586,1.842299476096584,,,,
TriMean,67,0.7514718614718615,0.7514718614718615,0.0007290095310555842,0.0007290095310555844,0.7508311688311688,0.7413852813852814,0.7595238095238095,1.524189615034528,1.8414673440801461,,,,
TriMean,68,0.750995670995671,0.750995670995671,0.00069213785737411,0.0006921378573741102,0.7507070707070708,0.7425974025974026,0.7594372294372295,1.5226631711727547,1.8413427789133816,,,,
TriMean,69,0.7512554112554113,0.7512554112554113,0.0006630148523570926,0.0006630148523570927,0.7507301587301587,0.7416017316017316,0.7603463203463203,1.5218574882126827,1.8401939744725155,,,,
TriMean,70,0.7505627705627705,0.7505627705627705,0.0006463290178052322,0.0006463290178052323,0.7504848484848485,0.7410822510822511,0.7595238095238095,1.5209496114742556,1.8397768791781028,,,,
TriMean,71,0.7503030303030302,0.7503030303030302,0.0006291507878679074,0.0006291507878679075,0.7502539682539683,0.7408658008658009,0.759004329004329,1.5199907678862388,1.8386385696873848,,,,
TriMean,72,0.7501731601731602,0.7501731601731602,0.0006263152423459472,0.0006263152423459472,0.750248196248196,0.7408225108225108,0.7590476190476191,1.5183666367210864,1.8394331753178843,,,,
TriMean,73,0.7496103896103896,0.7496103896103896,0.0006066735895998483,0.0006066735895998483,0.7500663780663782,0.7411255411255411,0.7585281385281385,1.5171888476096995,1.8399248323951687,,,,
TriMean,74,0.7495670995670995,0.7495670995670995,0.0006021719215540583,0.0006021719215540583,0.7499105339105339,0.7411688311688311,0.7585281385281385,1.5156949419088863,1.8389134177588935,,,,
TriMean,75,0.7497402597402597,0.7497402597402597,0.0005828530679057669,0.0005828530679057669,0.7500721500721501,0.7411255411255411,0.7587878787878788,1.5150253863838934,1.8385555936349438,,,,
TriMean,76,0.7494805194805195,0.7494805194805195,0.0005640925814927857,0.0005640925814927858,0.7500317460317462,0.7409523809523809,0.7583549783549783,1.513864522342371,1.8393029989461527,,,,
TriMean,77,0.75,0.75,0.0005469557860979349,0.0005469557860979349,0.7500317460317462,0.741038961038961,0.7583549783549783,1.5128684586016532,1.8392755484331398,,,,
TriMean,78,0.7499567099567099,0.7499567099567099,0.000536448228213233,0.0005364482282132331,0.750098124098124,0.740995670995671,0.7592207792207792,1.5117440466663572,1.8384369791812136,,,,
TriMean,79,0.7501731601731602,0.7501731601731602,0.0005346249108732043,0.0005346249108732043,0.750083694083694,0.7421645021645021,0.7586147186147186,1.5107030255400318,1.8381038230498588,,,,
TriMean,80,0.7499134199134199,0.7499134199134199,0.0005309672262590262,0.0005309672262590263,0.7501067821067822,0.7421645021645021,0.7583982683982684,1.5100276865364877,1.8377622363654718,,,,
TriMean,81,0.7500865800865801,0.7500865800865801,0.0005157702089919551,0.0005157702089919551,0.750023088023088,0.7416017316017316,0.7583982683982684,1.5098322064047518,1.8372877211307146,,,,
TriMean,82,0.7497835497835498,0.7497835497835498,0.0005046077661707137,0.0005046077661707135,0.749896103896104,0.7409523809523809,0.7580519480519481,1.5087905862859636,1.8379191941188435,,,,
TriMean,83,0.7496103896103896,0.7496103896103896,0.00047392058681125883,0.0004739205868112589,0.7498730158730158,0.7416883116883117,0.7578787878787879,1.5077666417733637,1.8371228722763164,,,,
TriMean,84,0.7495670995670995,0.7495670995670995,0.0004479832955424756,0.0004479832955424756,0.7497662337662336,0.7427272727272727,0.7578354978354979,1.506707453608594,1.8368260367212486,,,,
TriMean,85,0.7499134199134199,0.7499134199134199,0.00045203576911299914,0.00045203576911299935,0.7501327561327563,0.7423376623376623,0.7575757575757576,1.5063940186468314,1.8357595414839174,,,,
TriMean,86,0.7496969696969698,0.7496969696969698,0.0004337735065833078,0.0004337735065833078,0.7502193362193363,0.7423809523809524,0.7572294372294373,1.5057886255921318,1.8353362048517652,,,,
TriMean,87,0.7498268398268398,0.7498268398268398,0.0004263534480143475,0.0004263534480143474,0.7503001443001444,0.7427272727272727,0.7569264069264069,1.5049856078817683,1.8353360984511338,,,,
TriMean,88,0.7496969696969698,0.7496969696969698,0.00042972149427715495,0.0004297214942771549,0.7501760461760462,0.7416017316017316,0.7577056277056277,1.5039909982421706,1.8342978782141555,,,,
TriMean,89,0.7498701298701299,0.7498701298701299,0.0004229072022588357,0.00042290720225883564,0.7503116883116884,0.7419480519480519,0.7569264069264069,1.5034169072367123,1.8336881010771713,,,,
TriMean,90,0.7493939393939394,0.7493939393939394,0.00040554400360865307,0.0004055440036086532,0.7497777777777778,0.7416017316017316,0.7558874458874459,1.5025082360421333,1.8344526518574071,,,,
TriMean,91,0.7493506493506493,0.7493506493506493,0.0003948935384175615,0.0003948935384175616,0.7498210678210679,0.741904761904762,0.7562337662337663,1.5018802376445162,1.833794318822763,,,,
TriMean,92,0.7498701298701299,0.7498701298701299,0.00039458624793392653,0.0003945862479339265,0.750106782106782,0.7422510822510823,0.7571861471861472,1.5008411310045262,1.83345199856826,,,,
TriMean,93,0.7496536796536797,0.7496536796536797,0.0003635808493905791,0.0003635808493905791,0.7499105339105339,0.7432034632034632,0.7566666666666667,1.5002117122669454,1.8333247850900252,,,,
TriMean,94,0.7497402597402597,0.7497402597402597,0.00036971922826482145,0.00036971922826482145,0.7499422799422798,0.7434632034632035,0.7564069264069264,1.4995626629706373,1.8330663132358964,,,,
TriMean,95,0.7499134199134199,0.7499134199134199,0.0003657609181540609,0.0003657609181540609,0.749962481962482,0.7432034632034632,0.7570562770562771,1.4993607463113614,1.83272142862387,,,,
TriMean,96,0.7496536796536797,0.7496536796536797,0.00036510764528626375,0.00036510764528626375,0.749991341991342,0.7436796536796537,0.7563636363636363,1.4980881420859975,1.8324276424349064,,,,
TriMean,97,0.7496103896103896,0.7496103896103896,0.0003624128829933893,0.0003624128829933893,0.7500404040404042,0.7430735930735931,0.7567532467532467,1.497695872591936,1.83216677184813,,,,
TriMean,98,0.7499134199134199,0.7499134199134199,0.00035526746049012816,0.00035526746049012816,0.750075036075036,0.7440692640692641,0.7563203463203463,1.4971631265071075,1.8326429008892282,,,,
TriMean,99,0.7497402597402597,0.7497402597402597,0.0003434161487656373,0.0003434161487656373,0.7502135642135641,0.7437229437229437,0.7564502164502165,1.4964327477428707,1.832771846936108,,,,
TriMean,100,0.7496969696969698,0.7496969696969698,0.0003349065115472967,0.00033490651154729665,0.750152958152958,0.7437662337662337,0.756969696969697,1.4958180787955861,1.8321483918168848,,,,
TriMean,101,0.7496969696969698,0.7496969696969698,0.0003236983914699906,0.0003236983914699906,0.750046176046176,0.7438095238095238,0.7568831168831169,1.4949964334939927,1.831960919207465,,,,
TriMean,102,0.7493506493506493,0.7493506493506493,0.00030989868369549,0.00030989868369548995,0.7498412698412699,0.7438095238095238,0.7569264069264069,1.494479132703001,1.8319702575107528,,,,
TriMean,103,0.7491341991341991,0.7491341991341991,0.0003179819473399487,0.00031798194733994873,0.7497893217893218,0.7438528138528139,0.7566666666666667,1.493232188712983,1.8320132090745944,,,,
TriMean,104,0.749004329004329,0.749004329004329,0.00030385381996037567,0.00030385381996037567,0.7493391053391055,0.7430735930735931,0.7553679653679654,1.4927935808406032,1.832564763923468,,,,
TriMean,105,0.7488311688311688,0.7488311688311688,0.0003066159229269465,0.00030661592292694656,0.7493304473304474,0.7429437229437229,0.7553246753246753,1.492202291016581,1.8321276094348244,,,,
TriMean,106,0.7489177489177489,0.7489177489177489,0.0002954039526602198,0.0002954039526602199,0.7493852813852814,0.7435930735930736,0.7554112554112554,1.4913798175447803,1.8324200537225608,,,,
TriMean,107,0.7490909090909091,0.7490909090909091,0.00029151405228037365,0.0002915140522803737,0.7493708513708512,0.7437662337662337,0.754978354978355,1.4911286939878887,1.8319244229930731,,,,
TriMean,108,0.7493506493506493,0.7493506493506493,0.00028894284002524645,0.0002889428400252464,0.7495468975468976,0.7431601731601731,0.7552813852813853,1.4905118970563593,1.8316938046467743,,,,
TriMean,109,0.7496103896103896,0.7496103896103896,0.00027010333790517926,0.00027010333790517937,0.7497200577200579,0.7435930735930736,0.7554545454545455,1.4903207818224553,1.8315618627052348,,,,
TriMean,110,0.7500432900432901,0.7500432900432901,0.0002686851001446207,0.00026868510014462074,0.749976911976912,0.7438528138528139,0.7557575757575757,1.4897252805309953,1.8307188993044161,,,,
TriMean,111,0.7501731601731602,0.7501731601731602,0.0002639359335032584,0.00026393593350325834,0.750083694083694,0.7444155844155844,0.7557142857142857,1.488983052284643,1.8299840346379024,,,,
TriMean,112,0.7506926406926407,0.7506926406926407,0.0002631104626548946,0.00026311046265489464,0.7505165945165945,0.7448484848484849,0.7565800865800866,1.4884621087857055,1.8302323506106932,,,,
TriMean,113,0.7504761904761905,0.7504761904761905,0.00025265361371323294,0.00025265361371323305,0.7505367965367966,0.7447186147186147,0.7562770562770563,1.487977874578607,1.8302845886516819,,,,
TriMean,114,0.7506926406926407,0.7506926406926407,0.00025175336480670157,0.00025175336480670157,0.7506147186147185,0.7450649350649351,0.7561904761904762,1.4878880634050597,1.829865724125936,,,,
TriMean,115,0.7506926406926407,0.7506926406926407,0.0002528055902549389,0.00025280559025493883,0.7508080808080809,0.7456277056277056,0.7564502164502165,1.487670930026209,1.8296001671147366,,,,
TriMean,116,0.7506493506493507,0.7506493506493507,0.00023911966355860765,0.0002391196635586076,0.7506839826839827,0.7456277056277056,0.7562770562770563,1.4874580340036574,1.829410663785183,,,,
TriMean,117,0.7509090909090909,0.7509090909090909,0.00023833476128077015,0.0002383347612807701,0.7508427128427129,0.7454545454545455,0.7561471861471861,1.4871882444108229,1.8284041714634622,,,,
TriMean,118,0.7509090909090909,0.7509090909090909,0.00023984199403742054,0.00023984199403742054,0.7509841269841271,0.7460606060606061,0.7574025974025974,1.4869420187862268,1.8286574726447682,,,,
TriMean,119,0.7512121212121212,0.7512121212121212,0.0002376299896075995,0.00023762998960759956,0.7511168831168831,0.7458008658008658,0.7567965367965368,1.486314010669671,1.8281792834985031,,,,
TriMean,120,0.7511688311688312,0.7511688311688312,0.00023278751719710457,0.0002327875171971046,0.7511601731601731,0.7456709956709957,0.757099567099567,1.4858669563291111,1.8281628104124248,,,,
TriMean,121,0.7510822510822511,0.7510822510822511,0.00023146990908824862,0.00023146990908824868,0.7512756132756133,0.7457142857142857,0.7570562770562771,1.4853891968352222,1.8275458363330312,,,,
TriMean,122,0.7511688311688312,0.7511688311688312,0.00023377686236204947,0.00023377686236204944,0.7511341991341991,0.7458874458874459,0.7565367965367965,1.484803233668477,1.82831567591789,,,,
TriMean,123,0.7511688311688312,0.7511688311688312,0.00022827816266978747,0.00022827816266978742,0.7509696969696971,0.7456709956709957,0.7570562770562771,1.484659516083479,1.8289002202204625,,,,
TriMean,124,0.7507792207792208,0.7507792207792208,0.00022390373476882994,0.00022390373476882997,0.750900432900433,0.7461038961038962,0.7566233766233766,1.4843904032786808,1.8281852986520737,,,,
TriMean,125,0.7508658008658009,0.7508658008658009,0.00021916623304453454,0.0002191662330445345,0.7508196248196248,0.7462770562770563,0.7560606060606061,1.483907131308114,1.8277337481208038,,,,
TriMean,126,0.7506060606060606,0.7506060606060606,0.00021412245800617915,0.00021412245800617915,0.7506176046176046,0.7458441558441559,0.7563203463203463,1.4834446955341178,1.8278900946049623,,,,
TriMean,127,0.7503896103896104,0.7503896103896104,0.0002039365573032242,0.00020393655730322418,0.7504761904761903,0.7464935064935065,0.7555411255411255,1.4828889987935971,1.8277966979636833,,,,
TriMean,128,0.7506060606060606,0.7506060606060606,0.00020322978371417778,0.00020322978371417784,0.7507157287157288,0.7464502164502165,0.7554978354978354,1.4825892335017652,1.8278321679091238,,,,
TriMean,129,0.7503896103896104,0.7503896103896104,0.0002014325367645015,0.00020143253676450153,0.7505483405483405,0.7466233766233766,0.7553246753246753,1.481941666709078,1.8282552228095275,,,,
TriMean,130,0.7504761904761905,0.7504761904761905,0.0002013695780598342,0.0002013695780598342,0.7505396825396825,0.7461904761904762,0.7550649350649351,1.4818538440018143,1.827268648363465,,,,
TriMean,131,0.7503463203463203,0.7503463203463203,0.0001984035354066462,0.0001984035354066462,0.7503318903318903,0.7463203463203463,0.7546753246753247,1.481216207095442,1.8277050084278539,,,,
TriMean,132,0.7503896103896104,0.7503896103896104,0.00019503765272898345,0.00019503765272898345,0.7504992784992784,0.7464935064935065,0.7557142857142857,1.4810254386042783,1.826681795403863,,,,
TriMean,133,0.7502164502164502,0.7502164502164502,0.0001855112927712844,0.00018551129277128442,0.7504819624819625,0.7461904761904762,0.7554112554112554,1.4805860442542016,1.8273968357340384,,,,
TriMean,134,0.7501298701298701,0.7501298701298701,0.00018465458916977397,0.00018465458916977403,0.7503838383838383,0.7461904761904762,0.7554112554112554,1.4803234422191318,1.8280931492501489,,,,
TriMean,135,0.7502164502164502,0.7502164502164502,0.0001802396120373523,0.0001802396120373523,0.7504329004329006,0.7458874458874459,0.7551082251082251,1.4800876685634212,1.827959966161572,,,,
TriMean,136,0.7501731601731602,0.7501731601731602,0.0001848606474877115,0.0001848606474877115,0.7506233766233767,0.7463203463203463,0.7556277056277056,1.4794874225958887,1.8275649975838455,,,,
TriMean,137,0.7503030303030302,0.7503030303030302,0.00018437139341241223,0.00018437139341241225,0.7507561327561327,0.7463636363636363,0.7552813852813853,1.4790159795631481,1.8274084762654217,,,,
TriMean,138,0.7505627705627705,0.7505627705627705,0.00017957083005740423,0.00017957083005740423,0.7506060606060607,0.7458441558441559,0.7556277056277056,1.4788387834915828,1.8266062300188426,,,,
TriMean,139,0.7507792207792208,0.7507792207792208,0.0001762578638411462,0.0001762578638411462,0.7507647907647909,0.7464502164502165,0.7556709956709957,1.4785734463123255,1.8265742699500385,,,,
TriMean,140,0.7508225108225108,0.7508225108225108,0.00017383507482146576,0.0001738350748214658,0.7507907647907648,0.7467532467532467,0.7552380952380953,1.478142021171697,1.8260603595373075,,,,
TriMean,141,0.7506060606060606,0.7506060606060606,0.00016796139026500488,0.00016796139026500486,0.7505916305916305,0.7465800865800866,0.7552813852813853,1.477970728897498,1.8266015115844336,,,,
TriMean,142,0.7502164502164502,0.7502164502164502,0.0001623085094298287,0.00016230850942982876,0.7502799422799422,0.7464502164502165,0.754978354978355,1.4775361745213726,1.826996319181235,,,,
TriMean,143,0.7501731601731602,0.7501731601731602,0.00016243325507450944,0.00016243325507450944,0.7502886002886002,0.7461904761904762,0.7548484848484849,1.4771257611442934,1.826673310171344,,,,
TriMean,144,0.7501298701298701,0.7501298701298701,0.000159210945331665,0.00015921094533166496,0.7504300144300146,0.7465367965367965,0.754891774891775,1.476759907832605,1.8262541853367933,,,,
TriMean,145,0.7500865800865801,0.7500865800865801,0.0001615871944802996,0.00016158719448029963,0.7504444444444445,0.7469264069264069,0.7547186147186147,1.4768744623485792,1.8259999439410484,,,,
TriMean,146,0.7499134199134199,0.7499134199134199,0.00015637476356871512,0.0001563747635687151,0.7501529581529581,0.7463636363636363,0.7544588744588745,1.4763432461710895,1.8258454413825478,,,,
TriMean,147,0.7499134199134199,0.7499134199134199,0.00014894585405222265,0.00014894585405222268,0.7502886002886003,0.747012987012987,0.7547619047619047,1.4762106989382797,1.8263857250757143,,,,
TriMean,148,0.7502164502164502,0.7502164502164502,0.0001459130269463084,0.00014591302694630837,0.7504242424242425,0.7464069264069264,0.755021645021645,1.4759442092610242,1.8258462935362996,,,,
TriMean,149,0.7503896103896104,0.7503896103896104,0.00014345304320584614,0.0001434530432058461,0.7506060606060607,0.746969696969697,0.754978354978355,1.4757342276644685,1.8258209847351186,,,,
TriMean,150,0.7503030303030302,0.7503030303030302,0.0001431832365233145,0.0001431832365233145,0.7506349206349207,0.7467965367965368,0.7545454545454545,1.4754161111285982,1.8253133705435551,,,,
TriMean,151,0.7501298701298701,0.7501298701298701,0.0001398537531536259,0.0001398537531536259,0.7505367965367965,0.7472294372294372,0.7546753246753247,1.4752028977265579,1.8255479877708056,,,,
TriMean,152,0.7503463203463203,0.7503463203463203,0.0001411597015873372,0.00014115970158733724,0.7506580086580087,0.7467965367965368,0.7548051948051948,1.4748208663573736,1.8250991172455375,,,,
TriMean,153,0.7503896103896104,0.7503896103896104,0.00013817921010339946,0.0001381792101033995,0.7505656565656565,0.7466666666666667,0.7546320346320347,1.4745644861348235,1.825410678425445,,,,
TriMean,154,0.7503030303030302,0.7503030303030302,0.00013565637508989632,0.00013565637508989632,0.7506378066378065,0.7463203463203463,0.7546320346320347,1.4742094674822048,1.825034675977412,,,,
TriMean,155,0.7499567099567099,0.7499567099567099,0.00013580672716205906,0.00013580672716205906,0.7503492063492063,0.7471428571428571,0.7541558441558441,1.4735593106195246,1.8248995934123518,,,,
TriMean,156,0.7500432900432901,0.7500432900432901,0.0001340668072419127,0.0001340668072419127,0.7503578643578643,0.7466666666666667,0.753982683982684,1.4732226258658094,1.8250724234185336,,,,
TriMean,157,0.75,0.75,0.00013061486988436745,0.00013061486988436745,0.7502481962481962,0.7465800865800866,0.7541125541125541,1.472904243115392,1.8253165618606557,,,,
TriMean,158,0.7502164502164502,0.7502164502164502,0.00013143321634703612,0.0001314332163470361,0.7504733044733045,0.7467965367965368,0.7541558441558441,1.4728642181220963,1.8254408200235754,,,,
TriMean,159,0.7502597402597403,0.7502597402597403,0.00012945523791460861,0.0001294552379146086,0.7504646464646464,0.746969696969697,0.7545021645021645,1.4728104074157755,1.825330969717186,,,,
TriMean,160,0.7502164502164502,0.7502164502164502,0.00012641614697165614,0.0001264161469716561,0.7504386724386723,0.7467532467532467,0.7545021645021645,1.4723339258842991,1.8252859135477322,,,,
TriMean,161,0.7500865800865801,0.7500865800865801,0.00012580782572635561,0.00012580782572635561,0.7504444444444446,0.7471428571428571,0.7540692640692641,1.471995672101369,1.8256455680769816,,,,
TriMean,162,0.7501298701298701,0.7501298701298701,0.00012543226999086926,0.00012543226999086926,0.7504617604617603,0.7467532467532467,0.7543290043290043,1.471810583987955,1.8251163983179837,,,,
TriMean,163,0.7500865800865801,0.7500865800865801,0.00012591949142256434,0.00012591949142256437,0.7506666666666667,0.7463203463203463,0.7546320346320347,1.471382248362194,1.8248582136301745,,,,
TriMean,164,0.7504761904761905,0.7504761904761905,0.00012458083658449678,0.0001245808365844968,0.7507907647907647,0.7468831168831169,0.7543290043290043,1.471448942909614,1.824856682559632,,,,
TriMean,165,0.7503463203463203,0.7503463203463203,0.00012777046096653928,0.0001277704609665393,0.7507849927849928,0.7468398268398269,0.7545021645021645,1.4715168601023174,1.824418526736882,,,,
TriMean,166,0.7505627705627705,0.7505627705627705,0.00012301131372880543,0.00012301131372880546,0.7508629148629148,0.7468398268398269,0.7546320346320347,1.471090694022036,1.824467877856831,,,,
TriMean,167,0.7505627705627705,0.7505627705627705,0.00011675495693057368,0.00011675495693057371,0.7506666666666665,0.7467965367965368,0.754025974025974,1.4710751881133945,1.8239629455832342,,,,
TriMean,168,0.7505627705627705,0.7505627705627705,0.00011599347184708728,0.00011599347184708727,0.7506984126984126,0.7464502164502165,0.7544588744588745,1.4705673404565207,1.8239149356333433,,,,
TriMean,169,0.7506926406926407,0.7506926406926407,0.00011728405851794948,0.00011728405851794952,0.7507417027417027,0.7467099567099567,0.7542857142857143,1.4699123344486593,1.824098478764384,,,,
TriMean,170,0.7506060606060606,0.7506060606060606,0.00011596519680414834,0.00011596519680414833,0.750787878787879,0.7474458874458875,0.7542857142857143,1.469794606262909,1.8241903479333301,,,,
TriMean,171,0.7504329004329005,0.7504329004329005,0.00011245015977771774,0.00011245015977771773,0.7508975468975467,0.7475757575757576,0.7542857142857143,1.4698384001999214,1.8240836654991768,,,,
TriMean,172,0.7506060606060606,0.7506060606060606,0.00011145276893850718,0.00011145276893850719,0.7509119769119769,0.747012987012987,0.7546320346320347,1.4695221695753493,1.824136337799284,,,,
TriMean,173,0.7503896103896104,0.7503896103896104,0.00011284752138962768,0.00011284752138962769,0.7507849927849927,0.7472294372294372,0.7549350649350649,1.4690727912036732,1.8246490842801775,,,,
TriMean,174,0.7505194805194805,0.7505194805194805,0.00011368706243883715,0.00011368706243883715,0.7507186147186147,0.7470562770562771,0.7548051948051948,1.4688461396890522,1.82486015131834,,,,
TriMean,175,0.7505194805194805,0.7505194805194805,0.00011083553384861976,0.00011083553384861976,0.7506002886002886,0.7470995670995672,0.7543290043290043,1.4687793797326614,1.824536101555421,,,,
TriMean,176,0.7506926406926407,0.7506926406926407,0.00011151530555294992,0.00011151530555294992,0.7506637806637807,0.746969696969697,0.7546753246753247,1.4686205983674736,1.8241900755766849,,,,
TriMean,177,0.7506060606060606,0.7506060606060606,0.00011162355289059518,0.00011162355289059518,0.7506435786435787,0.7474458874458875,0.7542424242424243,1.4683397224414936,1.8240491194840023,,,,
TriMean,178,0.7505627705627705,0.7505627705627705,0.00010669052936845479,0.00010669052936845478,0.7505223665223666,0.7472727272727273,0.7538095238095238,1.4679682052948173,1.8240946285230297,,,,
TriMean,179,0.7506493506493507,0.7506493506493507,0.00010448923087743643,0.00010448923087743644,0.7507243867243868,0.7474458874458875,0.7539393939393939,1.4678647489862708,1.8237956718524426,,,,
TriMean,180,0.7506926406926407,0.7506926406926407,0.0001046396156515897,0.00010463961565158968,0.7508225108225107,0.7471428571428571,0.7539393939393939,1.4678349180643973,1.8239932732477488,,,,
TriMean,181,0.7506060606060606,0.7506060606060606,0.00010125617895118778,0.00010125617895118778,0.7507215007215008,0.7471861471861472,0.7540692640692641,1.4674943937034752,1.824031164773716,,,,
TriMean,182,0.7504761904761905,0.7504761904761905,0.00010613204545111492,0.00010613204545111491,0.7507474747474746,0.746969696969697,0.7541125541125541,1.4671993232921015,1.8237490092380002,,,,
TriMean,183,0.7504329004329005,0.7504329004329005,0.00010495976173964571,0.00010495976173964572,0.7505598845598845,0.7472294372294372,0.7538961038961038,1.466820528228825,1.8242852968205658,,,,
TriMean,184,0.7503463203463203,0.7503463203463203,0.00010512011740438555,0.00010512011740438558,0.7506262626262628,0.7467099567099567,0.7541125541125541,1.4664636288003818,1.82414178831204,,,,
TriMean,185,0.7505627705627705,0.7505627705627705,9.893312595762066e-05,9.893312595762069e-05,0.7506868686868687,0.7470562770562771,0.7540692640692641,1.4664102274067412,1.823727709007378,,,,
TriMean,186,0.7506493506493507,0.7506493506493507,0.00010118497682412048,0.00010118497682412048,0.7507705627705629,0.7470562770562771,0.753982683982684,1.4662464108702542,1.8236429888369272,,,,
TriMean,187,0.7506060606060606,0.7506060606060606,0.00010016290654865505,0.00010016290654865507,0.750851370851371,0.7467532467532467,0.7540692640692641,1.4660644788377333,1.8236716771386847,,,,
TriMean,188,0.7506493506493507,0.7506493506493507,9.829113611250215e-05,9.829113611250215e-05,0.7509466089466089,0.7476623376623377,0.754025974025974,1.4659245172526802,1.8236696675260922,,,,
TriMean,189,0.7504761904761905,0.7504761904761905,9.687648320325627e-05,9.68764832032563e-05,0.7508715728715728,0.7479220779220779,0.7536796536796537,1.4657637638249694,1.8234030020301786,,,,
TriMean,190,0.7503896103896104,0.7503896103896104,9.348712719257766e-05,9.348712719257767e-05,0.7508167388167389,0.7479220779220779,0.7536363636363637,1.4655449607918496,1.8234982095037597,,,,
TriMean,191,0.7503896103896104,0.7503896103896104,9.172167428383638e-05,9.172167428383639e-05,0.7508744588744588,0.748008658008658,0.7536796536796537,1.4655046031065055,1.823725637216875,,,,
TriMean,192,0.7506926406926407,0.7506926406926407,9.39981448724316e-05,9.39981448724316e-05,0.7509292929292929,0.7477922077922078,0.7537662337662338,1.4656578548244097,1.8236487915329884,,,,
TriMean,193,0.7509523809523809,0.7509523809523809,9.056658936030986e-05,9.056658936030989e-05,0.7510909090909091,0.7479220779220779,0.7540692640692641,1.4655807920259758,1.824051896580632,,,,
TriMean,194,0.7507359307359307,0.7507359307359307,9.120732474550644e-05,9.120732474550646e-05,0.7510158730158729,0.7478354978354979,0.7538961038961038,1.465225387977105,1.8234679975606087,,,,
TriMean,195,0.750995670995671,0.750995670995671,8.86332848831366e-05,8.86332848831366e-05,0.751163059163059,0.7482251082251082,0.7539393939393939,1.465088133934185,1.8232801302389858,,,,
TriMean,196,0.750995670995671,0.750995670995671,8.841730048148848e-05,8.841730048148846e-05,0.751105339105339,0.7481385281385281,0.7544155844155844,1.46499208020454,1.8233753683578537,,,,
TriMean,197,0.750995670995671,0.750995670995671,8.611605373547793e-05,8.611605373547794e-05,0.751209235209235,0.7485281385281385,0.7541125541125541,1.4647837945196396,1.8232491196480276,,,,
TriMean,198,0.7508658008658009,0.7508658008658009,8.72859584010458e-05,8.728595840104581e-05,0.7511601731601731,0.7482251082251082,0.7541991341991342,1.4646973142464375,1.8232704890032723,,,,
TriMean,199,0.7509523809523809,0.7509523809523809,8.293762019834493e-05,8.293762019834493e-05,0.7512005772005772,0.7483982683982684,0.7542424242424243,1.464459490147401,1.8231971684333446,,,,
CooMed,0,0.7122943722943723,0.7122943722943723,0.013735722504475491,0.01373572250447549,0.537038961038961,0.30077922077922076,0.726926406926407,2.1776288704767865,2.274304677134099,,,,
CooMed,1,0.734978354978355,0.734978354978355,0.018118828802347744,0.01811882880234775,0.6383607503607505,0.4027705627705628,0.7712121212121212,2.0925113121923022,2.229720525962468,,,,
CooMed,2,0.7422077922077922,0.7422077922077922,0.01876963296213448,0.01876963296213448,0.6855670995670996,0.5075324675324675,0.792077922077922,2.0292585396946636,2.1947960524764705,,,,
CooMed,3,0.7425541125541125,0.7425541125541125,0.018172444718742065,0.018172444718742076,0.7069754689754689,0.5511255411255411,0.7925541125541126,1.9814888988476391,2.1556929830583136,,,,
CooMed,4,0.7469264069264069,0.7469264069264069,0.0166528916164047,0.0166528916164047,0.7204271284271285,0.5898701298701299,0.7943290043290043,1.9542581881769454,2.128005948180111,,,,
CooMed,5,0.7451948051948052,0.7451948051948052,0.014513771664269485,0.014513771664269481,0.7288542568542569,0.6167099567099568,0.7931601731601732,1.9217220815187728,2.100986358721438,,,,
CooMed,6,0.7482251082251082,0.7482251082251082,0.01345256851140697,0.013452568511406974,0.734063492063492,0.6324242424242424,0.7921645021645022,1.9072698804512056,2.070433830385925,,,,
CooMed,7,0.7457575757575757,0.7457575757575757,0.011272072982837578,0.011272072982837578,0.7365569985569986,0.6415584415584416,0.790995670995671,1.8902480387141252,2.054130750123299,,,,
CooMed,8,0.7438095238095238,0.7438095238095238,0.010262836550874914,0.010262836550874918,0.7359769119769121,0.6514285714285715,0.790995670995671,1.8749123918171386,2.0345209432715925,,,,
CooMed,9,0.7464069264069264,0.7464069264069264,0.009351831038123308,0.009351831038123308,0.7392496392496393,0.6626406926406926,0.7878787878787878,1.8620578077715053,2.019739138036427,,,,
CooMed,10,0.7426406926406927,0.7426406926406927,0.008361407945381738,0.008361407945381741,0.736926406926407,0.6728138528138529,0.7869264069264069,1.84002464760773,2.007208628430846,,,,
CooMed,11,0.7415584415584415,0.7415584415584415,0.007523153534892162,0.007523153534892165,0.7364906204906204,0.6728138528138529,0.7805194805194805,1.8200121209249536,2.001958990190109,,,,
CooMed,12,0.7429437229437229,0.7429437229437229,0.006626814690836687,0.006626814690836689,0.7386060606060607,0.6772294372294372,0.7764502164502165,1.7997427774954937,1.987005860321509,,,,
CooMed,13,0.7414718614718615,0.7414718614718615,0.005996963219679811,0.005996963219679812,0.7382539682539682,0.6835064935064935,0.7765800865800866,1.7874241022374837,1.9810668736750698,,,,
CooMed,14,0.7398701298701299,0.7398701298701299,0.00550298831045385,0.0055029883104538505,0.7378008658008658,0.6862337662337662,0.7741558441558442,1.775183134062479,1.975202860958748,,,,
CooMed,15,0.7385714285714285,0.7385714285714285,0.00497677435437172,0.004976774354371722,0.7368282828282827,0.6879220779220779,0.7712987012987013,1.7605531747153123,1.9694777728046515,,,,
CooMed,16,0.7373160173160174,0.7373160173160174,0.00464840931702704,0.004648409317027041,0.7363722943722945,0.6912987012987013,0.7726406926406927,1.7480981867193104,1.9618148441449619,,,,
CooMed,17,0.7401731601731601,0.7401731601731601,0.004137138324144298,0.004137138324144298,0.7385339105339105,0.6945887445887445,0.7699134199134199,1.737592404607769,1.9519477978719475,,,,
CooMed,18,0.7387878787878788,0.7387878787878788,0.0037585754729732284,0.003758575472973229,0.73807215007215,0.7006926406926407,0.7643722943722944,1.7274117224174137,1.9483107377002102,,,,
CooMed,19,0.7376190476190476,0.7376190476190476,0.0034464742360057242,0.0034464742360057255,0.7370072150072151,0.6995238095238095,0.7667099567099567,1.7127545982924643,1.9441594356172336,,,,
CooMed,20,0.7373593073593073,0.7373593073593073,0.0030699286069786435,0.003069928606978644,0.7367128427128427,0.7020779220779221,0.7603030303030303,1.706835908962149,1.9397596179033174,,,,
CooMed,21,0.7369264069264069,0.7369264069264069,0.0028243189332475436,0.0028243189332475436,0.7365281385281385,0.7035497835497836,0.7615151515151515,1.6978816247490032,1.934242307769307,,,,
CooMed,22,0.7351948051948052,0.7351948051948052,0.002604344710000707,0.002604344710000707,0.7345541125541126,0.7054545454545454,0.7571428571428571,1.6898459568959918,1.9320906456945117,,,,
CooMed,23,0.7348484848484849,0.7348484848484849,0.002420924144885418,0.002420924144885418,0.7339220779220779,0.7047619047619048,0.7579220779220779,1.6824738425271384,1.9283827228610417,,,,
CooMed,24,0.7348917748917749,0.7348917748917749,0.002247671059738081,0.002247671059738082,0.7341154401154402,0.707056277056277,0.7573593073593073,1.6749409089790217,1.9258256197700678,,,,
CooMed,25,0.7358874458874459,0.7358874458874459,0.002194370373258078,0.002194370373258078,0.734978354978355,0.7083116883116883,0.7561038961038961,1.6701413645125982,1.923338370515998,,,,
CooMed,26,0.7345887445887446,0.7345887445887446,0.0020224230046615088,0.0020224230046615088,0.733922077922078,0.7081818181818181,0.7538095238095238,1.6624732408493352,1.9195929665624754,,,,
CooMed,27,0.7341125541125542,0.7341125541125542,0.0019508872191359784,0.0019508872191359784,0.7337200577200577,0.7091341991341992,0.7541991341991342,1.6595709689263283,1.9167807973151176,,,,
CooMed,28,0.7330735930735931,0.7330735930735931,0.0018108900270882048,0.0018108900270882044,0.7329350649350649,0.7116017316017316,0.7532900432900433,1.6513863230175576,1.914996084830186,,,,
CooMed,29,0.7328138528138528,0.7328138528138528,0.0017170460045539343,0.0017170460045539343,0.7324761904761906,0.7115151515151515,0.7514718614718615,1.646562006098221,1.9139613072385515,,,,
CooMed,30,0.7328138528138528,0.7328138528138528,0.001605345812132505,0.0016053458121325047,0.7324386724386726,0.7126839826839827,0.7495670995670995,1.6393151453176207,1.9132642984877353,,,,
CooMed,31,0.7319480519480519,0.7319480519480519,0.0015774482388533706,0.0015774482388533706,0.7313679653679654,0.7114285714285714,0.7481818181818182,1.6338140201616593,1.910363039582926,,,,
CooMed,32,0.7314285714285714,0.7314285714285714,0.0015488540521065106,0.0015488540521065113,0.7309119769119768,0.7112987012987013,0.746969696969697,1.6287300531589082,1.907884373658524,,,,
CooMed,33,0.7325108225108226,0.7325108225108226,0.0013815491562936496,0.0013815491562936498,0.7318066378066377,0.7121645021645021,0.7465367965367965,1.6238905876281682,1.9050112990930137,,,,
CooMed,34,0.7318181818181818,0.7318181818181818,0.0012974803672823093,0.0012974803672823093,0.7312034632034633,0.7133333333333334,0.7468398268398269,1.6187838505451095,1.9043829542512938,,,,
CooMed,35,0.7314285714285714,0.7314285714285714,0.0012066384098168158,0.0012066384098168158,0.7312784992784992,0.7130735930735931,0.7454545454545455,1.6155092532910542,1.9022353674370054,,,,
CooMed,36,0.7322510822510823,0.7322510822510823,0.0011296017189101647,0.0011296017189101647,0.7317835497835498,0.7156277056277056,0.7454545454545455,1.6104533819621956,1.8999190817869482,,,,
CooMed,37,0.731038961038961,0.731038961038961,0.0011070175619878686,0.0011070175619878684,0.7308253968253968,0.7144588744588745,0.7445454545454545,1.6075838746057831,1.8982788890886224,,,,
CooMed,38,0.7316450216450217,0.7316450216450217,0.0010202351375389444,0.001020235137538944,0.7312871572871574,0.7177056277056277,0.7450649350649351,1.6065282845893596,1.8960577890126808,,,,
CooMed,39,0.7318614718614719,0.7318614718614719,0.0010045209265479938,0.001004520926547994,0.7311399711399712,0.7177922077922078,0.7455411255411255,1.6030637159305927,1.8958514614426938,,,,
CooMed,40,0.7311688311688311,0.7311688311688311,0.0009356644435599331,0.0009356644435599333,0.7305367965367965,0.7155844155844155,0.7438095238095238,1.5986473253175768,1.893945792179195,,,,
CooMed,41,0.7306060606060606,0.7306060606060606,0.0009112031390941746,0.0009112031390941747,0.7301875901875903,0.7150649350649351,0.7432900432900433,1.595729556647921,1.8924810268551187,,,,
CooMed,42,0.7312987012987013,0.7312987012987013,0.0009012869607519826,0.0009012869607519824,0.7307734487734486,0.7164069264069264,0.7435930735930736,1.5931759516664437,1.8919748114271173,,,,
CooMed,43,0.7313419913419913,0.7313419913419913,0.0008517557285617006,0.0008517557285617008,0.7315266955266954,0.7176623376623377,0.7435064935064936,1.5897840834673822,1.8886742020055391,,,,
CooMed,44,0.7307359307359307,0.7307359307359307,0.0007957392194820664,0.0007957392194820664,0.7307763347763349,0.718008658008658,0.741038961038961,1.5861125577649031,1.887181633173748,,,,
CooMed,45,0.7305194805194806,0.7305194805194806,0.0007963336474363055,0.0007963336474363055,0.730937950937951,0.717922077922078,0.7422510822510823,1.5840562869595085,1.8863069315292262,,,,
CooMed,46,0.731038961038961,0.731038961038961,0.0007444228044487534,0.0007444228044487533,0.7315266955266957,0.719004329004329,0.7404329004329004,1.581322894443523,1.8851357794942039,,,,
CooMed,47,0.730995670995671,0.730995670995671,0.0007259185064251059,0.0007259185064251062,0.7314343434343435,0.718008658008658,0.741904761904762,1.5789675975700335,1.8838639160625892,,,,
CooMed,48,0.7312554112554113,0.7312554112554113,0.0006795416938429298,0.0006795416938429297,0.7315180375180376,0.7198701298701299,0.7408225108225108,1.5769659339325113,1.881783271904599,,,,
CooMed,49,0.7308225108225108,0.7308225108225108,0.0006543707822755134,0.0006543707822755134,0.7315526695526695,0.7198701298701299,0.7411255411255411,1.5727330076233583,1.8813683790415836,,,,
CooMed,50,0.7305627705627705,0.7305627705627705,0.0006392611443364638,0.0006392611443364638,0.7310158730158729,0.7198268398268398,0.7413852813852814,1.5714868525039627,1.8811678358619073,,,,
CooMed,51,0.7307792207792208,0.7307792207792208,0.0006470157129085218,0.0006470157129085218,0.7309581529581529,0.7191341991341992,0.741038961038961,1.5683599281286902,1.8799549005562644,,,,
CooMed,52,0.7309523809523809,0.7309523809523809,0.000630169481813143,0.0006301694818131431,0.7315699855699855,0.7204329004329004,0.7403896103896104,1.5661653180970732,1.8784046055007477,,,,
CooMed,53,0.7306060606060606,0.7306060606060606,0.0005986407056173735,0.0005986407056173733,0.7311486291486291,0.7211255411255412,0.7406493506493507,1.5642929383240376,1.8774236869761083,,,,
CooMed,54,0.730909090909091,0.730909090909091,0.0005784300418069778,0.0005784300418069778,0.7312150072150073,0.7203030303030303,0.7396103896103896,1.5615435833233815,1.8773444149842273,,,,
CooMed,55,0.7312121212121212,0.7312121212121212,0.0005548592564762611,0.000554859256476261,0.7314314574314573,0.7216017316017316,0.7413852813852814,1.5588158505530902,1.8761350701300425,,,,
CooMed,56,0.7308225108225108,0.7308225108225108,0.000546713082475817,0.000546713082475817,0.7309466089466089,0.7211688311688311,0.7385281385281385,1.5573313078664275,1.876043244029368,,,,
CooMed,57,0.7302164502164502,0.7302164502164502,0.0004977257181282409,0.0004977257181282409,0.730914862914863,0.7217316017316018,0.7385281385281385,1.5556142418441974,1.8751401106043228,,,,
CooMed,58,0.7303463203463203,0.7303463203463203,0.000488859595115526,0.0004888595951155259,0.730874458874459,0.7215151515151516,0.7380519480519481,1.5548073284752788,1.874193272527016,,,,
CooMed,59,0.7305627705627705,0.7305627705627705,0.00047451104777742394,0.0004745110477774239,0.7305916305916306,0.7221645021645021,0.7379653679653679,1.5525485036966051,1.8735572606968687,,,,
CooMed,60,0.7302597402597403,0.7302597402597403,0.0004595801157273119,0.00045958011572731186,0.7304617604617605,0.7219047619047619,0.7378787878787879,1.5508152047348192,1.873630075662601,,,,
CooMed,61,0.73004329004329,0.73004329004329,0.0004457381085297905,0.0004457381085297905,0.7303376623376623,0.7216017316017316,0.7392640692640693,1.5490013296529788,1.873069873672408,,,,
CooMed,62,0.7300865800865801,0.7300865800865801,0.00042426304550339784,0.0004242630455033978,0.7299711399711398,0.7212987012987013,0.7379653679653679,1.5475146461405718,1.8723086350575342,,,,
CooMed,63,0.7300865800865801,0.7300865800865801,0.00040927682221294235,0.00040927682221294235,0.7301125541125539,0.7223809523809523,0.7376190476190476,1.5461284079141335,1.8723287901870975,,,,
CooMed,64,0.7296969696969697,0.7296969696969697,0.00039214301177391183,0.0003921430117739118,0.7297431457431458,0.7216017316017316,0.7367532467532467,1.5447161068215483,1.8716073681352987,,,,
CooMed,65,0.7297835497835498,0.7297835497835498,0.00037813999227428454,0.0003781399922742845,0.7298066378066378,0.7223376623376624,0.7371428571428571,1.5432202867386837,1.8714072782364224,,,,
CooMed,66,0.7295670995670995,0.7295670995670995,0.0003640385328052789,0.0003640385328052789,0.7295036075036075,0.7232034632034632,0.7363203463203464,1.5416704246681985,1.8712788178274462,,,,
CooMed,67,0.7296969696969697,0.7296969696969697,0.00037267452724455734,0.00037267452724455734,0.7296075036075037,0.7227272727272728,0.7358441558441559,1.5395109502229747,1.8699610157281688,,,,
CooMed,68,0.7294805194805195,0.7294805194805195,0.000357393418425593,0.00035739341842559296,0.7296507936507937,0.722987012987013,0.7364069264069264,1.5381768593132152,1.8703323931978453,,,,
CooMed,69,0.7296103896103896,0.7296103896103896,0.00034116424087170125,0.00034116424087170125,0.7297258297258297,0.7224675324675325,0.7363203463203464,1.5371200933177298,1.8685661552972745,,,,
CooMed,70,0.7293939393939394,0.7293939393939394,0.00034009063321244236,0.00034009063321244236,0.7295122655122656,0.7222077922077922,0.7359307359307359,1.5357389858129,1.8685719159717642,,,,
CooMed,71,0.7289610389610389,0.7289610389610389,0.00032632925064460716,0.0003263292506446072,0.7292265512265512,0.7215584415584415,0.7351082251082252,1.534394451901849,1.8673884825780158,,,,
CooMed,72,0.7294805194805195,0.7294805194805195,0.00032871582645757505,0.0003287158264575751,0.7293910533910534,0.7225108225108225,0.7355411255411255,1.532417963552919,1.8685224657384816,,,,
CooMed,73,0.7295238095238096,0.7295238095238096,0.00031940677905442367,0.0003194067790544236,0.7295122655122656,0.7225108225108225,0.7359307359307359,1.531570459301564,1.8677964069439144,,,,
CooMed,74,0.7290909090909091,0.7290909090909091,0.00030694732452339146,0.0003069473245233914,0.7291688311688312,0.7217748917748917,0.7364502164502165,1.5299852536181215,1.8676893960925631,,,,
CooMed,75,0.7293506493506493,0.7293506493506493,0.0003024088978157194,0.00030240889781571944,0.7295901875901876,0.7222510822510823,0.7361471861471861,1.5291116922120525,1.8669985680955612,,,,
CooMed,76,0.7296103896103896,0.7296103896103896,0.0002932291318147866,0.0002932291318147867,0.7296825396825398,0.7221645021645021,0.7358441558441559,1.5279396226246265,1.8678249171067702,,,,
CooMed,77,0.7296969696969697,0.7296969696969697,0.00028210824188701204,0.00028210824188701204,0.7293015873015871,0.722987012987013,0.7361904761904762,1.5270260484554958,1.867192152374577,,,,
CooMed,78,0.7293073593073593,0.7293073593073593,0.0002764696633157043,0.00027646966331570423,0.7292121212121212,0.7219480519480519,0.7361038961038961,1.5254918904426706,1.866654460724583,,,,
CooMed,79,0.7294372294372294,0.7294372294372294,0.00027401723485319813,0.0002740172348531982,0.7291890331890332,0.7226839826839827,0.7351948051948052,1.5245805750818242,1.865950465929061,,,,
CooMed,80,0.7293506493506493,0.7293506493506493,0.0002737842662140809,0.0002737842662140809,0.7291255411255412,0.7227272727272728,0.7345454545454545,1.5236203392758316,1.865579197280353,,,,
CooMed,81,0.7294805194805195,0.7294805194805195,0.0002587824393024905,0.0002587824393024905,0.7294689754689755,0.7229004329004329,0.735021645021645,1.523467498110373,1.865937501023467,,,,
CooMed,82,0.7291341991341991,0.7291341991341991,0.0002568476136047525,0.0002568476136047525,0.7293852813852814,0.7227705627705627,0.7355411255411255,1.5223054487133887,1.8655954433661601,,,,
CooMed,83,0.7292207792207792,0.7292207792207792,0.0002390319185373562,0.00023903191853735624,0.7293189033189033,0.7231601731601731,0.7351082251082252,1.5211764428914438,1.865078326656927,,,,
CooMed,84,0.7297402597402597,0.7297402597402597,0.0002296836266140024,0.00022968362661400242,0.7294632034632034,0.7234199134199134,0.7344155844155844,1.520268468345631,1.8648799418207922,,,,
CooMed,85,0.7298268398268398,0.7298268398268398,0.00023146722168436584,0.0002314672216843658,0.7297835497835498,0.7241558441558441,0.7348484848484849,1.5196178178755815,1.8638804207008743,,,,
CooMed,86,0.7296969696969697,0.7296969696969697,0.00022624407272993529,0.00022624407272993523,0.7297431457431458,0.723982683982684,0.7347186147186148,1.5188361154299699,1.8635553330885124,,,,
CooMed,87,0.7293939393939394,0.7293939393939394,0.00022702116244961463,0.00022702116244961463,0.729835497835498,0.7245887445887446,0.7347186147186148,1.5176344653484732,1.8633216441218052,,,,
CooMed,88,0.7293939393939394,0.7293939393939394,0.00022554576383003642,0.00022554576383003645,0.7296421356421358,0.7237662337662337,0.7353679653679653,1.5168493930657547,1.8627689168271417,,,,
CooMed,89,0.7296969696969697,0.7296969696969697,0.00022497711278431142,0.0002249771127843114,0.7295728715728715,0.7232034632034632,0.7341125541125542,1.516027755827509,1.861278753402251,,,,
CooMed,90,0.7294372294372294,0.7294372294372294,0.00021206111436202082,0.00021206111436202082,0.7293448773448773,0.7230735930735931,0.7342424242424243,1.5153216341769788,1.8621835740974433,,,,
CooMed,91,0.7293939393939394,0.7293939393939394,0.00020635439683246463,0.00020635439683246463,0.7293997113997114,0.7234199134199134,0.7348051948051948,1.5144204242468562,1.861699098555011,,,,
CooMed,92,0.7302164502164502,0.7302164502164502,0.00020712462703356035,0.00020712462703356035,0.7297431457431458,0.7234632034632035,0.7351082251082252,1.5132491932274938,1.861226648457909,,,,
CooMed,93,0.7296969696969697,0.7296969696969697,0.00018819258789546913,0.00018819258789546915,0.7296248196248196,0.723939393939394,0.7342857142857143,1.5126804102788793,1.8614460471575391,,,,
CooMed,94,0.7291774891774891,0.7291774891774891,0.00018816417380692095,0.00018816417380692092,0.7293997113997114,0.7243290043290044,0.7342857142857143,1.5118210856197383,1.8608528235438502,,,,
CooMed,95,0.7296969696969697,0.7296969696969697,0.00018963578179812587,0.00018963578179812587,0.7295497835497836,0.723939393939394,0.7345021645021645,1.5113085513374382,1.8605996516836951,,,,
CooMed,96,0.7297402597402597,0.7297402597402597,0.00018860112690744478,0.00018860112690744478,0.7296248196248196,0.7243290043290044,0.7342857142857143,1.50971488516052,1.8605735319331593,,,,
CooMed,97,0.7293073593073593,0.7293073593073593,0.00018794739422051696,0.00018794739422051696,0.7294025974025974,0.7235930735930736,0.7339393939393939,1.5095670329347846,1.860547712311704,,,,
CooMed,98,0.7290909090909091,0.7290909090909091,0.00018401668773742493,0.00018401668773742493,0.7293333333333333,0.7238961038961039,0.7343290043290043,1.5086833703119829,1.8607359649353816,,,,
CooMed,99,0.7293073593073593,0.7293073593073593,0.0001772543244019567,0.00017725432440195672,0.7294458874458875,0.7236796536796537,0.7338961038961039,1.5080510179090705,1.8606057542632959,,,,
CooMed,100,0.7293506493506493,0.7293506493506493,0.0001731853895103988,0.00017318538951039878,0.7294112554112555,0.7241558441558441,0.7338961038961039,1.5072810377359704,1.859911963370157,,,,
CooMed,101,0.7293939393939394,0.7293939393939394,0.00016712303809339677,0.00016712303809339674,0.7295670995670995,0.7247186147186148,0.7342857142857143,1.5064652278545112,1.859388856392837,,,,
CooMed,102,0.7294805194805195,0.7294805194805195,0.0001580409955089844,0.0001580409955089844,0.7293362193362193,0.7244588744588745,0.7345454545454545,1.5059125216020834,1.859771640559848,,,,
CooMed,103,0.7291341991341991,0.7291341991341991,0.00016164646905397436,0.00016164646905397434,0.7291486291486289,0.723939393939394,0.7342424242424243,1.5043818038286978,1.8598710782327108,,,,
CooMed,104,0.7287878787878788,0.7287878787878788,0.000156448034871954,0.00015644803487195402,0.728862914862915,0.7236796536796537,0.7332467532467533,1.504056080215012,1.8600474708847003,,,,
CooMed,105,0.7287878787878788,0.7287878787878788,0.00016036512542110743,0.0001603651254211074,0.7288802308802308,0.724025974025974,0.7332467532467533,1.5033819124072147,1.85984954884606,,,,
CooMed,106,0.7287012987012987,0.7287012987012987,0.0001560303549410655,0.0001560303549410655,0.728932178932179,0.7245887445887446,0.7334199134199134,1.5021711372932665,1.8596587198187733,,,,
CooMed,107,0.7287445887445887,0.7287445887445887,0.0001525011541899629,0.00015250115418996292,0.7289235209235209,0.723939393939394,0.7334632034632035,1.502166402056025,1.8593321101558828,,,,
CooMed,108,0.7290909090909091,0.7290909090909091,0.00015379078786993428,0.00015379078786993428,0.7291428571428572,0.7238961038961039,0.7329437229437229,1.5012067528047204,1.8591077626421173,,,,
CooMed,109,0.7293506493506493,0.7293506493506493,0.000143238547753207,0.000143238547753207,0.7292380952380952,0.7245454545454545,0.7333766233766233,1.500870704139906,1.858297987421147,,,,
CooMed,110,0.7296103896103896,0.7296103896103896,0.000142957499936068,0.00014295749993606797,0.7294516594516595,0.7244155844155844,0.7335497835497835,1.5002456722572857,1.858096354731158,,,,
CooMed,111,0.7291341991341991,0.7291341991341991,0.00013742739040882392,0.00013742739040882392,0.7296103896103895,0.7246753246753247,0.7338095238095238,1.4993480309545977,1.857301242347859,,,,
CooMed,112,0.7294805194805195,0.7294805194805195,0.00013826452910880896,0.000138264529108809,0.7297142857142856,0.7251948051948052,0.7337662337662337,1.4990178566488053,1.857380118040152,,,,
CooMed,113,0.7297402597402597,0.7297402597402597,0.00013216994398485699,0.00013216994398485699,0.7299307359307359,0.7251515151515151,0.7337662337662337,1.4983355582735554,1.8574141338888852,,,,
CooMed,114,0.7299567099567099,0.7299567099567099,0.00013231511179059196,0.00013231511179059196,0.730037518037518,0.7254545454545455,0.7335930735930736,1.4981640889229608,1.8568616058760459,,,,
CooMed,115,0.7301298701298702,0.7301298701298702,0.00013290925484403228,0.00013290925484403228,0.7302193362193362,0.7258441558441558,0.7337229437229438,1.4977982847165807,1.8568081743469915,,,,
CooMed,116,0.7300865800865801,0.7300865800865801,0.00012088141862878105,0.00012088141862878106,0.7301645021645021,0.7263636363636363,0.7340692640692641,1.4973816520715526,1.8561648174304926,,,,
CooMed,117,0.7302597402597403,0.7302597402597403,0.00012405163787976932,0.00012405163787976937,0.7303896103896105,0.7258008658008658,0.7344155844155844,1.497241381182641,1.8555044279863686,,,,
CooMed,118,0.7303896103896104,0.7303896103896104,0.000125755235683774,0.00012575523568377403,0.7306002886002886,0.7265367965367966,0.7348051948051948,1.4967330857052326,1.8555278194022538,,,,
CooMed,119,0.7303030303030303,0.7303030303030303,0.00012553877588166094,0.00012553877588166097,0.7307301587301588,0.7267532467532467,0.734025974025974,1.4963655196496952,1.8554106036403275,,,,
CooMed,120,0.7305194805194806,0.7305194805194806,0.00011893413952599587,0.00011893413952599586,0.7306204906204905,0.7262337662337662,0.7347619047619047,1.495760865354916,1.855269336498365,,,,
CooMed,121,0.7306060606060606,0.7306060606060606,0.0001168197671792675,0.00011681976717926751,0.7306522366522367,0.7266666666666667,0.7343722943722943,1.4951523688218769,1.8544991857864872,,,,
CooMed,122,0.7303463203463203,0.7303463203463203,0.00011901887642484503,0.00011901887642484502,0.7304357864357863,0.7267099567099568,0.7339393939393939,1.4945130191734082,1.8551568077732368,,,,
CooMed,123,0.7305194805194806,0.7305194805194806,0.00011465692544208555,0.00011465692544208552,0.7303867243867244,0.7267532467532467,0.7341991341991342,1.4946048471957756,1.8554918094928643,,,,
CooMed,124,0.7301298701298702,0.7301298701298702,0.00011212169364009864,0.00011212169364009867,0.7302424242424242,0.7262337662337662,0.7337662337662337,1.4940560150985183,1.8551684051835964,,,,
CooMed,125,0.73,0.73,0.00011230063535288594,0.00011230063535288594,0.7301587301587301,0.7264935064935065,0.7338095238095238,1.4936508247319638,1.8546049069644506,,,,
CooMed,126,0.7302164502164502,0.7302164502164502,0.00011023843454074133,0.00011023843454074135,0.7300115440115441,0.726017316017316,0.7338095238095238,1.4931172500830079,1.8546794313493278,,,,
CooMed,127,0.7297835497835498,0.7297835497835498,0.00010698642541832693,0.00010698642541832696,0.7300317460317459,0.7255844155844156,0.7337662337662337,1.492131400422547,1.8544349095225774,,,,
CooMed,128,0.7300865800865801,0.7300865800865801,0.00010772956496248813,0.00010772956496248814,0.7301414141414142,0.7264935064935065,0.7335497835497835,1.4919779915467783,1.8544977649740055,,,,
CooMed,129,0.7299567099567099,0.7299567099567099,0.00010422167201774792,0.0001042216720177479,0.7300836940836942,0.7265367965367966,0.7334632034632035,1.4911843895725043,1.8545574572092367,,,,
CooMed,130,0.7299567099567099,0.7299567099567099,0.00010511342346884332,0.00010511342346884332,0.7301962481962482,0.7264069264069264,0.7336796536796537,1.490989376830571,1.8540520166239096,,,,
CooMed,131,0.7302597402597403,0.7302597402597403,0.00010202277749723571,0.00010202277749723567,0.7302251082251082,0.7267965367965368,0.7332900432900433,1.490135542251092,1.8540318458212357,,,,
CooMed,132,0.7302597402597403,0.7302597402597403,9.901818360011411e-05,9.901818360011412e-05,0.7303059163059162,0.7267099567099568,0.7335497835497835,1.490110973490616,1.8536671701893412,,,,
CooMed,133,0.7304761904761905,0.7304761904761905,9.368361173076366e-05,9.368361173076366e-05,0.7303722943722945,0.7267532467532467,0.7337662337662337,1.4897345134913902,1.8539931419486868,,,,
CooMed,134,0.7302597402597403,0.7302597402597403,9.618407576123156e-05,9.618407576123157e-05,0.7302568542568543,0.7267532467532467,0.7336363636363636,1.4893386200009135,1.8545449604778517,,,,
CooMed,135,0.7305194805194806,0.7305194805194806,9.187622011661833e-05,9.187622011661833e-05,0.7304559884559886,0.7268831168831169,0.7338961038961039,1.4889351797761121,1.8539633247723506,,,,
CooMed,136,0.7303896103896104,0.7303896103896104,9.63484648886647e-05,9.634846488866468e-05,0.7305367965367966,0.7270562770562771,0.7341125541125542,1.4883179363924488,1.8538324084497986,,,,
CooMed,137,0.7306060606060606,0.7306060606060606,9.42829532682395e-05,9.428295326823948e-05,0.7307186147186147,0.7273593073593073,0.734025974025974,1.4878162667189745,1.8536108824013213,,,,
CooMed,138,0.7306060606060606,0.7306060606060606,8.954991306974482e-05,8.95499130697448e-05,0.7305598845598845,0.7273160173160174,0.7336796536796537,1.4876054589428815,1.8533211939369694,,,,
CooMed,139,0.7306493506493507,0.7306493506493507,8.668468363237647e-05,8.668468363237648e-05,0.7308167388167389,0.7276190476190476,0.734025974025974,1.4872380706505477,1.853080114472312,,,,
CooMed,140,0.7306060606060606,0.7306060606060606,8.74928973344614e-05,8.749289733446141e-05,0.7309783549783548,0.7279653679653679,0.7335497835497835,1.4868700440046534,1.8525071607484243,,,,
CooMed,141,0.7307359307359307,0.7307359307359307,8.494103309507934e-05,8.494103309507933e-05,0.7307965367965369,0.7277489177489177,0.7337662337662337,1.4864753859899467,1.8530306056598111,,,,
CooMed,142,0.7303896103896104,0.7303896103896104,8.182224030132387e-05,8.18222403013239e-05,0.7306493506493507,0.7272727272727273,0.7335497835497835,1.4858928511721161,1.8532380152896186,,,,
CooMed,143,0.7303896103896104,0.7303896103896104,8.111229989434518e-05,8.111229989434516e-05,0.7305858585858587,0.7274025974025974,0.7335497835497835,1.4855704262194482,1.852774690536261,,,,
CooMed,144,0.7303030303030303,0.7303030303030303,8.055006801117574e-05,8.055006801117574e-05,0.7305165945165946,0.7272294372294372,0.7335930735930736,1.4853822196605782,1.8525726313930626,,,,
CooMed,145,0.7301298701298702,0.7301298701298702,8.195166370690294e-05,8.195166370690293e-05,0.7304126984126983,0.7272727272727273,0.7335064935064936,1.4853250687537183,1.8523415778113033,,,,
CooMed,146,0.7302164502164502,0.7302164502164502,8.013889186073148e-05,8.013889186073146e-05,0.7303549783549784,0.7272294372294372,0.7329004329004329,1.4846179053913102,1.8521897434135492,,,,
CooMed,147,0.7302597402597403,0.7302597402597403,7.745357003344335e-05,7.745357003344335e-05,0.7303145743145745,0.7274025974025974,0.7331601731601731,1.4843955435129748,1.8525527798748258,,,,
CooMed,148,0.7304329004329004,0.7304329004329004,7.437888016708394e-05,7.437888016708395e-05,0.7303924963924965,0.7272294372294372,0.7332467532467533,1.4841756645348176,1.851971126034591,,,,
CooMed,149,0.7305194805194806,0.7305194805194806,7.349533404037777e-05,7.349533404037777e-05,0.7306406926406926,0.7277056277056277,0.7337229437229438,1.4839970489107104,1.8520998726478153,,,,
CooMed,150,0.7305627705627705,0.7305627705627705,7.303964496380224e-05,7.303964496380224e-05,0.7306406926406926,0.7282251082251082,0.7331601731601731,1.4835834996253967,1.851365840136428,,,,
CooMed,151,0.7301731601731601,0.7301731601731601,7.294036130274044e-05,7.294036130274043e-05,0.7304704184704185,0.728008658008658,0.7331601731601731,1.483229299005226,1.8516494803210584,,,,
CooMed,152,0.7303463203463203,0.7303463203463203,7.302904019438982e-05,7.30290401943898e-05,0.7306580086580088,0.7278354978354978,0.7332900432900433,1.4830383408344947,1.8512755425109322,,,,
CooMed,153,0.7301298701298702,0.7301298701298702,7.295933323603843e-05,7.295933323603843e-05,0.7305252525252525,0.7276190476190476,0.7329004329004329,1.4825872295499951,1.8511922067728488,,,,
CooMed,154,0.7300865800865801,0.7300865800865801,6.960004105265383e-05,6.960004105265383e-05,0.7304444444444443,0.7275324675324676,0.7327705627705627,1.4822465771130175,1.851301698959241,,,,
CooMed,155,0.7301731601731601,0.7301731601731601,6.910180081063042e-05,6.910180081063043e-05,0.7303203463203464,0.7277922077922078,0.7326839826839827,1.4816542345932602,1.8511406514000526,,,,
CooMed,156,0.7300865800865801,0.7300865800865801,6.88638251522549e-05,6.886382515225488e-05,0.7302828282828283,0.7278354978354978,0.7327705627705627,1.4811861977689265,1.851436229874269,,,,
CooMed,157,0.7297402597402597,0.7297402597402597,6.604977745569352e-05,6.604977745569352e-05,0.7302020202020202,0.7278787878787879,0.732987012987013,1.480875072888463,1.851438220214713,,,,
CooMed,158,0.7299567099567099,0.7299567099567099,6.682123473877952e-05,6.682123473877951e-05,0.7303953823953825,0.7279653679653679,0.7330735930735931,1.480836626836047,1.851488791995245,,,,
CooMed,159,0.7301731601731601,0.7301731601731601,6.695428054566868e-05,6.69542805456687e-05,0.7303290043290044,0.7278354978354978,0.732987012987013,1.480699091402267,1.851475466505986,,,,
CooMed,160,0.7299567099567099,0.7299567099567099,6.369185836855923e-05,6.369185836855923e-05,0.7303174603174604,0.7276190476190476,0.7331168831168832,1.480117221741629,1.851096709361182,,,,
CooMed,161,0.7301731601731601,0.7301731601731601,6.5277788371562e-05,6.527778837156202e-05,0.7304386724386724,0.7282683982683983,0.733030303030303,1.4796673806437328,1.8514325789232617,,,,
CooMed,162,0.7303463203463203,0.7303463203463203,6.540778908351598e-05,6.540778908351598e-05,0.7304011544011545,0.7274025974025974,0.7330735930735931,1.4794924512036984,1.850773099716538,,,,
CooMed,163,0.7306493506493507,0.7306493506493507,6.616984973491192e-05,6.616984973491192e-05,0.7306406926406926,0.7277922077922078,0.733030303030303,1.4790055111910916,1.8507324935522684,,,,
CooMed,164,0.7307792207792208,0.7307792207792208,6.477007852742853e-05,6.477007852742854e-05,0.7308484848484847,0.7285281385281386,0.7330735930735931,1.4790776072840384,1.8506438496326838,,,,
CooMed,165,0.7311255411255412,0.7311255411255412,6.542990145500309e-05,6.542990145500309e-05,0.7310101010101011,0.728008658008658,0.7334632034632035,1.4790735385628848,1.850361404066064,,,,
CooMed,166,0.7312987012987013,0.7312987012987013,6.271989372817844e-05,6.271989372817843e-05,0.731036075036075,0.7282683982683983,0.7335497835497835,1.4785215794763134,1.8502716467639169,,,,
CooMed,167,0.731038961038961,0.731038961038961,6.0017766442489565e-05,6.0017766442489565e-05,0.730961038961039,0.7283549783549783,0.7330735930735931,1.4786113964035286,1.8500732860843665,,,,
CooMed,168,0.7311255411255412,0.7311255411255412,5.983805913817137e-05,5.983805913817136e-05,0.7309033189033189,0.7282251082251082,0.7333766233766233,1.4779002108280779,1.8500383786791552,,,,
CooMed,169,0.7309523809523809,0.7309523809523809,5.988397164022628e-05,5.988397164022629e-05,0.730888888888889,0.7281818181818182,0.7332467532467533,1.4772906873160596,1.8501140223745738,,,,
CooMed,170,0.730995670995671,0.730995670995671,5.821776091545387e-05,5.821776091545387e-05,0.731010101010101,0.7285281385281386,0.7335930735930736,1.4771410796734514,1.8501532950085275,,,,
CooMed,171,0.7308658008658009,0.7308658008658009,5.616111981431006e-05,5.6161119814310064e-05,0.7310331890331891,0.7287012987012987,0.7332467532467533,1.477180691367058,1.84986470915924,,,,
CooMed,172,0.7309523809523809,0.7309523809523809,5.625016625229361e-05,5.625016625229362e-05,0.7311255411255411,0.7288311688311688,0.7333333333333333,1.4767277961596799,1.8499534847572685,,,,
CooMed,173,0.7306493506493507,0.7306493506493507,5.796110924172597e-05,5.796110924172598e-05,0.7308917748917748,0.7284415584415584,0.7332467532467533,1.4763505878537293,1.850305868560398,,,,
CooMed,174,0.731038961038961,0.731038961038961,5.904647711235359e-05,5.904647711235357e-05,0.730978354978355,0.7281385281385281,0.7338961038961039,1.4760525889750236,1.8504841098914928,,,,
CooMed,175,0.7307792207792208,0.7307792207792208,5.610735608128978e-05,5.610735608128979e-05,0.7309466089466089,0.7284415584415584,0.7332034632034632,1.4760503474440299,1.8503085650847086,,,,
CooMed,176,0.731038961038961,0.731038961038961,5.720118375910647e-05,5.7201183759106466e-05,0.7309148629148629,0.7281385281385281,0.732987012987013,1.4756065517190313,1.8500323108409162,,,,
CooMed,177,0.7310822510822511,0.7310822510822511,5.6711347829896185e-05,5.671134782989617e-05,0.730920634920635,0.7283116883116884,0.7334199134199134,1.4754228888060428,1.849944831255101,,,,
CooMed,178,0.7308658008658009,0.7308658008658009,5.459111933421263e-05,5.459111933421263e-05,0.7309119769119768,0.7285281385281386,0.7332467532467533,1.4748657790086241,1.8499516902567128,,,,
CooMed,179,0.7309523809523809,0.7309523809523809,5.250966423575448e-05,5.250966423575449e-05,0.731105339105339,0.728917748917749,0.7334632034632035,1.4748593129228746,1.8496605227463419,,,,
CooMed,180,0.7311255411255412,0.7311255411255412,5.322380492123283e-05,5.322380492123285e-05,0.7311544011544011,0.7288311688311688,0.7336796536796537,1.4747610917363267,1.8499458686232184,,,,
CooMed,181,0.7312987012987013,0.7312987012987013,5.151184860288774e-05,5.151184860288774e-05,0.7312236652236651,0.7287878787878788,0.7333333333333333,1.4743554403216477,1.849639035946972,,,,
CooMed,182,0.731038961038961,0.731038961038961,5.4184715804432974e-05,5.4184715804432974e-05,0.7310533910533912,0.7283549783549783,0.7333766233766233,1.4740982836403829,1.8494689392503358,,,,
CooMed,183,0.7308658008658009,0.7308658008658009,5.3143262378125956e-05,5.314326237812595e-05,0.730906204906205,0.7285281385281386,0.7330735930735931,1.4735391355941327,1.849984130030063,,,,
CooMed,184,0.7310822510822511,0.7310822510822511,5.3178074359050084e-05,5.3178074359050084e-05,0.731082251082251,0.7283549783549783,0.7335064935064936,1.4731670124003395,1.8495660378930432,,,,
CooMed,185,0.7309523809523809,0.7309523809523809,5.062590547277357e-05,5.062590547277357e-05,0.730998556998557,0.7285281385281386,0.7332900432900433,1.473339467912323,1.8495015878559216,,,,
CooMed,186,0.730995670995671,0.730995670995671,5.3283531187214065e-05,5.328353118721406e-05,0.7309898989898991,0.7283116883116884,0.7333333333333333,1.4728331555833116,1.849582724970513,,,,
CooMed,187,0.731038961038961,0.731038961038961,5.1170754005640855e-05,5.117075400564086e-05,0.7311197691197692,0.7283549783549783,0.7333333333333333,1.472710942708872,1.849280503568823,,,,
CooMed,188,0.7311688311688311,0.7311688311688311,5.118692655779437e-05,5.1186926557794364e-05,0.7312554112554113,0.7287445887445887,0.7334632034632035,1.4725616479787467,1.849330462218756,,,,
CooMed,189,0.7311688311688311,0.7311688311688311,4.9852259518440994e-05,4.9852259518441e-05,0.7311976911976913,0.7283116883116884,0.7332900432900433,1.4724289298100046,1.8491306337454911,,,,
CooMed,190,0.7312554112554113,0.7312554112554113,4.801249446390036e-05,4.801249446390036e-05,0.7311976911976913,0.7286147186147186,0.7331601731601731,1.4720900794588831,1.8491498371879653,,,,
CooMed,191,0.7313852813852814,0.7313852813852814,4.713694460892957e-05,4.713694460892957e-05,0.7312121212121212,0.7287878787878788,0.7333766233766233,1.472051615700839,1.8492842713303814,,,,
CooMed,192,0.7311688311688311,0.7311688311688311,4.787533384537304e-05,4.7875333845373036e-05,0.7313333333333334,0.7286580086580087,0.7337229437229438,1.472104647113243,1.849148081415349,,,,
CooMed,193,0.7314285714285714,0.7314285714285714,4.745370696800784e-05,4.745370696800784e-05,0.7313997113997116,0.7287445887445887,0.7338095238095238,1.4720568545084642,1.8493865588109224,,,,
CooMed,194,0.7315584415584415,0.7315584415584415,4.7483307606762943e-05,4.748330760676295e-05,0.7315353535353535,0.7292207792207792,0.7337229437229438,1.471691051560283,1.8490275928353475,,,,
CooMed,195,0.7315584415584415,0.7315584415584415,4.629027240219918e-05,4.6290272402199185e-05,0.7316623376623377,0.7293073593073593,0.7338961038961039,1.4715081824140852,1.848590553723076,,,,
CooMed,196,0.7314718614718615,0.7314718614718615,4.548900720000952e-05,4.548900720000952e-05,0.7314862914862915,0.7289610389610389,0.7339393939393939,1.4713200454877202,1.8490905362628278,,,,
CooMed,197,0.7313852813852814,0.7313852813852814,4.509667524050108e-05,4.509667524050108e-05,0.7315209235209237,0.7291341991341991,0.7339393939393939,1.471160160125695,1.8486517762214951,,,,
CooMed,198,0.7313852813852814,0.7313852813852814,4.466978302385468e-05,4.466978302385468e-05,0.7314718614718615,0.7291774891774891,0.7334199134199134,1.4709946424334697,1.8488786514641489,,,,
CooMed,199,0.7311688311688311,0.7311688311688311,4.385741303604646e-05,4.385741303604647e-05,0.7315988455988458,0.7292207792207792,0.7338095238095238,1.4706866784282235,1.8486589807520737,,,,
